[0.033s] Invoking command in '/home/maria/rmf_ws/build/large_project': AMENT_PREFIX_PATH=/home/maria/rmf_ws/install/rmf_visualization:/home/maria/rmf_ws/install/rmf_robot_sim_gz_plugins:/home/maria/rmf_ws/install/rmf_visualization_schedule:/home/maria/rmf_ws/install/rmf_visualization_rviz2_plugins:/home/maria/rmf_ws/install/rmf_visualization_obstacles:/home/maria/rmf_ws/install/rmf_visualization_navgraphs:/home/maria/rmf_ws/install/rmf_visualization_floorplans:/home/maria/rmf_ws/install/rmf_visualization_fleet_states:/home/maria/rmf_ws/install/rmf_visualization_building_systems:/home/maria/rmf_ws/install/rmf_robot_sim_common:/home/maria/rmf_ws/install/rmf_building_sim_gz_plugins:${AMENT_PREFIX_PATH} CMAKE_PREFIX_PATH=/home/maria/rmf_ws/install/rmf_visualization:/home/maria/rmf_ws/install/rmf_robot_sim_gz_plugins:/home/maria/rmf_ws/install/rmf_visualization_schedule:/home/maria/rmf_ws/install/rmf_visualization_rviz2_plugins:/home/maria/rmf_ws/install/rmf_visualization_obstacles:/home/maria/rmf_ws/install/rmf_visualization_navgraphs:/home/maria/rmf_ws/install/rmf_visualization_floorplans:/home/maria/rmf_ws/install/rmf_visualization_fleet_states:/home/maria/rmf_ws/install/rmf_robot_sim_common:/home/maria/rmf_ws/install/rmf_building_sim_gz_plugins:/rmf_demos_ws/install/rmf_workcell_msgs:/rmf_demos_ws/install/rmf_demos_gz:/rmf_demos_ws/install/rmf_demos:/rmf_demos_ws/install/rmf_reservation_node:/rmf_demos_ws/install/rmf_fleet_adapter_python:/rmf_demos_ws/install/rmf_fleet_adapter:/rmf_demos_ws/install/rmf_task_ros2:/rmf_demos_ws/install/rmf_websocket:/rmf_demos_ws/install/rmf_visualization:/rmf_demos_ws/install/rmf_visualization_schedule:/rmf_demos_ws/install/rmf_visualization_rviz2_plugins:/rmf_demos_ws/install/rmf_visualization_obstacles:/rmf_demos_ws/install/rmf_visualization_navgraphs:/rmf_demos_ws/install/rmf_visualization_floorplans:/rmf_demos_ws/install/rmf_visualization_fleet_states:/rmf_demos_ws/install/rmf_visualization_msgs:/rmf_demos_ws/install/rmf_traffic_ros2:/rmf_demos_ws/install/rmf_task_sequence:/rmf_demos_ws/install/rmf_task:/rmf_demos_ws/install/rmf_battery:/rmf_demos_ws/install/rmf_traffic:/rmf_demos_ws/install/rmf_utils:/rmf_demos_ws/install/rmf_traffic_msgs:/rmf_demos_ws/install/rmf_traffic_editor_test_maps:/rmf_demos_ws/install/rmf_traffic_editor_assets:/rmf_demos_ws/install/rmf_traffic_editor:/rmf_demos_ws/install/rmf_task_msgs:/rmf_demos_ws/install/rmf_site_map_msgs:/rmf_demos_ws/install/rmf_scheduler_msgs:/rmf_demos_ws/install/rmf_robot_sim_gz_plugins:/rmf_demos_ws/install/rmf_robot_sim_common:/rmf_demos_ws/install/rmf_reservation_msgs:/rmf_demos_ws/install/rmf_obstacle_msgs:/rmf_demos_ws/install/rmf_building_sim_gz_plugins:/rmf_demos_ws/install/rmf_lift_msgs:/rmf_demos_ws/install/rmf_ingestor_msgs:/rmf_demos_ws/install/rmf_fleet_msgs:/rmf_demos_ws/install/rmf_door_msgs:/rmf_demos_ws/install/rmf_dispenser_msgs:/rmf_demos_ws/install/rmf_demos_maps:/rmf_demos_ws/install/rmf_demos_assets:/rmf_demos_ws/install/rmf_charger_msgs:/rmf_demos_ws/install/rmf_building_map_msgs:/rmf_demos_ws/install/rmf_api_msgs:/rmf_demos_ws/install/nlohmann_json_schema_validator_vendor:/rmf_demos_ws/install/rmf_demos_fleet_adapter:/rmf_demos_ws/install/rmf_visualization_building_systems:/rmf_demos_ws/install/rmf_traffic_examples:/rmf_demos_ws/install/rmf_demos_bridges:/rmf_demos_ws/install/rmf_demos_tasks:/rmf_demos_ws/install/rmf_building_map_tools:/rmf_demos_ws/install/rmf_charging_schedule:/opt/ros/jazzy:/rmf_demos_ws/install/menge_vendor:/rmf_demos_ws/install/ament_cmake_catch2:/opt/ros/jazzy/opt/gz_sim_vendor:/opt/ros/jazzy/opt/gz_sensors_vendor:/opt/ros/jazzy/opt/gz_physics_vendor:/opt/ros/jazzy/opt/sdformat_vendor:/opt/ros/jazzy/opt/gz_gui_vendor:/opt/ros/jazzy/opt/gz_transport_vendor:/opt/ros/jazzy/opt/gz_rendering_vendor:/opt/ros/jazzy/opt/gz_plugin_vendor:/opt/ros/jazzy/opt/gz_fuel_tools_vendor:/opt/ros/jazzy/opt/gz_msgs_vendor:/opt/ros/jazzy/opt/gz_common_vendor:/opt/ros/jazzy/opt/gz_math_vendor:/opt/ros/jazzy/opt/gz_utils_vendor:/opt/ros/jazzy/opt/gz_tools_vendor:/opt/ros/jazzy/opt/gz_ogre_next_vendor:/opt/ros/jazzy/opt/gz_dartsim_vendor:/opt/ros/jazzy/opt/gz_cmake_vendor LD_LIBRARY_PATH=/home/maria/rmf_ws/install/rmf_visualization_schedule/lib:/home/maria/rmf_ws/install/rmf_visualization_rviz2_plugins/lib:/home/maria/rmf_ws/install/rmf_visualization_obstacles/lib:/home/maria/rmf_ws/install/rmf_visualization_navgraphs/lib:/home/maria/rmf_ws/install/rmf_visualization_floorplans/lib:/home/maria/rmf_ws/install/rmf_visualization_fleet_states/lib:/home/maria/rmf_ws/install/rmf_robot_sim_common/lib:${LD_LIBRARY_PATH} PYTHONPATH=/home/maria/rmf_ws/build/rmf_visualization_building_systems:/home/maria/rmf_ws/install/rmf_visualization_building_systems/lib/python3.12/site-packages:${PYTHONPATH} /usr/bin/cmake /home/maria/rmf_ws/src/large_project -DAMENT_CMAKE_SYMLINK_INSTALL=1 -DCMAKE_INSTALL_PREFIX=/home/maria/rmf_ws/install/large_project
[0.092s] -- The C compiler identification is GNU 13.3.0
[0.146s] -- The CXX compiler identification is GNU 13.3.0
[0.164s] -- Detecting C compiler ABI info
[0.266s] -- Detecting C compiler ABI info - done
[0.276s] -- Check for working C compiler: /usr/bin/cc - skipped
[0.276s] -- Detecting C compile features
[0.276s] -- Detecting C compile features - done
[0.288s] -- Detecting CXX compiler ABI info
[0.408s] -- Detecting CXX compiler ABI info - done
[0.418s] -- Check for working CXX compiler: /usr/bin/c++ - skipped
[0.419s] -- Detecting CXX compile features
[0.419s] -- Detecting CXX compile features - done
[0.428s] -- Found ament_cmake: 2.5.5 (/opt/ros/jazzy/share/ament_cmake/cmake)
[0.657s] -- Found Python3: /usr/bin/python3 (found version "3.12.3") found components: Interpreter 
[0.760s] -- Override CMake install command with custom implementation using symlinks instead of copying resources
[1.044s] -- Configuring done (1.0s)
[1.047s] -- Generating done (0.0s)
[1.048s] -- Build files have been written to: /home/maria/rmf_ws/build/large_project
[1.052s] Invoked command in '/home/maria/rmf_ws/build/large_project' returned '0': AMENT_PREFIX_PATH=/home/maria/rmf_ws/install/rmf_visualization:/home/maria/rmf_ws/install/rmf_robot_sim_gz_plugins:/home/maria/rmf_ws/install/rmf_visualization_schedule:/home/maria/rmf_ws/install/rmf_visualization_rviz2_plugins:/home/maria/rmf_ws/install/rmf_visualization_obstacles:/home/maria/rmf_ws/install/rmf_visualization_navgraphs:/home/maria/rmf_ws/install/rmf_visualization_floorplans:/home/maria/rmf_ws/install/rmf_visualization_fleet_states:/home/maria/rmf_ws/install/rmf_visualization_building_systems:/home/maria/rmf_ws/install/rmf_robot_sim_common:/home/maria/rmf_ws/install/rmf_building_sim_gz_plugins:${AMENT_PREFIX_PATH} CMAKE_PREFIX_PATH=/home/maria/rmf_ws/install/rmf_visualization:/home/maria/rmf_ws/install/rmf_robot_sim_gz_plugins:/home/maria/rmf_ws/install/rmf_visualization_schedule:/home/maria/rmf_ws/install/rmf_visualization_rviz2_plugins:/home/maria/rmf_ws/install/rmf_visualization_obstacles:/home/maria/rmf_ws/install/rmf_visualization_navgraphs:/home/maria/rmf_ws/install/rmf_visualization_floorplans:/home/maria/rmf_ws/install/rmf_visualization_fleet_states:/home/maria/rmf_ws/install/rmf_robot_sim_common:/home/maria/rmf_ws/install/rmf_building_sim_gz_plugins:/rmf_demos_ws/install/rmf_workcell_msgs:/rmf_demos_ws/install/rmf_demos_gz:/rmf_demos_ws/install/rmf_demos:/rmf_demos_ws/install/rmf_reservation_node:/rmf_demos_ws/install/rmf_fleet_adapter_python:/rmf_demos_ws/install/rmf_fleet_adapter:/rmf_demos_ws/install/rmf_task_ros2:/rmf_demos_ws/install/rmf_websocket:/rmf_demos_ws/install/rmf_visualization:/rmf_demos_ws/install/rmf_visualization_schedule:/rmf_demos_ws/install/rmf_visualization_rviz2_plugins:/rmf_demos_ws/install/rmf_visualization_obstacles:/rmf_demos_ws/install/rmf_visualization_navgraphs:/rmf_demos_ws/install/rmf_visualization_floorplans:/rmf_demos_ws/install/rmf_visualization_fleet_states:/rmf_demos_ws/install/rmf_visualization_msgs:/rmf_demos_ws/install/rmf_traffic_ros2:/rmf_demos_ws/install/rmf_task_sequence:/rmf_demos_ws/install/rmf_task:/rmf_demos_ws/install/rmf_battery:/rmf_demos_ws/install/rmf_traffic:/rmf_demos_ws/install/rmf_utils:/rmf_demos_ws/install/rmf_traffic_msgs:/rmf_demos_ws/install/rmf_traffic_editor_test_maps:/rmf_demos_ws/install/rmf_traffic_editor_assets:/rmf_demos_ws/install/rmf_traffic_editor:/rmf_demos_ws/install/rmf_task_msgs:/rmf_demos_ws/install/rmf_site_map_msgs:/rmf_demos_ws/install/rmf_scheduler_msgs:/rmf_demos_ws/install/rmf_robot_sim_gz_plugins:/rmf_demos_ws/install/rmf_robot_sim_common:/rmf_demos_ws/install/rmf_reservation_msgs:/rmf_demos_ws/install/rmf_obstacle_msgs:/rmf_demos_ws/install/rmf_building_sim_gz_plugins:/rmf_demos_ws/install/rmf_lift_msgs:/rmf_demos_ws/install/rmf_ingestor_msgs:/rmf_demos_ws/install/rmf_fleet_msgs:/rmf_demos_ws/install/rmf_door_msgs:/rmf_demos_ws/install/rmf_dispenser_msgs:/rmf_demos_ws/install/rmf_demos_maps:/rmf_demos_ws/install/rmf_demos_assets:/rmf_demos_ws/install/rmf_charger_msgs:/rmf_demos_ws/install/rmf_building_map_msgs:/rmf_demos_ws/install/rmf_api_msgs:/rmf_demos_ws/install/nlohmann_json_schema_validator_vendor:/rmf_demos_ws/install/rmf_demos_fleet_adapter:/rmf_demos_ws/install/rmf_visualization_building_systems:/rmf_demos_ws/install/rmf_traffic_examples:/rmf_demos_ws/install/rmf_demos_bridges:/rmf_demos_ws/install/rmf_demos_tasks:/rmf_demos_ws/install/rmf_building_map_tools:/rmf_demos_ws/install/rmf_charging_schedule:/opt/ros/jazzy:/rmf_demos_ws/install/menge_vendor:/rmf_demos_ws/install/ament_cmake_catch2:/opt/ros/jazzy/opt/gz_sim_vendor:/opt/ros/jazzy/opt/gz_sensors_vendor:/opt/ros/jazzy/opt/gz_physics_vendor:/opt/ros/jazzy/opt/sdformat_vendor:/opt/ros/jazzy/opt/gz_gui_vendor:/opt/ros/jazzy/opt/gz_transport_vendor:/opt/ros/jazzy/opt/gz_rendering_vendor:/opt/ros/jazzy/opt/gz_plugin_vendor:/opt/ros/jazzy/opt/gz_fuel_tools_vendor:/opt/ros/jazzy/opt/gz_msgs_vendor:/opt/ros/jazzy/opt/gz_common_vendor:/opt/ros/jazzy/opt/gz_math_vendor:/opt/ros/jazzy/opt/gz_utils_vendor:/opt/ros/jazzy/opt/gz_tools_vendor:/opt/ros/jazzy/opt/gz_ogre_next_vendor:/opt/ros/jazzy/opt/gz_dartsim_vendor:/opt/ros/jazzy/opt/gz_cmake_vendor LD_LIBRARY_PATH=/home/maria/rmf_ws/install/rmf_visualization_schedule/lib:/home/maria/rmf_ws/install/rmf_visualization_rviz2_plugins/lib:/home/maria/rmf_ws/install/rmf_visualization_obstacles/lib:/home/maria/rmf_ws/install/rmf_visualization_navgraphs/lib:/home/maria/rmf_ws/install/rmf_visualization_floorplans/lib:/home/maria/rmf_ws/install/rmf_visualization_fleet_states/lib:/home/maria/rmf_ws/install/rmf_robot_sim_common/lib:${LD_LIBRARY_PATH} PYTHONPATH=/home/maria/rmf_ws/build/rmf_visualization_building_systems:/home/maria/rmf_ws/install/rmf_visualization_building_systems/lib/python3.12/site-packages:${PYTHONPATH} /usr/bin/cmake /home/maria/rmf_ws/src/large_project -DAMENT_CMAKE_SYMLINK_INSTALL=1 -DCMAKE_INSTALL_PREFIX=/home/maria/rmf_ws/install/large_project
[1.053s] Invoking command in '/home/maria/rmf_ws/build/large_project': AMENT_PREFIX_PATH=/home/maria/rmf_ws/install/rmf_visualization:/home/maria/rmf_ws/install/rmf_robot_sim_gz_plugins:/home/maria/rmf_ws/install/rmf_visualization_schedule:/home/maria/rmf_ws/install/rmf_visualization_rviz2_plugins:/home/maria/rmf_ws/install/rmf_visualization_obstacles:/home/maria/rmf_ws/install/rmf_visualization_navgraphs:/home/maria/rmf_ws/install/rmf_visualization_floorplans:/home/maria/rmf_ws/install/rmf_visualization_fleet_states:/home/maria/rmf_ws/install/rmf_visualization_building_systems:/home/maria/rmf_ws/install/rmf_robot_sim_common:/home/maria/rmf_ws/install/rmf_building_sim_gz_plugins:${AMENT_PREFIX_PATH} CMAKE_PREFIX_PATH=/home/maria/rmf_ws/install/rmf_visualization:/home/maria/rmf_ws/install/rmf_robot_sim_gz_plugins:/home/maria/rmf_ws/install/rmf_visualization_schedule:/home/maria/rmf_ws/install/rmf_visualization_rviz2_plugins:/home/maria/rmf_ws/install/rmf_visualization_obstacles:/home/maria/rmf_ws/install/rmf_visualization_navgraphs:/home/maria/rmf_ws/install/rmf_visualization_floorplans:/home/maria/rmf_ws/install/rmf_visualization_fleet_states:/home/maria/rmf_ws/install/rmf_robot_sim_common:/home/maria/rmf_ws/install/rmf_building_sim_gz_plugins:/rmf_demos_ws/install/rmf_workcell_msgs:/rmf_demos_ws/install/rmf_demos_gz:/rmf_demos_ws/install/rmf_demos:/rmf_demos_ws/install/rmf_reservation_node:/rmf_demos_ws/install/rmf_fleet_adapter_python:/rmf_demos_ws/install/rmf_fleet_adapter:/rmf_demos_ws/install/rmf_task_ros2:/rmf_demos_ws/install/rmf_websocket:/rmf_demos_ws/install/rmf_visualization:/rmf_demos_ws/install/rmf_visualization_schedule:/rmf_demos_ws/install/rmf_visualization_rviz2_plugins:/rmf_demos_ws/install/rmf_visualization_obstacles:/rmf_demos_ws/install/rmf_visualization_navgraphs:/rmf_demos_ws/install/rmf_visualization_floorplans:/rmf_demos_ws/install/rmf_visualization_fleet_states:/rmf_demos_ws/install/rmf_visualization_msgs:/rmf_demos_ws/install/rmf_traffic_ros2:/rmf_demos_ws/install/rmf_task_sequence:/rmf_demos_ws/install/rmf_task:/rmf_demos_ws/install/rmf_battery:/rmf_demos_ws/install/rmf_traffic:/rmf_demos_ws/install/rmf_utils:/rmf_demos_ws/install/rmf_traffic_msgs:/rmf_demos_ws/install/rmf_traffic_editor_test_maps:/rmf_demos_ws/install/rmf_traffic_editor_assets:/rmf_demos_ws/install/rmf_traffic_editor:/rmf_demos_ws/install/rmf_task_msgs:/rmf_demos_ws/install/rmf_site_map_msgs:/rmf_demos_ws/install/rmf_scheduler_msgs:/rmf_demos_ws/install/rmf_robot_sim_gz_plugins:/rmf_demos_ws/install/rmf_robot_sim_common:/rmf_demos_ws/install/rmf_reservation_msgs:/rmf_demos_ws/install/rmf_obstacle_msgs:/rmf_demos_ws/install/rmf_building_sim_gz_plugins:/rmf_demos_ws/install/rmf_lift_msgs:/rmf_demos_ws/install/rmf_ingestor_msgs:/rmf_demos_ws/install/rmf_fleet_msgs:/rmf_demos_ws/install/rmf_door_msgs:/rmf_demos_ws/install/rmf_dispenser_msgs:/rmf_demos_ws/install/rmf_demos_maps:/rmf_demos_ws/install/rmf_demos_assets:/rmf_demos_ws/install/rmf_charger_msgs:/rmf_demos_ws/install/rmf_building_map_msgs:/rmf_demos_ws/install/rmf_api_msgs:/rmf_demos_ws/install/nlohmann_json_schema_validator_vendor:/rmf_demos_ws/install/rmf_demos_fleet_adapter:/rmf_demos_ws/install/rmf_visualization_building_systems:/rmf_demos_ws/install/rmf_traffic_examples:/rmf_demos_ws/install/rmf_demos_bridges:/rmf_demos_ws/install/rmf_demos_tasks:/rmf_demos_ws/install/rmf_building_map_tools:/rmf_demos_ws/install/rmf_charging_schedule:/opt/ros/jazzy:/rmf_demos_ws/install/menge_vendor:/rmf_demos_ws/install/ament_cmake_catch2:/opt/ros/jazzy/opt/gz_sim_vendor:/opt/ros/jazzy/opt/gz_sensors_vendor:/opt/ros/jazzy/opt/gz_physics_vendor:/opt/ros/jazzy/opt/sdformat_vendor:/opt/ros/jazzy/opt/gz_gui_vendor:/opt/ros/jazzy/opt/gz_transport_vendor:/opt/ros/jazzy/opt/gz_rendering_vendor:/opt/ros/jazzy/opt/gz_plugin_vendor:/opt/ros/jazzy/opt/gz_fuel_tools_vendor:/opt/ros/jazzy/opt/gz_msgs_vendor:/opt/ros/jazzy/opt/gz_common_vendor:/opt/ros/jazzy/opt/gz_math_vendor:/opt/ros/jazzy/opt/gz_utils_vendor:/opt/ros/jazzy/opt/gz_tools_vendor:/opt/ros/jazzy/opt/gz_ogre_next_vendor:/opt/ros/jazzy/opt/gz_dartsim_vendor:/opt/ros/jazzy/opt/gz_cmake_vendor LD_LIBRARY_PATH=/home/maria/rmf_ws/install/rmf_visualization_schedule/lib:/home/maria/rmf_ws/install/rmf_visualization_rviz2_plugins/lib:/home/maria/rmf_ws/install/rmf_visualization_obstacles/lib:/home/maria/rmf_ws/install/rmf_visualization_navgraphs/lib:/home/maria/rmf_ws/install/rmf_visualization_floorplans/lib:/home/maria/rmf_ws/install/rmf_visualization_fleet_states/lib:/home/maria/rmf_ws/install/rmf_robot_sim_common/lib:${LD_LIBRARY_PATH} PYTHONPATH=/home/maria/rmf_ws/build/rmf_visualization_building_systems:/home/maria/rmf_ws/install/rmf_visualization_building_systems/lib/python3.12/site-packages:${PYTHONPATH} /usr/bin/cmake --build /home/maria/rmf_ws/build/large_project -- -j8 -l8
[1.121s] [100%] [34m[1mGenerating maps/estce/estce.world[0m
[1.121s] [100%] [34m[1mGenerating maps/estce/nav_graphs/.generated[0m
[1.617s] generating /home/maria/rmf_ws/build/large_project/maps/estce/estce.world from /home/maria/rmf_ws/src/large_project/maps/estce/estce.building.yaml
[1.968s] building name: estce
[1.968s] coordinate system: reference_image
[1.968s] parsing level L1
[1.969s] building name: estce
[1.969s] coordinate system: reference_image
[1.969s] parsing level L1
[1.971s] parsing level L2
[1.972s] parsing level L2
[1.973s] calculating levels relative to L1
[1.973s] level L1 scale: 0.022444889534645907
[1.974s] calculating level L2 offset and scale...
[1.974s]   3 common fiducials:
[1.974s] Transform.set_from_fiducials()
[1.974s]   3 fiducial pairs:
[1.974s]     (3963.9, -2197.6) -> (3837.1, -2354.5)   c3
[1.974s]     (2516.2, -2123.7) -> (2388.7, -2279.7)   c4
[1.974s]     (2369.6, -2222.5) -> (2242.3, -2378.6)   c1
[1.974s]     calc dist c3 <=> c4
[1.974s]     calc dist c3 <=> c1
[1.974s]     calc dist c4 <=> c1
[1.975s] Bearings:
[1.975s] [(3.090626667763035, 3.090030514435309), (-3.1259350542154625, -3.1264943407908756), (-2.5484125455389486, -2.5477943015529716)]
[1.975s]   -0.0005961533277258901
[1.975s]   -0.0005592865754131537
[1.975s]   0.000618243985976985
[1.975s]   Circular mean: 0.00017906532679433574
[1.975s] Distances:
[1.975s] [(1449.6723774715445, 1450.2914846695473), (1594.5624578062157, 1594.9407871394474), (176.77616935831585, 176.63032569182434)]
[1.975s] mean relative scale: 0.999946436772245
[1.976s] translation: (2.8426, 3.5003)
[1.976s] calculating levels relative to L1
[1.976s] level L1 scale: 0.022444889534645907
[1.976s] calculating level L2 offset and scale...
[1.976s]   3 common fiducials:
[1.976s] Transform.set_from_fiducials()
[1.976s]   3 fiducial pairs:
[1.976s]     (3963.9, -2197.6) -> (3837.1, -2354.5)   c3
[1.976s]     (2516.2, -2123.7) -> (2388.7, -2279.7)   c4
[1.977s]     (2369.6, -2222.5) -> (2242.3, -2378.6)   c1
[1.977s]     calc dist c3 <=> c4
[1.977s]     calc dist c3 <=> c1
[1.977s]     calc dist c4 <=> c1
[1.977s] Bearings:
[1.977s] [(3.090626667763035, 3.090030514435309), (-3.1259350542154625, -3.1264943407908756), (-2.5484125455389486, -2.5477943015529716)]
[1.977s]   -0.0005961533277258901
[1.977s]   -0.0005592865754131537
[1.977s]   0.000618243985976985
[1.978s]   Circular mean: 0.00017906532679433574
[1.978s] Distances:
[1.978s] [(1449.6723774715445, 1450.2914846695473), (1594.5624578062157, 1594.9407871394474), (176.77616935831585, 176.63032569182434)]
[1.978s] mean relative scale: 0.999946436772245
[1.978s] translation: (2.8426, 3.5003)
[1.995s] generating nav data
[1.996s] hooray, we found an intersection: t=0.357, u=0.47
[1.997s]   (4023.816,-2090.053),(4199.113,-2095.966) and (4086.446,-2062.291),(4086.446,-2125.903)
[1.997s] found intersection with door null!
[1.999s] writing /home/maria/rmf_ws/build/large_project/maps/estce/nav_graphs/0.yaml
[1.999s] generating model of level L1 in /home/maria/rmf_ws/build/large_project/maps/estce/models/estce_L1
[1.999s]   wrote /home/maria/rmf_ws/build/large_project/maps/estce/models/estce_L1/model.config
[1.999s] generating floor polygon 1 on floor estce_L1
[2.000s] hole vertices: []
[2.000s] lift vertices: {}
[2.009s] writing /home/maria/rmf_ws/build/large_project/maps/estce/nav_graphs/1.yaml
[2.019s] writing /home/maria/rmf_ws/build/large_project/maps/estce/nav_graphs/2.yaml
[2.107s] [100%] Built target generate_estce_nav_graphs
[2.506s] [[95, 96, 94], [93, 94, 92], [50, 51, 49], [49, 51, 48], [47, 48, 46], [45, 46, 44], [42, 43, 40], [42, 40, 41], [100, 101, 35], [100, 35, 36], [101, 34, 35], [4, 5, 3], [1, 2, 0], [0, 2, 99], [98, 99, 96], [98, 96, 97], [96, 99, 6], [96, 6, 89], [96, 89, 91], [96, 91, 94], [94, 91, 92], [91, 102, 90], [52, 103, 51], [51, 103, 53], [51, 53, 48], [48, 53, 46], [46, 53, 33], [46, 33, 43], [46, 43, 44], [33, 104, 43], [104, 105, 43], [105, 106, 43], [43, 106, 40], [106, 107, 40], [40, 107, 39], [38, 39, 37], [37, 39, 36], [108, 100, 36], [108, 36, 39], [107, 108, 39], [21, 22, 23], [21, 23, 20], [109, 20, 23], [13, 14, 12], [5, 6, 3], [3, 6, 99], [3, 99, 2], [6, 7, 8], [6, 8, 89], [89, 8, 88], [91, 89, 102], [87, 88, 85], [87, 85, 86], [79, 80, 78], [76, 77, 75], [75, 77, 70], [75, 70, 72], [75, 72, 73], [75, 73, 74], [72, 70, 71], [67, 68, 66], [59, 60, 58], [53, 54, 33], [33, 54, 55], [55, 110, 33], [25, 26, 24], [111, 112, 24], [24, 112, 23], [112, 113, 23], [113, 114, 23], [114, 115, 23], [115, 109, 23], [14, 15, 27], [14, 27, 11], [14, 11, 12], [8, 9, 85], [8, 85, 88], [85, 9, 84], [80, 81, 11], [80, 11, 66], [80, 66, 78], [78, 66, 68], [78, 68, 70], [78, 70, 77], [70, 68, 69], [66, 11, 28], [66, 28, 65], [60, 61, 58], [58, 61, 30], [58, 30, 31], [58, 31, 57], [57, 31, 56], [56, 31, 55], [55, 31, 116], [55, 116, 110], [31, 32, 116], [117, 24, 26], [19, 24, 117], [19, 117, 118], [19, 111, 24], [119, 18, 19], [119, 19, 120], [121, 17, 18], [121, 18, 119], [27, 17, 121], [17, 27, 16], [16, 27, 15], [27, 28, 11], [28, 29, 30], [28, 30, 63], [28, 63, 64], [28, 64, 65], [63, 30, 62], [62, 30, 61], [120, 19, 118], [11, 81, 82], [11, 82, 83], [11, 83, 9], [11, 9, 10], [9, 83, 84]]
[2.511s]   wrote /home/maria/rmf_ws/build/large_project/maps/estce/models/estce_L1/meshes/floor_1.obj
[2.511s]   wrote /home/maria/rmf_ws/build/large_project/maps/estce/models/estce_L1/meshes/blue_linoleum.png
[2.511s]   wrote /home/maria/rmf_ws/build/large_project/maps/estce/models/estce_L1/meshes/floor_1.mtl
[2.512s] Walls Generation, wall params list: [{'alpha': <building_map.param_value.ParamValue object at 0x7a72e2604fe0>, 'texture_height': <building_map.param_value.ParamValue object at 0x7a72e2605010>, 'texture_name': <building_map.param_value.ParamValue object at 0x7a72e2605070>, 'texture_scale': <building_map.param_value.ParamValue object at 0x7a72e2605040>, 'texture_width': <building_map.param_value.ParamValue object at 0x7a72e26050a0>}]
[2.512s] generating wall: 1 on floor: estce_L1
[2.513s]   wrote /home/maria/rmf_ws/build/large_project/maps/estce/models/estce_L1/meshes/default.png
[2.513s] generate_wall_visual_mesh(estce_L1, /home/maria/rmf_ws/build/large_project/maps/estce/models/estce_L1)
[2.513s]   generating /home/maria/rmf_ws/build/large_project/maps/estce/models/estce_L1/meshes/wall_1.obj
[2.541s]   generating /home/maria/rmf_ws/build/large_project/maps/estce/models/estce_L1/meshes/wall_1.mtl
[2.541s]   wrote /home/maria/rmf_ws/build/large_project/maps/estce/models/estce_L1/model.sdf
[2.541s] generating model of level L2 in /home/maria/rmf_ws/build/large_project/maps/estce/models/estce_L2
[2.541s]   wrote /home/maria/rmf_ws/build/large_project/maps/estce/models/estce_L2/model.config
[2.541s] generating floor polygon 1 on floor estce_L2
[2.542s] hole vertices: [[(32.038756741414744, -42.76915216128614), (31.11673500280745, -42.874342528720355), (29.881747866515727, -43.35818717420026), (29.14116076436808, -43.85547828335986), (28.446281434405638, -44.52016416331792), (28.18828671567239, -44.89993090262992), (27.902443415164427, -45.318893505603), (27.659816875330964, -45.78271810821972), (27.49702381768832, -46.33130730559018), (27.35746824671091, -46.786830843755695), (27.30272430051249, -47.42516261590286), (27.306182355823804, -48.18484998650477), (27.520795314795677, -49.22045180384088), (27.979793576379052, -50.21277868670446), (28.568030152623294, -51.04466020665891), (29.157538206306413, -51.581442725050174), (29.951253484935357, -52.077336789240654), (30.593241501695815, -52.36899858368847), (31.36939239777892, -52.54975265884881), (32.27394380183291, -52.65463839645499), (33.114261763506796, -52.54944021324229), (33.86116482227765, -52.35090546002476), (34.61973930420733, -52.0239769695925), (35.255761762454966, -51.592022712577965), (35.88589653422498, -50.99668440486839), (36.387631298646134, -50.35465877132251), (36.807655483657385, -49.54928511042502), (37.08176230477987, -48.64470340474208), (37.13997793752946, -47.839372085119734), (37.098954679464335, -46.88234539869987), (36.877069716975065, -46.100408171249505), (36.53846716893895, -45.330163811805384), (36.03646125516407, -44.58329264810546), (35.48198214906801, -43.99400244763602), (34.85166137537696, -43.55060298085515), (34.01124518964044, -43.10726358097049), (33.00747106670977, -42.81564412377851)], [(110.09102272666154, -42.75955269459609), (111.44045567773574, -42.7390871288873), (112.83541074658372, -43.10273338721559), (113.86148077122128, -43.68376876454881), (114.89267627942866, -44.68427579473863), (115.61563246114594, -45.881937155334136), (115.88875829247449, -47.14540122285116), (115.82331198059556, -48.560526823481574), (115.34848752224677, -49.9403731343614), (114.49963822914278, -51.1635902506152), (113.35253107123509, -52.0431886571492), (111.88190966988071, -52.553898576710914), (110.27473277632299, -52.59968459521777), (108.93534156104337, -52.16527830477956), (107.77784496651485, -51.43264310871486), (106.82750824825862, -50.3512707754882), (106.22077593676646, -49.01711636277498), (106.03352686402847, -47.61718712334794), (106.22531950767716, -46.18686534015669), (106.83411373287781, -44.99652984230133), (107.61732055938776, -44.09300172515975), (108.54587957595648, -43.39157464055808)]]
[2.542s] lift vertices: {}
[3.155s] [[5, 6, 4], [3, 4, 2], [54, 55, 53], [52, 53, 51], [50, 51, 49], [47, 48, 45], [47, 45, 46], [29, 30, 31], [29, 31, 26], [29, 26, 28], [28, 26, 27], [10, 11, 12], [10, 12, 9], [8, 9, 7], [7, 9, 6], [6, 9, 89], [6, 89, 90], [6, 90, 91], [6, 91, 92], [6, 92, 93], [6, 93, 94], [6, 94, 95], [6, 95, 96], [6, 96, 97], [6, 97, 98], [6, 98, 4], [4, 98, 99], [4, 99, 1], [4, 1, 2], [55, 56, 53], [53, 56, 100], [53, 100, 51], [51, 100, 101], [51, 101, 102], [51, 102, 103], [51, 103, 104], [51, 104, 105], [51, 105, 48], [51, 48, 49], [48, 105, 106], [48, 106, 107], [48, 107, 108], [48, 108, 109], [48, 109, 110], [48, 110, 45], [45, 110, 111], [45, 111, 44], [43, 44, 42], [42, 44, 41], [35, 36, 34], [31, 32, 25], [31, 25, 26], [22, 23, 21], [15, 16, 13], [15, 13, 14], [12, 13, 112], [12, 112, 113], [12, 113, 114], [12, 114, 9], [9, 114, 115], [9, 115, 116], [9, 116, 117], [9, 117, 118], [9, 118, 119], [9, 119, 120], [9, 120, 89], [99, 121, 1], [1, 121, 122], [122, 121, 123], [122, 0, 1], [124, 56, 57], [124, 125, 56], [126, 125, 124], [56, 125, 100], [111, 127, 44], [44, 127, 41], [41, 127, 128], [41, 128, 129], [41, 129, 130], [41, 130, 131], [41, 131, 58], [41, 58, 39], [41, 39, 40], [37, 38, 36], [36, 38, 66], [36, 66, 67], [36, 67, 79], [36, 79, 21], [36, 21, 34], [34, 21, 23], [34, 23, 32], [34, 32, 33], [32, 23, 25], [25, 23, 24], [21, 79, 80], [21, 80, 19], [21, 19, 20], [17, 18, 16], [16, 18, 88], [16, 88, 132], [16, 132, 133], [16, 133, 134], [16, 134, 135], [16, 135, 136], [16, 136, 137], [16, 137, 138], [16, 138, 139], [16, 139, 140], [16, 140, 13], [13, 140, 141], [13, 141, 112], [142, 143, 88], [142, 88, 144], [144, 88, 145], [121, 144, 123], [123, 144, 145], [84, 85, 86], [84, 86, 81], [84, 81, 83], [78, 79, 77], [74, 75, 77], [74, 77, 73], [73, 77, 72], [72, 77, 69], [72, 69, 71], [71, 69, 70], [68, 69, 67], [62, 63, 60], [62, 60, 61], [126, 58, 125], [125, 58, 146], [146, 58, 147], [147, 58, 148], [131, 149, 58], [58, 149, 148], [58, 59, 39], [39, 59, 38], [38, 59, 66], [66, 59, 65], [63, 64, 65], [63, 65, 60], [60, 65, 59], [67, 69, 77], [67, 77, 79], [77, 75, 76], [80, 81, 86], [80, 86, 87], [80, 87, 19], [19, 87, 18], [18, 87, 88], [81, 82, 83], [88, 143, 150], [88, 150, 151], [88, 151, 152], [88, 152, 132]]
[3.160s]   wrote /home/maria/rmf_ws/build/large_project/maps/estce/models/estce_L2/meshes/floor_1.obj
[3.161s]   wrote /home/maria/rmf_ws/build/large_project/maps/estce/models/estce_L2/meshes/blue_linoleum.png
[3.161s]   wrote /home/maria/rmf_ws/build/large_project/maps/estce/models/estce_L2/meshes/floor_1.mtl
[3.161s] Walls Generation, wall params list: [{'alpha': <building_map.param_value.ParamValue object at 0x7a72e25a67b0>, 'texture_height': <building_map.param_value.ParamValue object at 0x7a72e25a6810>, 'texture_name': <building_map.param_value.ParamValue object at 0x7a72e25a67e0>, 'texture_scale': <building_map.param_value.ParamValue object at 0x7a72e25a6840>, 'texture_width': <building_map.param_value.ParamValue object at 0x7a72e25a6870>}]
[3.162s] generating wall: 1 on floor: estce_L2
[3.162s]   wrote /home/maria/rmf_ws/build/large_project/maps/estce/models/estce_L2/meshes/default.png
[3.162s] generate_wall_visual_mesh(estce_L2, /home/maria/rmf_ws/build/large_project/maps/estce/models/estce_L2)
[3.162s]   generating /home/maria/rmf_ws/build/large_project/maps/estce/models/estce_L2/meshes/wall_1.obj
[3.186s]   generating /home/maria/rmf_ws/build/large_project/maps/estce/models/estce_L2/meshes/wall_1.mtl
[3.186s]   wrote /home/maria/rmf_ws/build/large_project/maps/estce/models/estce_L2/model.sdf
[3.205s] spawning robot name tinyRobot1 of type TinyRobot
[3.205s] spawning robot name CleanerBotA1 of type CleanerBotA
[3.205s] spawning robot name deliveryRobot_1 of type DeliveryRobot
[3.205s] generate door name=TD1013AL2 type=double_hinged
[3.206s] Door(TD1013AL2)
[3.206s] generate door name=TD1012AL type=double_hinged
[3.206s] Door(TD1012AL)
[3.206s] generate door name=TD1011AL type=double_hinged
[3.206s] Door(TD1011AL)
[3.206s] generate door name=TD1010AL2 type=double_hinged
[3.206s] Door(TD1010AL2)
[3.206s] generate door name=TN4 type=hinged
[3.206s] Door(TN4)
[3.206s] generate door name=TN3 type=hinged
[3.207s] Door(TN3)
[3.207s] generate door name=TD1013AL1 type=hinged
[3.207s] Door(TD1013AL1)
[3.207s] generate door name=TD1020CA type=hinged
[3.207s] Door(TD1020CA)
[3.207s] generate door name=TD1009CA type=hinged
[3.207s] Door(TD1009CA)
[3.207s] generate door name=TD1010AL1 type=hinged
[3.207s] Door(TD1010AL1)
[3.207s] generate door name=TD1008AL type=double_hinged
[3.207s] Door(TD1008AL)
[3.208s] generate door name=TD1014AL type=double_hinged
[3.208s] Door(TD1014AL)
[3.208s] generate door name=TN1 type=hinged
[3.208s] Door(TN1)
[3.208s] generate door name=TD1002CP type=double_hinged
[3.208s] Door(TD1002CP)
[3.208s] generate door name=TN2 type=hinged
[3.208s] Door(TN2)
[3.208s] generate door name=TD1005CP1 type=double_hinged
[3.208s] Door(TD1005CP1)
[3.209s] generate door name=TD1004CA type=hinged
[3.209s] Door(TD1004CA)
[3.209s] generate door name=TD1003CI type=hinged
[3.209s] Door(TD1003CI)
[3.209s] generate door name=TD1023CP1 type=double_hinged
[3.209s] Door(TD1023CP1)
[3.209s] generate door name=TD1023CP2 type=double_hinged
[3.209s] Door(TD1023CP2)
[3.209s] generate door name=TD1018AA type=double_hinged
[3.209s] Door(TD1018AA)
[3.210s] generate door name=TD1015AA type=double_hinged
[3.210s] Door(TD1015AA)
[3.210s] generate door name=TD1016AA type=double_hinged
[3.210s] Door(TD1016AA)
[3.210s] generate door name=TD1017AA type=double_hinged
[3.210s] Door(TD1017AA)
[3.210s] generate door name=TD1022AA type=double_hinged
[3.210s] Door(TD1022AA)
[3.210s] generate door name=TD1019AA type=double_hinged
[3.210s] Door(TD1019AA)
[3.210s] generate door name=TD1007AA type=double_hinged
[3.211s] Door(TD1007AA)
[3.211s] generate door name=TD1021AA type=double_hinged
[3.211s] Door(TD1021AA)
[3.211s] generate door name=em2 type=hinged
[3.211s] Door(em2)
[3.211s] generate door name=em1 type=hinged
[3.211s] Door(em1)
[3.211s] generate door name=bano01 type=hinged
[3.211s] Door(bano01)
[3.211s] generate door name=bano02 type=hinged
[3.212s] Door(bano02)
[3.212s] generate door name=bano03 type=hinged
[3.212s] Door(bano03)
[3.212s] generate door name=bano04 type=hinged
[3.212s] Door(bano04)
[3.212s] generate door name=bano05 type=hinged
[3.212s] Door(bano05)
[3.212s] generate door name=bano06 type=hinged
[3.212s] Door(bano06)
[3.212s] generate door name=TD0008CW type=hinged
[3.212s] Door(TD0008CW)
[3.213s] generate door name=TD0007CW type=hinged
[3.213s] Door(TD0007CW)
[3.213s] generate door name=TD1001CP3 type=double_hinged
[3.213s] Door(TD1001CP3)
[3.213s] generate door name=TD1001CP2 type=double_hinged
[3.213s] Door(TD1001CP2)
[3.213s] generate door name=TD0013CP1 type=double_hinged
[3.213s] Door(TD0013CP1)
[3.213s] generate door name=TD0013CP2 type=double_hinged
[3.213s] Door(TD0013CP2)
[3.213s] generate door name=bano07 type=hinged
[3.214s] Door(bano07)
[3.214s] generate door name=bano08 type=hinged
[3.214s] Door(bano08)
[3.214s] generate door name=bano09 type=hinged
[3.214s] Door(bano09)
[3.214s] generate door name=bano010 type=hinged
[3.214s] Door(bano010)
[3.214s] generate door name=TD0001EC1 type=double_hinged
[3.214s] Door(TD0001EC1)
[3.214s] generate door name=TD0005AO type=hinged
[3.214s] Door(TD0005AO)
[3.215s] generate door name=TD0006ET type=hinged
[3.215s] Door(TD0006ET)
[3.215s] generate door name=TD0004SD type=hinged
[3.215s] Door(TD0004SD)
[3.215s] generate door name=TD0003SC type=hinged
[3.215s] Door(TD0003SC)
[3.215s] generate door name=TD0001EC2 type=double_hinged
[3.215s] Door(TD0001EC2)
[3.215s] generate door name=cancan6 type=hinged
[3.215s] Door(cancan6)
[3.215s] generate door name=cancan5 type=hinged
[3.215s] Door(cancan5)
[3.216s] generate door name=bancan4 type=hinged
[3.216s] Door(bancan4)
[3.216s] generate door name=cancan3 type=hinged
[3.216s] Door(cancan3)
[3.216s] generate door name=bancan1 type=hinged
[3.216s] Door(bancan1)
[3.216s] generate door name=cancan2 type=hinged
[3.216s] Door(cancan2)
[3.216s] generate door name=can7 type=hinged
[3.216s] Door(can7)
[3.216s] generate door name=can8 type=hinged
[3.217s] Door(can8)
[3.217s] generate door name=can6 type=hinged
[3.217s] Door(can6)
[3.217s] generate door name=can2 type=hinged
[3.217s] Door(can2)
[3.217s] generate door name=can1 type=hinged
[3.217s] Door(can1)
[3.217s] generate door name=can3 type=hinged
[3.217s] Door(can3)
[3.217s] generate door name=can4 type=double_hinged
[3.217s] Door(can4)
[3.218s] generate door name=can5 type=hinged
[3.218s] Door(can5)
[3.218s] generate door name=bano012 type=hinged
[3.218s] Door(bano012)
[3.218s] generate door name=bano013 type=hinged
[3.218s] Door(bano013)
[3.218s] generate door name=bano014 type=hinged
[3.218s] Door(bano014)
[3.218s] generate door name=bano011 type=hinged
[3.218s] Door(bano011)
[3.218s] generate door name=TD0009CW type=hinged
[3.218s] Door(TD0009CW)
[3.219s] generate door name=bano015 type=hinged
[3.219s] Door(bano015)
[3.219s] generate door name=bano016 type=hinged
[3.219s] Door(bano016)
[3.219s] generate door name=bano017 type=hinged
[3.219s] Door(bano017)
[3.219s] generate door name=bano018 type=hinged
[3.219s] Door(bano018)
[3.219s] generate door name=bano019 type=hinged
[3.219s] Door(bano019)
[3.220s] generate door name=bano020 type=hinged
[3.220s] Door(bano020)
[3.220s] generate door name=TD2012CI type=hinged
[3.220s] Door(TD2012CI)
[3.220s] generate door name=TD2013CA type=hinged
[3.220s] Door(TD2013CA)
[3.220s] generate door name=TD0014CP1 type=double_hinged
[3.220s] Door(TD0014CP1)
[3.220s] generate door name=TD0014CP2 type=double_hinged
[3.220s] Door(TD0014CP2)
[3.221s] generate door name=TD2034EA type=double_hinged
[3.221s] Door(TD2034EA)
[3.221s] generate door name=TD2049SD type=hinged
[3.221s] Door(TD2049SD)
[3.221s] generate door name=TD2029SD type=hinged
[3.221s] Door(TD2029SD)
[3.221s] generate door name=TD2030SD type=hinged
[3.221s] Door(TD2030SD)
[3.221s] generate door name=TD2040CP1 type=double_hinged
[3.221s] Door(TD2040CP1)
[3.221s] generate door name=TD2037EA type=double_hinged
[3.221s] Door(TD2037EA)
[3.221s] generate door name=TD2040CP2 type=double_hinged
[3.222s] Door(TD2040CP2)
[3.222s] generate door name=EM5 type=hinged
[3.222s] Door(EM5)
[3.222s] generate door name=EM4 type=hinged
[3.222s] Door(EM4)
[3.222s] generate door name=TD2043AA type=double_hinged
[3.222s] Door(TD2043AA)
[3.222s] generate door name=TD2021CP1 type=double_hinged
[3.222s] Door(TD2021CP1)
[3.222s] generate door name=TD2021CP2 type=double_hinged
[3.222s] Door(TD2021CP2)
[3.222s] generate door name=TD2046AA type=double_hinged
[3.222s] Door(TD2046AA)
[3.222s] generate door name=TD2016CE1 type=double_hinged
[3.222s] Door(TD2016CE1)
[3.222s] generate door name=TD2020CE type=hinged
[3.222s] Door(TD2020CE)
[3.222s] generate door name=TD2019CE type=hinged
[3.223s] Door(TD2019CE)
[3.223s] generate door name=TD2018CE type=hinged
[3.223s] Door(TD2018CE)
[3.223s] generate door name=TD2017CE type=hinged
[3.223s] Door(TD2017CE)
[3.223s] generate door name=TD2016CE2 type=double_hinged
[3.223s] Door(TD2016CE2)
[3.223s] generate door name=TD2022CE1 type=double_hinged
[3.223s] Door(TD2022CE1)
[3.223s] generate door name=TD2014CP type=double_hinged
[3.223s] Door(TD2014CP)
[3.223s] generate door name=TD2026CE type=hinged
[3.223s] Door(TD2026CE)
[3.223s] generate door name=TD2025CE type=hinged
[3.223s] Door(TD2025CE)
[3.223s] generate door name=TD2024CE type=hinged
[3.223s] Door(TD2024CE)
[3.223s] generate door name=TD2023CE type=hinged
[3.223s] Door(TD2023CE)
[3.223s] generate door name=TD2022CE2 type=double_hinged
[3.223s] Door(TD2022CE2)
[3.224s] generate door name=TD2011CP2 type=double_hinged
[3.224s] Door(TD2011CP2)
[3.224s] generate door name=TD2011CP3 type=double_hinged
[3.224s] Door(TD2011CP3)
[3.224s] generate door name=TD2011CP1 type=double_hinged
[3.224s] Door(TD2011CP1)
[3.224s] generate door name=TD2003AA type=double_hinged
[3.224s] Door(TD2003AA)
[3.224s] generate door name=TD2002AA type=double_hinged
[3.224s] Door(TD2002AA)
[3.224s] generate door name=TD2048AA type=double_hinged
[3.224s] Door(TD2048AA)
[3.224s] generate door name=TD2047AA type=double_hinged
[3.224s] Door(TD2047AA)
[3.224s] generate door name=TD2006CI type=double_hinged
[3.224s] Door(TD2006CI)
[3.224s] generate door name=TD2004CI type=hinged
[3.224s] Door(TD2004CI)
[3.224s] generate door name=TD2007CI type=hinged
[3.224s] Door(TD2007CI)
[3.225s] generate door name=TD2010CP type=double_hinged
[3.225s] Door(TD2010CP)
[3.225s] generate door name=TD1005CP2 type=double_hinged
[3.225s] Door(TD1005CP2)
[3.225s] generate door name=null type=hinged
[3.225s] Door(null)
[3.225s] generate door name=TD1104 type=double_hinged
[3.225s] Door(TD1104)
[3.225s] generate door name=d2 type=hinged
[3.225s] Door(d2)
[3.225s] generate door name=d1 type=hinged
[3.225s] Door(d1)
[3.225s] generate door name=TD1103 type=double_hinged
[3.225s] Door(TD1103)
[3.225s] generate door name=TD1105 type=double_hinged
[3.225s] Door(TD1105)
[3.225s] generate door name=TD1102 type=double_hinged
[3.225s] Door(TD1102)
[3.225s] generate door name=TD11011 type=double_hinged
[3.226s] Door(TD11011)
[3.226s] generate door name=TD11061 type=double_hinged
[3.226s] Door(TD11061)
[3.226s] generate door name=TD11062 type=double_hinged
[3.226s] Door(TD11062)
[3.226s] generate door name=TD118CP1 type=double_hinged
[3.226s] Door(TD118CP1)
[3.226s] generate door name=TD11012 type=double_hinged
[3.226s] Door(TD11012)
[3.226s] generate door name=TD1114CP1 type=double_hinged
[3.226s] Door(TD1114CP1)
[3.226s] generate door name=TD1114CP2 type=double_hinged
[3.226s] Door(TD1114CP2)
[3.226s] generate door name=TC1114CP3 type=double_hinged
[3.226s] Door(TC1114CP3)
[3.226s] generate door name=door type=double_hinged
[3.226s] Door(door)
[3.226s] generate door name=d4 type=hinged
[3.226s] Door(d4)
[3.226s] generate door name=d5 type=hinged
[3.226s] Door(d5)
[3.226s] generate door name=TD1111AL2 type=double_hinged
[3.227s] Door(TD1111AL2)
[3.227s] generate door name=TD1109AL1 type=double_hinged
[3.227s] Door(TD1109AL1)
[3.227s] generate door name=TD1108AL2 type=double_hinged
[3.227s] Door(TD1108AL2)
[3.227s] generate door name=TD1107AL2 type=double_hinged
[3.227s] Door(TD1107AL2)
[3.227s] generate door name=TD1107AL1 type=double_hinged
[3.227s] Door(TD1107AL1)
[3.227s] generate door name=TD1118CP2 type=double_hinged
[3.227s] Door(TD1118CP2)
[3.227s] generate door name=TD1116CT type=hinged
[3.227s] Door(TD1116CT)
[3.227s] generate door name=TD1118CP4 type=double_hinged
[3.227s] Door(TD1118CP4)
[3.227s] generate door name=TD1118CP3 type=double_hinged
[3.227s] Door(TD1118CP3)
[3.227s] generate door name=TD0114CW type=hinged
[3.227s] Door(TD0114CW)
[3.227s] generate door name=bano1 type=hinged
[3.227s] Door(bano1)
[3.228s] generate door name=bano2 type=hinged
[3.228s] Door(bano2)
[3.228s] generate door name=bano3 type=hinged
[3.228s] Door(bano3)
[3.228s] generate door name=bano4 type=hinged
[3.228s] Door(bano4)
[3.228s] generate door name=bano5 type=hinged
[3.228s] Door(bano5)
[3.228s] generate door name=bano6 type=hinged
[3.228s] Door(bano6)
[3.228s] generate door name=TD0115CW type=hinged
[3.228s] Door(TD0115CW)
[3.228s] generate door name=bano7 type=hinged
[3.228s] Door(bano7)
[3.228s] generate door name=bano8 type=hinged
[3.228s] Door(bano8)
[3.228s] generate door name=bano9 type=hinged
[3.228s] Door(bano9)
[3.228s] generate door name=bano10 type=hinged
[3.228s] Door(bano10)
[3.228s] generate door name=TD0121CI type=hinged
[3.228s] Door(TD0121CI)
[3.229s] generate door name=TD0118CP2 type=double_hinged
[3.229s] Door(TD0118CP2)
[3.229s] generate door name=TD0118CP1 type=double_hinged
[3.229s] Door(TD0118CP1)
[3.229s] generate door name=TD0112FR type=double_hinged
[3.229s] Door(TD0112FR)
[3.229s] generate door name=TD0125DP type=double_hinged
[3.229s] Door(TD0125DP)
[3.229s] generate door name=TD0120AI type=double_hinged
[3.229s] Door(TD0120AI)
[3.229s] generate door name=TD0108AI type=double_hinged
[3.229s] Door(TD0108AI)
[3.229s] generate door name=TD0107AI type=double_hinged
[3.229s] Door(TD0107AI)
[3.229s] generate door name=TD0104AI type=double_hinged
[3.229s] Door(TD0104AI)
[3.229s] generate door name=TD0106AI type=double_hinged
[3.229s] Door(TD0106AI)
[3.229s] generate door name=TD0105AI type=double_hinged
[3.229s] Door(TD0105AI)
[3.229s] generate door name=TD0118CP3 type=hinged
[3.229s] Door(TD0118CP3)
[3.230s] generate door name=TD0118CP4 type=hinged
[3.230s] Door(TD0118CP4)
[3.230s] generate door name=TD0103AI type=double_hinged
[3.230s] Door(TD0103AI)
[3.230s] generate door name=TD0102AI type=double_hinged
[3.230s] Door(TD0102AI)
[3.230s] generate door name=TD0101AO1 type=double_hinged
[3.230s] Door(TD0101AO1)
[3.230s] generate door name=TD0111AO type=double_hinged
[3.230s] Door(TD0111AO)
[3.230s] generate door name=TD0101AO2 type=hinged
[3.230s] Door(TD0101AO2)
[3.230s] generate door name=bano12 type=hinged
[3.230s] Door(bano12)
[3.230s] generate door name=bano13 type=hinged
[3.230s] Door(bano13)
[3.230s] generate door name=bano14 type=hinged
[3.230s] Door(bano14)
[3.230s] generate door name=bano11 type=hinged
[3.230s] Door(bano11)
[3.230s] generate door name=TD0116CW type=hinged
[3.231s] Door(TD0116CW)
[3.231s] generate door name=bano15 type=hinged
[3.231s] Door(bano15)
[3.231s] generate door name=bano16 type=hinged
[3.231s] Door(bano16)
[3.231s] generate door name=bano17 type=hinged
[3.231s] Door(bano17)
[3.231s] generate door name=bano18 type=hinged
[3.231s] Door(bano18)
[3.231s] generate door name=bano19 type=hinged
[3.231s] Door(bano19)
[3.231s] generate door name=bano20 type=hinged
[3.231s] Door(bano20)
[3.231s] generate door name=TD0117CW type=hinged
[3.231s] Door(TD0117CW)
[3.231s] generate door name=TD0123CP4 type=double_hinged
[3.231s] Door(TD0123CP4)
[3.231s] generate door name=TD0123CP3 type=double_hinged
[3.231s] Door(TD0123CP3)
[3.231s] generate door name=TD2106AA2 type=double_hinged
[3.231s] Door(TD2106AA2)
[3.231s] generate door name=TD2106AA1 type=double_hinged
[3.232s] Door(TD2106AA1)
[3.232s] generate door name=TD2105AA type=double_hinged
[3.232s] Door(TD2105AA)
[3.232s] generate door name=TD2104AA type=double_hinged
[3.232s] Door(TD2104AA)
[3.232s] generate door name=TD2111CP1 type=hinged
[3.232s] Door(TD2111CP1)
[3.232s] generate door name=TD2111CP2 type=hinged
[3.232s] Door(TD2111CP2)
[3.232s] generate door name=TD2103AA type=double_hinged
[3.232s] Door(TD2103AA)
[3.232s] generate door name=TD2102AA type=double_hinged
[3.232s] Door(TD2102AA)
[3.232s] generate door name=TD2101AA1 type=double_hinged
[3.232s] Door(TD2101AA1)
[3.232s] generate door name=TD2101AA2 type=double_hinged
[3.232s] Door(TD2101AA2)
[3.232s] generate door name=TD2116CP type=double_hinged
[3.232s] Door(TD2116CP)
[3.232s] generate door name=TD2112CP1 type=double_hinged
[3.232s] Door(TD2112CP1)
[3.232s] generate door name=TD2112CP2 type=double_hinged
[3.233s] Door(TD2112CP2)
[3.233s] generate door name=TD2107AL1 type=double_hinged
[3.233s] Door(TD2107AL1)
[3.233s] generate door name=TD2107AL2 type=double_hinged
[3.233s] Door(TD2107AL2)
[3.233s] generate door name=TD2110AL2 type=double_hinged
[3.233s] Door(TD2110AL2)
[3.233s] generate door name=TD2109AL type=double_hinged
[3.233s] Door(TD2109AL)
[3.233s] generate door name=TD2108AL type=double_hinged
[3.233s] Door(TD2108AL)
[3.233s] generate door name=TD2110AL1 type=double_hinged
[3.233s] Door(TD2110AL1)
[3.233s] generate door name=d3 type=hinged
[3.233s] Door(d3)
[3.233s] generate door name=TD1111AL1 type=hinged
[3.233s] Door(TD1111AL1)
[3.233s] generate door name=TD2114CI type=hinged
[3.233s] Door(TD2114CI)
[3.233s] generate door name=TD2115CI type=hinged
[3.233s] Door(TD2115CI)
[3.233s] generate door name=TD1117CI type=hinged
[3.234s] Door(TD1117CI)
[3.234s] generate door name=TD0113ER type=double_hinged
[3.234s] Door(TD0113ER)
[3.234s] generate door name=TD2113CP type=double_hinged
[3.234s] Door(TD2113CP)
[3.234s] generate door name=TD0119CP2 type=double_hinged
[3.234s] Door(TD0119CP2)
[3.234s] generate door name=TD0119CP1 type=double_hinged
[3.234s] Door(TD0119CP1)
[3.234s] generate door name=TD0123CP1 type=double_hinged
[3.234s] Door(TD0123CP1)
[3.234s] generate door name=TD0123CP2 type=double_hinged
[3.234s] Door(TD0123CP2)
[3.260s] 881754 bytes written to /home/maria/rmf_ws/build/large_project/maps/estce/estce.world
[3.317s] [100%] Built target generate_estce_world
[3.327s] Invoked command in '/home/maria/rmf_ws/build/large_project' returned '0': AMENT_PREFIX_PATH=/home/maria/rmf_ws/install/rmf_visualization:/home/maria/rmf_ws/install/rmf_robot_sim_gz_plugins:/home/maria/rmf_ws/install/rmf_visualization_schedule:/home/maria/rmf_ws/install/rmf_visualization_rviz2_plugins:/home/maria/rmf_ws/install/rmf_visualization_obstacles:/home/maria/rmf_ws/install/rmf_visualization_navgraphs:/home/maria/rmf_ws/install/rmf_visualization_floorplans:/home/maria/rmf_ws/install/rmf_visualization_fleet_states:/home/maria/rmf_ws/install/rmf_visualization_building_systems:/home/maria/rmf_ws/install/rmf_robot_sim_common:/home/maria/rmf_ws/install/rmf_building_sim_gz_plugins:${AMENT_PREFIX_PATH} CMAKE_PREFIX_PATH=/home/maria/rmf_ws/install/rmf_visualization:/home/maria/rmf_ws/install/rmf_robot_sim_gz_plugins:/home/maria/rmf_ws/install/rmf_visualization_schedule:/home/maria/rmf_ws/install/rmf_visualization_rviz2_plugins:/home/maria/rmf_ws/install/rmf_visualization_obstacles:/home/maria/rmf_ws/install/rmf_visualization_navgraphs:/home/maria/rmf_ws/install/rmf_visualization_floorplans:/home/maria/rmf_ws/install/rmf_visualization_fleet_states:/home/maria/rmf_ws/install/rmf_robot_sim_common:/home/maria/rmf_ws/install/rmf_building_sim_gz_plugins:/rmf_demos_ws/install/rmf_workcell_msgs:/rmf_demos_ws/install/rmf_demos_gz:/rmf_demos_ws/install/rmf_demos:/rmf_demos_ws/install/rmf_reservation_node:/rmf_demos_ws/install/rmf_fleet_adapter_python:/rmf_demos_ws/install/rmf_fleet_adapter:/rmf_demos_ws/install/rmf_task_ros2:/rmf_demos_ws/install/rmf_websocket:/rmf_demos_ws/install/rmf_visualization:/rmf_demos_ws/install/rmf_visualization_schedule:/rmf_demos_ws/install/rmf_visualization_rviz2_plugins:/rmf_demos_ws/install/rmf_visualization_obstacles:/rmf_demos_ws/install/rmf_visualization_navgraphs:/rmf_demos_ws/install/rmf_visualization_floorplans:/rmf_demos_ws/install/rmf_visualization_fleet_states:/rmf_demos_ws/install/rmf_visualization_msgs:/rmf_demos_ws/install/rmf_traffic_ros2:/rmf_demos_ws/install/rmf_task_sequence:/rmf_demos_ws/install/rmf_task:/rmf_demos_ws/install/rmf_battery:/rmf_demos_ws/install/rmf_traffic:/rmf_demos_ws/install/rmf_utils:/rmf_demos_ws/install/rmf_traffic_msgs:/rmf_demos_ws/install/rmf_traffic_editor_test_maps:/rmf_demos_ws/install/rmf_traffic_editor_assets:/rmf_demos_ws/install/rmf_traffic_editor:/rmf_demos_ws/install/rmf_task_msgs:/rmf_demos_ws/install/rmf_site_map_msgs:/rmf_demos_ws/install/rmf_scheduler_msgs:/rmf_demos_ws/install/rmf_robot_sim_gz_plugins:/rmf_demos_ws/install/rmf_robot_sim_common:/rmf_demos_ws/install/rmf_reservation_msgs:/rmf_demos_ws/install/rmf_obstacle_msgs:/rmf_demos_ws/install/rmf_building_sim_gz_plugins:/rmf_demos_ws/install/rmf_lift_msgs:/rmf_demos_ws/install/rmf_ingestor_msgs:/rmf_demos_ws/install/rmf_fleet_msgs:/rmf_demos_ws/install/rmf_door_msgs:/rmf_demos_ws/install/rmf_dispenser_msgs:/rmf_demos_ws/install/rmf_demos_maps:/rmf_demos_ws/install/rmf_demos_assets:/rmf_demos_ws/install/rmf_charger_msgs:/rmf_demos_ws/install/rmf_building_map_msgs:/rmf_demos_ws/install/rmf_api_msgs:/rmf_demos_ws/install/nlohmann_json_schema_validator_vendor:/rmf_demos_ws/install/rmf_demos_fleet_adapter:/rmf_demos_ws/install/rmf_visualization_building_systems:/rmf_demos_ws/install/rmf_traffic_examples:/rmf_demos_ws/install/rmf_demos_bridges:/rmf_demos_ws/install/rmf_demos_tasks:/rmf_demos_ws/install/rmf_building_map_tools:/rmf_demos_ws/install/rmf_charging_schedule:/opt/ros/jazzy:/rmf_demos_ws/install/menge_vendor:/rmf_demos_ws/install/ament_cmake_catch2:/opt/ros/jazzy/opt/gz_sim_vendor:/opt/ros/jazzy/opt/gz_sensors_vendor:/opt/ros/jazzy/opt/gz_physics_vendor:/opt/ros/jazzy/opt/sdformat_vendor:/opt/ros/jazzy/opt/gz_gui_vendor:/opt/ros/jazzy/opt/gz_transport_vendor:/opt/ros/jazzy/opt/gz_rendering_vendor:/opt/ros/jazzy/opt/gz_plugin_vendor:/opt/ros/jazzy/opt/gz_fuel_tools_vendor:/opt/ros/jazzy/opt/gz_msgs_vendor:/opt/ros/jazzy/opt/gz_common_vendor:/opt/ros/jazzy/opt/gz_math_vendor:/opt/ros/jazzy/opt/gz_utils_vendor:/opt/ros/jazzy/opt/gz_tools_vendor:/opt/ros/jazzy/opt/gz_ogre_next_vendor:/opt/ros/jazzy/opt/gz_dartsim_vendor:/opt/ros/jazzy/opt/gz_cmake_vendor LD_LIBRARY_PATH=/home/maria/rmf_ws/install/rmf_visualization_schedule/lib:/home/maria/rmf_ws/install/rmf_visualization_rviz2_plugins/lib:/home/maria/rmf_ws/install/rmf_visualization_obstacles/lib:/home/maria/rmf_ws/install/rmf_visualization_navgraphs/lib:/home/maria/rmf_ws/install/rmf_visualization_floorplans/lib:/home/maria/rmf_ws/install/rmf_visualization_fleet_states/lib:/home/maria/rmf_ws/install/rmf_robot_sim_common/lib:${LD_LIBRARY_PATH} PYTHONPATH=/home/maria/rmf_ws/build/rmf_visualization_building_systems:/home/maria/rmf_ws/install/rmf_visualization_building_systems/lib/python3.12/site-packages:${PYTHONPATH} /usr/bin/cmake --build /home/maria/rmf_ws/build/large_project -- -j8 -l8
[3.328s] Invoking command in '/home/maria/rmf_ws/build/large_project': AMENT_PREFIX_PATH=/home/maria/rmf_ws/install/rmf_visualization:/home/maria/rmf_ws/install/rmf_robot_sim_gz_plugins:/home/maria/rmf_ws/install/rmf_visualization_schedule:/home/maria/rmf_ws/install/rmf_visualization_rviz2_plugins:/home/maria/rmf_ws/install/rmf_visualization_obstacles:/home/maria/rmf_ws/install/rmf_visualization_navgraphs:/home/maria/rmf_ws/install/rmf_visualization_floorplans:/home/maria/rmf_ws/install/rmf_visualization_fleet_states:/home/maria/rmf_ws/install/rmf_visualization_building_systems:/home/maria/rmf_ws/install/rmf_robot_sim_common:/home/maria/rmf_ws/install/rmf_building_sim_gz_plugins:${AMENT_PREFIX_PATH} CMAKE_PREFIX_PATH=/home/maria/rmf_ws/install/rmf_visualization:/home/maria/rmf_ws/install/rmf_robot_sim_gz_plugins:/home/maria/rmf_ws/install/rmf_visualization_schedule:/home/maria/rmf_ws/install/rmf_visualization_rviz2_plugins:/home/maria/rmf_ws/install/rmf_visualization_obstacles:/home/maria/rmf_ws/install/rmf_visualization_navgraphs:/home/maria/rmf_ws/install/rmf_visualization_floorplans:/home/maria/rmf_ws/install/rmf_visualization_fleet_states:/home/maria/rmf_ws/install/rmf_robot_sim_common:/home/maria/rmf_ws/install/rmf_building_sim_gz_plugins:/rmf_demos_ws/install/rmf_workcell_msgs:/rmf_demos_ws/install/rmf_demos_gz:/rmf_demos_ws/install/rmf_demos:/rmf_demos_ws/install/rmf_reservation_node:/rmf_demos_ws/install/rmf_fleet_adapter_python:/rmf_demos_ws/install/rmf_fleet_adapter:/rmf_demos_ws/install/rmf_task_ros2:/rmf_demos_ws/install/rmf_websocket:/rmf_demos_ws/install/rmf_visualization:/rmf_demos_ws/install/rmf_visualization_schedule:/rmf_demos_ws/install/rmf_visualization_rviz2_plugins:/rmf_demos_ws/install/rmf_visualization_obstacles:/rmf_demos_ws/install/rmf_visualization_navgraphs:/rmf_demos_ws/install/rmf_visualization_floorplans:/rmf_demos_ws/install/rmf_visualization_fleet_states:/rmf_demos_ws/install/rmf_visualization_msgs:/rmf_demos_ws/install/rmf_traffic_ros2:/rmf_demos_ws/install/rmf_task_sequence:/rmf_demos_ws/install/rmf_task:/rmf_demos_ws/install/rmf_battery:/rmf_demos_ws/install/rmf_traffic:/rmf_demos_ws/install/rmf_utils:/rmf_demos_ws/install/rmf_traffic_msgs:/rmf_demos_ws/install/rmf_traffic_editor_test_maps:/rmf_demos_ws/install/rmf_traffic_editor_assets:/rmf_demos_ws/install/rmf_traffic_editor:/rmf_demos_ws/install/rmf_task_msgs:/rmf_demos_ws/install/rmf_site_map_msgs:/rmf_demos_ws/install/rmf_scheduler_msgs:/rmf_demos_ws/install/rmf_robot_sim_gz_plugins:/rmf_demos_ws/install/rmf_robot_sim_common:/rmf_demos_ws/install/rmf_reservation_msgs:/rmf_demos_ws/install/rmf_obstacle_msgs:/rmf_demos_ws/install/rmf_building_sim_gz_plugins:/rmf_demos_ws/install/rmf_lift_msgs:/rmf_demos_ws/install/rmf_ingestor_msgs:/rmf_demos_ws/install/rmf_fleet_msgs:/rmf_demos_ws/install/rmf_door_msgs:/rmf_demos_ws/install/rmf_dispenser_msgs:/rmf_demos_ws/install/rmf_demos_maps:/rmf_demos_ws/install/rmf_demos_assets:/rmf_demos_ws/install/rmf_charger_msgs:/rmf_demos_ws/install/rmf_building_map_msgs:/rmf_demos_ws/install/rmf_api_msgs:/rmf_demos_ws/install/nlohmann_json_schema_validator_vendor:/rmf_demos_ws/install/rmf_demos_fleet_adapter:/rmf_demos_ws/install/rmf_visualization_building_systems:/rmf_demos_ws/install/rmf_traffic_examples:/rmf_demos_ws/install/rmf_demos_bridges:/rmf_demos_ws/install/rmf_demos_tasks:/rmf_demos_ws/install/rmf_building_map_tools:/rmf_demos_ws/install/rmf_charging_schedule:/opt/ros/jazzy:/rmf_demos_ws/install/menge_vendor:/rmf_demos_ws/install/ament_cmake_catch2:/opt/ros/jazzy/opt/gz_sim_vendor:/opt/ros/jazzy/opt/gz_sensors_vendor:/opt/ros/jazzy/opt/gz_physics_vendor:/opt/ros/jazzy/opt/sdformat_vendor:/opt/ros/jazzy/opt/gz_gui_vendor:/opt/ros/jazzy/opt/gz_transport_vendor:/opt/ros/jazzy/opt/gz_rendering_vendor:/opt/ros/jazzy/opt/gz_plugin_vendor:/opt/ros/jazzy/opt/gz_fuel_tools_vendor:/opt/ros/jazzy/opt/gz_msgs_vendor:/opt/ros/jazzy/opt/gz_common_vendor:/opt/ros/jazzy/opt/gz_math_vendor:/opt/ros/jazzy/opt/gz_utils_vendor:/opt/ros/jazzy/opt/gz_tools_vendor:/opt/ros/jazzy/opt/gz_ogre_next_vendor:/opt/ros/jazzy/opt/gz_dartsim_vendor:/opt/ros/jazzy/opt/gz_cmake_vendor LD_LIBRARY_PATH=/home/maria/rmf_ws/install/rmf_visualization_schedule/lib:/home/maria/rmf_ws/install/rmf_visualization_rviz2_plugins/lib:/home/maria/rmf_ws/install/rmf_visualization_obstacles/lib:/home/maria/rmf_ws/install/rmf_visualization_navgraphs/lib:/home/maria/rmf_ws/install/rmf_visualization_floorplans/lib:/home/maria/rmf_ws/install/rmf_visualization_fleet_states/lib:/home/maria/rmf_ws/install/rmf_robot_sim_common/lib:${LD_LIBRARY_PATH} PYTHONPATH=/home/maria/rmf_ws/build/rmf_visualization_building_systems:/home/maria/rmf_ws/install/rmf_visualization_building_systems/lib/python3.12/site-packages:${PYTHONPATH} /usr/bin/cmake --install /home/maria/rmf_ws/build/large_project
[3.337s] -- Install configuration: ""
[3.337s] -- Execute custom install script
[3.337s] -- Symlinking: /home/maria/rmf_ws/install/large_project/share/large_project/launch/common.launch.xml
[3.346s] -- Symlinking: /home/maria/rmf_ws/install/large_project/share/large_project/launch/estce.launch.xml
[3.357s] -- Symlinking: /home/maria/rmf_ws/install/large_project/share/large_project/launch/simulation.launch.xml
[3.367s] -- Symlinking: /home/maria/rmf_ws/install/large_project/share/large_project/config/cleanerBotA_config.yaml
[3.375s] -- Symlinking: /home/maria/rmf_ws/install/large_project/share/large_project/config/deliveryRobot_config.yaml
[3.383s] -- Symlinking: /home/maria/rmf_ws/install/large_project/share/large_project/config/estce.rviz
[3.392s] -- Symlinking: /home/maria/rmf_ws/install/large_project/share/large_project/config/tinyRobot_config.yaml
[3.407s] -- Symlinking: /home/maria/rmf_ws/install/large_project/share/large_project/maps/estce/Nivel 0 - TD_n0-1.png
[3.416s] -- Symlinking: /home/maria/rmf_ws/install/large_project/share/large_project/maps/estce/Nivel 1 - TD_n1-1.png
[3.424s] -- Symlinking: /home/maria/rmf_ws/install/large_project/share/large_project/maps/estce/estce.building.yaml
[3.432s] -- Symlinking: /home/maria/rmf_ws/install/large_project/share/large_project/maps/estce/estce.world
[3.441s] -- Symlinking: /home/maria/rmf_ws/install/large_project/share/large_project/maps/estce/estce_world/estce_L1/meshes/blue_linoleum.png
[3.449s] -- Symlinking: /home/maria/rmf_ws/install/large_project/share/large_project/maps/estce/estce_world/estce_L1/meshes/default.png
[3.457s] -- Symlinking: /home/maria/rmf_ws/install/large_project/share/large_project/maps/estce/estce_world/estce_L1/meshes/floor_1.mtl
[3.470s] -- Symlinking: /home/maria/rmf_ws/install/large_project/share/large_project/maps/estce/estce_world/estce_L1/meshes/floor_1.obj
[3.478s] -- Symlinking: /home/maria/rmf_ws/install/large_project/share/large_project/maps/estce/estce_world/estce_L1/meshes/model.material
[3.486s] -- Symlinking: /home/maria/rmf_ws/install/large_project/share/large_project/maps/estce/estce_world/estce_L1/meshes/wall_1.mtl
[3.496s] -- Symlinking: /home/maria/rmf_ws/install/large_project/share/large_project/maps/estce/estce_world/estce_L1/meshes/wall_1.obj
[3.504s] -- Symlinking: /home/maria/rmf_ws/install/large_project/share/large_project/maps/estce/estce_world/estce_L1/model.config
[3.513s] -- Symlinking: /home/maria/rmf_ws/install/large_project/share/large_project/maps/estce/estce_world/estce_L1/model.sdf
[3.521s] -- Symlinking: /home/maria/rmf_ws/install/large_project/share/large_project/maps/estce/estce_world/estce_L2/meshes/blue_linoleum.png
[3.529s] -- Symlinking: /home/maria/rmf_ws/install/large_project/share/large_project/maps/estce/estce_world/estce_L2/meshes/default.png
[3.536s] -- Symlinking: /home/maria/rmf_ws/install/large_project/share/large_project/maps/estce/estce_world/estce_L2/meshes/floor_1.mtl
[3.544s] -- Symlinking: /home/maria/rmf_ws/install/large_project/share/large_project/maps/estce/estce_world/estce_L2/meshes/floor_1.obj
[3.552s] -- Symlinking: /home/maria/rmf_ws/install/large_project/share/large_project/maps/estce/estce_world/estce_L2/meshes/model.material
[3.560s] -- Symlinking: /home/maria/rmf_ws/install/large_project/share/large_project/maps/estce/estce_world/estce_L2/meshes/wall_1.mtl
[3.568s] -- Symlinking: /home/maria/rmf_ws/install/large_project/share/large_project/maps/estce/estce_world/estce_L2/meshes/wall_1.obj
[3.576s] -- Symlinking: /home/maria/rmf_ws/install/large_project/share/large_project/maps/estce/estce_world/estce_L2/model.config
[3.585s] -- Symlinking: /home/maria/rmf_ws/install/large_project/share/large_project/maps/estce/estce_world/estce_L2/model.sdf
[3.594s] -- Symlinking: /home/maria/rmf_ws/install/large_project/share/large_project/maps/estce/models/BathroomSink/LICENSE
[3.602s] -- Symlinking: /home/maria/rmf_ws/install/large_project/share/large_project/maps/estce/models/BathroomSink/meshes/BathroomSink.mtl
[3.610s] -- Symlinking: /home/maria/rmf_ws/install/large_project/share/large_project/maps/estce/models/BathroomSink/meshes/BathroomSink.obj
[3.617s] -- Symlinking: /home/maria/rmf_ws/install/large_project/share/large_project/maps/estce/models/BathroomSink/meshes/BathroomSink_Col.mtl
[3.625s] -- Symlinking: /home/maria/rmf_ws/install/large_project/share/large_project/maps/estce/models/BathroomSink/meshes/BathroomSink_Col.obj
[3.633s] -- Symlinking: /home/maria/rmf_ws/install/large_project/share/large_project/maps/estce/models/BathroomSink/meshes/BathroomSink_Diffuse.png
[3.641s] -- Symlinking: /home/maria/rmf_ws/install/large_project/share/large_project/maps/estce/models/BathroomSink/meshes/BathroomSink_Metal.png
[3.649s] -- Symlinking: /home/maria/rmf_ws/install/large_project/share/large_project/maps/estce/models/BathroomSink/meshes/BathroomSink_Rough.png
[3.657s] -- Symlinking: /home/maria/rmf_ws/install/large_project/share/large_project/maps/estce/models/BathroomSink/model.config
[3.665s] -- Symlinking: /home/maria/rmf_ws/install/large_project/share/large_project/maps/estce/models/BathroomSink/model.sdf
[3.674s] -- Symlinking: /home/maria/rmf_ws/install/large_project/share/large_project/maps/estce/models/BathroomSink/thumbnails/1.png
[3.682s] -- Symlinking: /home/maria/rmf_ws/install/large_project/share/large_project/maps/estce/models/BathroomSink/thumbnails/2.png
[3.691s] -- Symlinking: /home/maria/rmf_ws/install/large_project/share/large_project/maps/estce/models/BathroomSink/thumbnails/3.png
[3.700s] -- Symlinking: /home/maria/rmf_ws/install/large_project/share/large_project/maps/estce/models/BathroomSink/thumbnails/4.png
[3.708s] -- Symlinking: /home/maria/rmf_ws/install/large_project/share/large_project/maps/estce/models/BathroomSink/thumbnails/5.png
[3.716s] -- Symlinking: /home/maria/rmf_ws/install/large_project/share/large_project/maps/estce/models/Chair/LICENSE
[3.724s] -- Symlinking: /home/maria/rmf_ws/install/large_project/share/large_project/maps/estce/models/Chair/meshes/Chair.mtl
[3.732s] -- Symlinking: /home/maria/rmf_ws/install/large_project/share/large_project/maps/estce/models/Chair/meshes/Chair.obj
[3.740s] -- Symlinking: /home/maria/rmf_ws/install/large_project/share/large_project/maps/estce/models/Chair/meshes/Chair.png
[3.747s] -- Symlinking: /home/maria/rmf_ws/install/large_project/share/large_project/maps/estce/models/Chair/meshes/Chair_Diffuse.png
[3.755s] -- Symlinking: /home/maria/rmf_ws/install/large_project/share/large_project/maps/estce/models/Chair/meshes/Chair_Normal.png
[3.763s] -- Symlinking: /home/maria/rmf_ws/install/large_project/share/large_project/maps/estce/models/Chair/meshes/Chair_SpecGloss.png
[3.772s] -- Symlinking: /home/maria/rmf_ws/install/large_project/share/large_project/maps/estce/models/Chair/model.config
[3.781s] -- Symlinking: /home/maria/rmf_ws/install/large_project/share/large_project/maps/estce/models/Chair/model.sdf
[3.789s] -- Symlinking: /home/maria/rmf_ws/install/large_project/share/large_project/maps/estce/models/Chair/thumbnails/1.png
[3.797s] -- Symlinking: /home/maria/rmf_ws/install/large_project/share/large_project/maps/estce/models/Chair/thumbnails/2.png
[3.805s] -- Symlinking: /home/maria/rmf_ws/install/large_project/share/large_project/maps/estce/models/Chair/thumbnails/3.png
[3.813s] -- Symlinking: /home/maria/rmf_ws/install/large_project/share/large_project/maps/estce/models/Chair/thumbnails/4.png
[3.821s] -- Symlinking: /home/maria/rmf_ws/install/large_project/share/large_project/maps/estce/models/Chair/thumbnails/5.png
[3.834s] -- Symlinking: /home/maria/rmf_ws/install/large_project/share/large_project/maps/estce/models/CleaningSection/LICENSE
[3.838s] -- Symlinking: /home/maria/rmf_ws/install/large_project/share/large_project/maps/estce/models/CleaningSection/meshes/Blue.png
[3.847s] -- Symlinking: /home/maria/rmf_ws/install/large_project/share/large_project/maps/estce/models/CleaningSection/meshes/Bucket.png
[3.854s] -- Symlinking: /home/maria/rmf_ws/install/large_project/share/large_project/maps/estce/models/CleaningSection/meshes/Cart.png
[3.862s] -- Symlinking: /home/maria/rmf_ws/install/large_project/share/large_project/maps/estce/models/CleaningSection/meshes/CleaningSection.mtl
[3.870s] -- Symlinking: /home/maria/rmf_ws/install/large_project/share/large_project/maps/estce/models/CleaningSection/meshes/CleaningSection.obj
[3.878s] -- Symlinking: /home/maria/rmf_ws/install/large_project/share/large_project/maps/estce/models/CleaningSection/meshes/Duster.png
[3.886s] -- Symlinking: /home/maria/rmf_ws/install/large_project/share/large_project/maps/estce/models/CleaningSection/meshes/Glove.png
[3.895s] -- Symlinking: /home/maria/rmf_ws/install/large_project/share/large_project/maps/estce/models/CleaningSection/meshes/Mop.png
[3.903s] -- Symlinking: /home/maria/rmf_ws/install/large_project/share/large_project/maps/estce/models/CleaningSection/meshes/Red.png
[3.911s] -- Symlinking: /home/maria/rmf_ws/install/large_project/share/large_project/maps/estce/models/CleaningSection/meshes/Spray.png
[3.919s] -- Symlinking: /home/maria/rmf_ws/install/large_project/share/large_project/maps/estce/models/CleaningSection/model.config
[3.927s] -- Symlinking: /home/maria/rmf_ws/install/large_project/share/large_project/maps/estce/models/CleaningSection/model.sdf
[3.935s] -- Symlinking: /home/maria/rmf_ws/install/large_project/share/large_project/maps/estce/models/CleaningSection/thumbnails/1.png
[3.943s] -- Symlinking: /home/maria/rmf_ws/install/large_project/share/large_project/maps/estce/models/CleaningSection/thumbnails/2.png
[3.951s] -- Symlinking: /home/maria/rmf_ws/install/large_project/share/large_project/maps/estce/models/CleaningSection/thumbnails/3.png
[3.959s] -- Symlinking: /home/maria/rmf_ws/install/large_project/share/large_project/maps/estce/models/CleaningSection/thumbnails/4.png
[3.967s] -- Symlinking: /home/maria/rmf_ws/install/large_project/share/large_project/maps/estce/models/CleaningSection/thumbnails/5.png
[3.976s] -- Symlinking: /home/maria/rmf_ws/install/large_project/share/large_project/maps/estce/models/CoffeeTable/LICENSE
[3.986s] -- Symlinking: /home/maria/rmf_ws/install/large_project/share/large_project/maps/estce/models/CoffeeTable/meshes/CoffeeTable.mtl
[3.995s] -- Symlinking: /home/maria/rmf_ws/install/large_project/share/large_project/maps/estce/models/CoffeeTable/meshes/CoffeeTable.obj
[4.003s] -- Symlinking: /home/maria/rmf_ws/install/large_project/share/large_project/maps/estce/models/CoffeeTable/meshes/CoffeeTable_Diffuse.png
[4.011s] -- Symlinking: /home/maria/rmf_ws/install/large_project/share/large_project/maps/estce/models/CoffeeTable/meshes/CoffeeTable_Normal.png
[4.019s] -- Symlinking: /home/maria/rmf_ws/install/large_project/share/large_project/maps/estce/models/CoffeeTable/meshes/CoffeeTable_SpecGloss.png
[4.027s] -- Symlinking: /home/maria/rmf_ws/install/large_project/share/large_project/maps/estce/models/CoffeeTable/model.config
[4.035s] -- Symlinking: /home/maria/rmf_ws/install/large_project/share/large_project/maps/estce/models/CoffeeTable/model.sdf
[4.042s] -- Symlinking: /home/maria/rmf_ws/install/large_project/share/large_project/maps/estce/models/CoffeeTable/thumbnails/1.png
[4.050s] -- Symlinking: /home/maria/rmf_ws/install/large_project/share/large_project/maps/estce/models/CoffeeTable/thumbnails/2.png
[4.058s] -- Symlinking: /home/maria/rmf_ws/install/large_project/share/large_project/maps/estce/models/CoffeeTable/thumbnails/3.png
[4.067s] -- Symlinking: /home/maria/rmf_ws/install/large_project/share/large_project/maps/estce/models/CoffeeTable/thumbnails/4.png
[4.077s] -- Symlinking: /home/maria/rmf_ws/install/large_project/share/large_project/maps/estce/models/CoffeeTable/thumbnails/5.png
[4.084s] -- Symlinking: /home/maria/rmf_ws/install/large_project/share/large_project/maps/estce/models/Coke/LICENSE
[4.094s] -- Symlinking: /home/maria/rmf_ws/install/large_project/share/large_project/maps/estce/models/Coke/materials/coke.png
[4.102s] -- Symlinking: /home/maria/rmf_ws/install/large_project/share/large_project/maps/estce/models/Coke/meshes/coke.mtl
[4.110s] -- Symlinking: /home/maria/rmf_ws/install/large_project/share/large_project/maps/estce/models/Coke/meshes/coke.obj
[4.118s] -- Symlinking: /home/maria/rmf_ws/install/large_project/share/large_project/maps/estce/models/Coke/model.config
[4.127s] -- Symlinking: /home/maria/rmf_ws/install/large_project/share/large_project/maps/estce/models/Coke/model.sdf
[4.135s] -- Symlinking: /home/maria/rmf_ws/install/large_project/share/large_project/maps/estce/models/Coke/thumbnails/1.png
[4.144s] -- Symlinking: /home/maria/rmf_ws/install/large_project/share/large_project/maps/estce/models/Coke/thumbnails/2.png
[4.153s] -- Symlinking: /home/maria/rmf_ws/install/large_project/share/large_project/maps/estce/models/Coke/thumbnails/3.png
[4.164s] -- Symlinking: /home/maria/rmf_ws/install/large_project/share/large_project/maps/estce/models/Coke/thumbnails/4.png
[4.173s] -- Symlinking: /home/maria/rmf_ws/install/large_project/share/large_project/maps/estce/models/Coke/thumbnails/5.png
[4.181s] -- Symlinking: /home/maria/rmf_ws/install/large_project/share/large_project/maps/estce/models/Construction Cone/LICENSE
[4.193s] -- Symlinking: /home/maria/rmf_ws/install/large_project/share/large_project/maps/estce/models/Construction Cone/materials/textures/Construction_Cone_Diffuse.png
[4.203s] -- Symlinking: /home/maria/rmf_ws/install/large_project/share/large_project/maps/estce/models/Construction Cone/meshes/construction_cone.dae
[4.211s] -- Symlinking: /home/maria/rmf_ws/install/large_project/share/large_project/maps/estce/models/Construction Cone/model-1_3.sdf
[4.224s] -- Symlinking: /home/maria/rmf_ws/install/large_project/share/large_project/maps/estce/models/Construction Cone/model-1_4.sdf
[4.236s] -- Symlinking: /home/maria/rmf_ws/install/large_project/share/large_project/maps/estce/models/Construction Cone/model.config
[4.245s] -- Symlinking: /home/maria/rmf_ws/install/large_project/share/large_project/maps/estce/models/Construction Cone/model.sdf
[4.254s] -- Symlinking: /home/maria/rmf_ws/install/large_project/share/large_project/maps/estce/models/Construction Cone/thumbnails/1.png
[4.262s] -- Symlinking: /home/maria/rmf_ws/install/large_project/share/large_project/maps/estce/models/Construction Cone/thumbnails/2.png
[4.270s] -- Symlinking: /home/maria/rmf_ws/install/large_project/share/large_project/maps/estce/models/Construction Cone/thumbnails/3.png
[4.278s] -- Symlinking: /home/maria/rmf_ws/install/large_project/share/large_project/maps/estce/models/Construction Cone/thumbnails/4.png
[4.286s] -- Symlinking: /home/maria/rmf_ws/install/large_project/share/large_project/maps/estce/models/Construction Cone/thumbnails/5.png
[4.295s] -- Symlinking: /home/maria/rmf_ws/install/large_project/share/large_project/maps/estce/models/Desk/LICENSE
[4.303s] -- Symlinking: /home/maria/rmf_ws/install/large_project/share/large_project/maps/estce/models/Desk/meshes/Desk_Diffuse.png
[4.312s] -- Symlinking: /home/maria/rmf_ws/install/large_project/share/large_project/maps/estce/models/Desk/meshes/desk.mtl
[4.322s] -- Symlinking: /home/maria/rmf_ws/install/large_project/share/large_project/maps/estce/models/Desk/meshes/desk.obj
[4.332s] -- Symlinking: /home/maria/rmf_ws/install/large_project/share/large_project/maps/estce/models/Desk/model.config
[4.341s] -- Symlinking: /home/maria/rmf_ws/install/large_project/share/large_project/maps/estce/models/Desk/model.sdf
[4.349s] -- Symlinking: /home/maria/rmf_ws/install/large_project/share/large_project/maps/estce/models/Desk/thumbnails/1.png
[4.357s] -- Symlinking: /home/maria/rmf_ws/install/large_project/share/large_project/maps/estce/models/Desk/thumbnails/2.png
[4.365s] -- Symlinking: /home/maria/rmf_ws/install/large_project/share/large_project/maps/estce/models/Desk/thumbnails/3.png
[4.373s] -- Symlinking: /home/maria/rmf_ws/install/large_project/share/large_project/maps/estce/models/Desk/thumbnails/4.png
[4.382s] -- Symlinking: /home/maria/rmf_ws/install/large_project/share/large_project/maps/estce/models/Desk/thumbnails/5.png
[4.392s] -- Symlinking: /home/maria/rmf_ws/install/large_project/share/large_project/maps/estce/models/DigitalKiosk/LICENSE
[4.400s] -- Symlinking: /home/maria/rmf_ws/install/large_project/share/large_project/maps/estce/models/DigitalKiosk/meshes/DigitalKiosk.mtl
[4.408s] -- Symlinking: /home/maria/rmf_ws/install/large_project/share/large_project/maps/estce/models/DigitalKiosk/meshes/DigitalKiosk.obj
[4.416s] -- Symlinking: /home/maria/rmf_ws/install/large_project/share/large_project/maps/estce/models/DigitalKiosk/meshes/DigitalKiosk_Col.mtl
[4.424s] -- Symlinking: /home/maria/rmf_ws/install/large_project/share/large_project/maps/estce/models/DigitalKiosk/meshes/DigitalKiosk_Col.obj
[4.432s] -- Symlinking: /home/maria/rmf_ws/install/large_project/share/large_project/maps/estce/models/DigitalKiosk/meshes/DigitalKiosk_Diffuse.png
[4.440s] -- Symlinking: /home/maria/rmf_ws/install/large_project/share/large_project/maps/estce/models/DigitalKiosk/meshes/DigitalKiosk_Rough.png
[4.448s] -- Symlinking: /home/maria/rmf_ws/install/large_project/share/large_project/maps/estce/models/DigitalKiosk/model.config
[4.456s] -- Symlinking: /home/maria/rmf_ws/install/large_project/share/large_project/maps/estce/models/DigitalKiosk/model.sdf
[4.464s] -- Symlinking: /home/maria/rmf_ws/install/large_project/share/large_project/maps/estce/models/DigitalKiosk/thumbnails/1.png
[4.474s] -- Symlinking: /home/maria/rmf_ws/install/large_project/share/large_project/maps/estce/models/DigitalKiosk/thumbnails/2.png
[4.483s] -- Symlinking: /home/maria/rmf_ws/install/large_project/share/large_project/maps/estce/models/DigitalKiosk/thumbnails/3.png
[4.494s] -- Symlinking: /home/maria/rmf_ws/install/large_project/share/large_project/maps/estce/models/DigitalKiosk/thumbnails/4.png
[4.503s] -- Symlinking: /home/maria/rmf_ws/install/large_project/share/large_project/maps/estce/models/DigitalKiosk/thumbnails/5.png
[4.511s] -- Symlinking: /home/maria/rmf_ws/install/large_project/share/large_project/maps/estce/models/Drawer/LICENSE
[4.519s] -- Symlinking: /home/maria/rmf_ws/install/large_project/share/large_project/maps/estce/models/Drawer/meshes/Drawer.mtl
[4.527s] -- Symlinking: /home/maria/rmf_ws/install/large_project/share/large_project/maps/estce/models/Drawer/meshes/Drawer.obj
[4.535s] -- Symlinking: /home/maria/rmf_ws/install/large_project/share/large_project/maps/estce/models/Drawer/meshes/Drawer.png
[4.543s] -- Symlinking: /home/maria/rmf_ws/install/large_project/share/large_project/maps/estce/models/Drawer/meshes/Drawer_Col.obj
[4.551s] -- Symlinking: /home/maria/rmf_ws/install/large_project/share/large_project/maps/estce/models/Drawer/model.config
[4.558s] -- Symlinking: /home/maria/rmf_ws/install/large_project/share/large_project/maps/estce/models/Drawer/model.sdf
[4.566s] -- Symlinking: /home/maria/rmf_ws/install/large_project/share/large_project/maps/estce/models/Drawer/thumbnails/1.png
[4.574s] -- Symlinking: /home/maria/rmf_ws/install/large_project/share/large_project/maps/estce/models/Drawer/thumbnails/2.png
[4.582s] -- Symlinking: /home/maria/rmf_ws/install/large_project/share/large_project/maps/estce/models/Drawer/thumbnails/3.png
[4.591s] -- Symlinking: /home/maria/rmf_ws/install/large_project/share/large_project/maps/estce/models/Drawer/thumbnails/4.png
[4.600s] -- Symlinking: /home/maria/rmf_ws/install/large_project/share/large_project/maps/estce/models/Drawer/thumbnails/5.png
[4.608s] -- Symlinking: /home/maria/rmf_ws/install/large_project/share/large_project/maps/estce/models/ElderLadyPatient/LICENSE
[4.616s] -- Symlinking: /home/maria/rmf_ws/install/large_project/share/large_project/maps/estce/models/ElderLadyPatient/meshes/CGMVanguard_Diffuse.png
[4.630s] -- Symlinking: /home/maria/rmf_ws/install/large_project/share/large_project/maps/estce/models/ElderLadyPatient/meshes/Carts_Wheels_Diffuse.png
[4.639s] -- Symlinking: /home/maria/rmf_ws/install/large_project/share/large_project/maps/estce/models/ElderLadyPatient/meshes/ElderFPatient_color.jpg
[4.648s] -- Symlinking: /home/maria/rmf_ws/install/large_project/share/large_project/maps/estce/models/ElderLadyPatient/meshes/ElderFemale.mtl
[4.656s] -- Symlinking: /home/maria/rmf_ws/install/large_project/share/large_project/maps/estce/models/ElderLadyPatient/meshes/ElderFemale.obj
[4.664s] -- Symlinking: /home/maria/rmf_ws/install/large_project/share/large_project/maps/estce/models/ElderLadyPatient/model.config
[4.672s] -- Symlinking: /home/maria/rmf_ws/install/large_project/share/large_project/maps/estce/models/ElderLadyPatient/model.sdf
[4.680s] -- Symlinking: /home/maria/rmf_ws/install/large_project/share/large_project/maps/estce/models/ElderLadyPatient/thumbnails/1.png
[4.689s] -- Symlinking: /home/maria/rmf_ws/install/large_project/share/large_project/maps/estce/models/ElderLadyPatient/thumbnails/2.png
[4.698s] -- Symlinking: /home/maria/rmf_ws/install/large_project/share/large_project/maps/estce/models/ElderLadyPatient/thumbnails/3.png
[4.706s] -- Symlinking: /home/maria/rmf_ws/install/large_project/share/large_project/maps/estce/models/ElderLadyPatient/thumbnails/4.png
[4.714s] -- Symlinking: /home/maria/rmf_ws/install/large_project/share/large_project/maps/estce/models/ElderLadyPatient/thumbnails/5.png
[4.722s] -- Symlinking: /home/maria/rmf_ws/install/large_project/share/large_project/maps/estce/models/ElectronicsRecycling/LICENSE
[4.731s] -- Symlinking: /home/maria/rmf_ws/install/large_project/share/large_project/maps/estce/models/ElectronicsRecycling/meshes/ElectronicsRecycling.mtl
[4.739s] -- Symlinking: /home/maria/rmf_ws/install/large_project/share/large_project/maps/estce/models/ElectronicsRecycling/meshes/ElectronicsRecycling.obj
[4.747s] -- Symlinking: /home/maria/rmf_ws/install/large_project/share/large_project/maps/estce/models/ElectronicsRecycling/meshes/ElectronicsRecycling_Diffuse.png
[4.755s] -- Symlinking: /home/maria/rmf_ws/install/large_project/share/large_project/maps/estce/models/ElectronicsRecycling/model.config
[4.763s] -- Symlinking: /home/maria/rmf_ws/install/large_project/share/large_project/maps/estce/models/ElectronicsRecycling/model.sdf
[4.775s] -- Symlinking: /home/maria/rmf_ws/install/large_project/share/large_project/maps/estce/models/ElectronicsRecycling/thumbnails/1.png
[4.784s] -- Symlinking: /home/maria/rmf_ws/install/large_project/share/large_project/maps/estce/models/ElectronicsRecycling/thumbnails/2.png
[4.796s] -- Symlinking: /home/maria/rmf_ws/install/large_project/share/large_project/maps/estce/models/ElectronicsRecycling/thumbnails/3.png
[4.804s] -- Symlinking: /home/maria/rmf_ws/install/large_project/share/large_project/maps/estce/models/ElectronicsRecycling/thumbnails/4.png
[4.813s] -- Symlinking: /home/maria/rmf_ws/install/large_project/share/large_project/maps/estce/models/ElectronicsRecycling/thumbnails/5.png
[4.821s] -- Symlinking: /home/maria/rmf_ws/install/large_project/share/large_project/maps/estce/models/EscalatorStart/LICENSE
[4.829s] -- Symlinking: /home/maria/rmf_ws/install/large_project/share/large_project/maps/estce/models/EscalatorStart/meshes/EscalatorStart.mtl
[4.837s] -- Symlinking: /home/maria/rmf_ws/install/large_project/share/large_project/maps/estce/models/EscalatorStart/meshes/EscalatorStart.obj
[4.845s] -- Symlinking: /home/maria/rmf_ws/install/large_project/share/large_project/maps/estce/models/EscalatorStart/meshes/EscalatorStart_Col.mtl
[4.853s] -- Symlinking: /home/maria/rmf_ws/install/large_project/share/large_project/maps/estce/models/EscalatorStart/meshes/EscalatorStart_Col.obj
[4.861s] -- Symlinking: /home/maria/rmf_ws/install/large_project/share/large_project/maps/estce/models/EscalatorStart/meshes/EscalatorStart_Diffuse.png
[4.870s] -- Symlinking: /home/maria/rmf_ws/install/large_project/share/large_project/maps/estce/models/EscalatorStart/meshes/EscalatorStart_Metal.png
[4.881s] -- Symlinking: /home/maria/rmf_ws/install/large_project/share/large_project/maps/estce/models/EscalatorStart/meshes/EscalatorStart_Normal.png
[4.890s] -- Symlinking: /home/maria/rmf_ws/install/large_project/share/large_project/maps/estce/models/EscalatorStart/meshes/EscalatorStart_Rough.png
[4.899s] -- Symlinking: /home/maria/rmf_ws/install/large_project/share/large_project/maps/estce/models/EscalatorStart/model.config
[4.907s] -- Symlinking: /home/maria/rmf_ws/install/large_project/share/large_project/maps/estce/models/EscalatorStart/model.sdf
[4.915s] -- Symlinking: /home/maria/rmf_ws/install/large_project/share/large_project/maps/estce/models/EscalatorStart/thumbnails/1.png
[4.923s] -- Symlinking: /home/maria/rmf_ws/install/large_project/share/large_project/maps/estce/models/EscalatorStart/thumbnails/2.png
[4.932s] -- Symlinking: /home/maria/rmf_ws/install/large_project/share/large_project/maps/estce/models/EscalatorStart/thumbnails/3.png
[4.939s] -- Symlinking: /home/maria/rmf_ws/install/large_project/share/large_project/maps/estce/models/EscalatorStart/thumbnails/4.png
[4.947s] -- Symlinking: /home/maria/rmf_ws/install/large_project/share/large_project/maps/estce/models/EscalatorStart/thumbnails/5.png
[4.955s] -- Symlinking: /home/maria/rmf_ws/install/large_project/share/large_project/maps/estce/models/FemaleVisitor/LICENSE
[4.964s] -- Symlinking: /home/maria/rmf_ws/install/large_project/share/large_project/maps/estce/models/FemaleVisitor/meshes/FemaleVisitor.mtl
[4.973s] -- Symlinking: /home/maria/rmf_ws/install/large_project/share/large_project/maps/estce/models/FemaleVisitor/meshes/FemaleVisitor.obj
[4.982s] -- Symlinking: /home/maria/rmf_ws/install/large_project/share/large_project/maps/estce/models/FemaleVisitor/meshes/FemaleVisitor.png
[4.991s] -- Symlinking: /home/maria/rmf_ws/install/large_project/share/large_project/maps/estce/models/FemaleVisitor/meshes/FemaleVisitor_Col.mtl
[4.999s] -- Symlinking: /home/maria/rmf_ws/install/large_project/share/large_project/maps/estce/models/FemaleVisitor/meshes/FemaleVisitor_Col.obj
[5.007s] -- Symlinking: /home/maria/rmf_ws/install/large_project/share/large_project/maps/estce/models/FemaleVisitor/meshes/Handbag.png
[5.015s] -- Symlinking: /home/maria/rmf_ws/install/large_project/share/large_project/maps/estce/models/FemaleVisitor/model.config
[5.023s] -- Symlinking: /home/maria/rmf_ws/install/large_project/share/large_project/maps/estce/models/FemaleVisitor/model.sdf
[5.033s] -- Symlinking: /home/maria/rmf_ws/install/large_project/share/large_project/maps/estce/models/FemaleVisitor/thumbnails/1.png
[5.043s] -- Symlinking: /home/maria/rmf_ws/install/large_project/share/large_project/maps/estce/models/FemaleVisitor/thumbnails/2.png
[5.052s] -- Symlinking: /home/maria/rmf_ws/install/large_project/share/large_project/maps/estce/models/FemaleVisitor/thumbnails/3.png
[5.060s] -- Symlinking: /home/maria/rmf_ws/install/large_project/share/large_project/maps/estce/models/FemaleVisitor/thumbnails/4.png
[5.068s] -- Symlinking: /home/maria/rmf_ws/install/large_project/share/large_project/maps/estce/models/FemaleVisitor/thumbnails/5.png
[5.078s] -- Symlinking: /home/maria/rmf_ws/install/large_project/share/large_project/maps/estce/models/FoodCourtBenchLong/LICENSE
[5.090s] -- Symlinking: /home/maria/rmf_ws/install/large_project/share/large_project/maps/estce/models/FoodCourtBenchLong/meshes/FoodCourtBenchLong.mtl
[5.099s] -- Symlinking: /home/maria/rmf_ws/install/large_project/share/large_project/maps/estce/models/FoodCourtBenchLong/meshes/FoodCourtBenchLong.obj
[5.107s] -- Symlinking: /home/maria/rmf_ws/install/large_project/share/large_project/maps/estce/models/FoodCourtBenchLong/meshes/FoodCourtBenchLong_Col.mtl
[5.115s] -- Symlinking: /home/maria/rmf_ws/install/large_project/share/large_project/maps/estce/models/FoodCourtBenchLong/meshes/FoodCourtBenchLong_Col.obj
[5.122s] -- Symlinking: /home/maria/rmf_ws/install/large_project/share/large_project/maps/estce/models/FoodCourtBenchLong/meshes/FoodCourtBenchLong_Diffuse.png
[5.130s] -- Symlinking: /home/maria/rmf_ws/install/large_project/share/large_project/maps/estce/models/FoodCourtBenchLong/meshes/FoodCourtBenchLong_Rough.png
[5.138s] -- Symlinking: /home/maria/rmf_ws/install/large_project/share/large_project/maps/estce/models/FoodCourtBenchLong/model.config
[5.146s] -- Symlinking: /home/maria/rmf_ws/install/large_project/share/large_project/maps/estce/models/FoodCourtBenchLong/model.sdf
[5.153s] -- Symlinking: /home/maria/rmf_ws/install/large_project/share/large_project/maps/estce/models/FoodCourtBenchLong/thumbnails/1.png
[5.161s] -- Symlinking: /home/maria/rmf_ws/install/large_project/share/large_project/maps/estce/models/FoodCourtBenchLong/thumbnails/2.png
[5.170s] -- Symlinking: /home/maria/rmf_ws/install/large_project/share/large_project/maps/estce/models/FoodCourtBenchLong/thumbnails/3.png
[5.181s] -- Symlinking: /home/maria/rmf_ws/install/large_project/share/large_project/maps/estce/models/FoodCourtBenchLong/thumbnails/4.png
[5.190s] -- Symlinking: /home/maria/rmf_ws/install/large_project/share/large_project/maps/estce/models/FoodCourtBenchLong/thumbnails/5.png
[5.199s] -- Symlinking: /home/maria/rmf_ws/install/large_project/share/large_project/maps/estce/models/FoodCourtTable1/LICENSE
[5.207s] -- Symlinking: /home/maria/rmf_ws/install/large_project/share/large_project/maps/estce/models/FoodCourtTable1/meshes/FoodCourtTable1.mtl
[5.215s] -- Symlinking: /home/maria/rmf_ws/install/large_project/share/large_project/maps/estce/models/FoodCourtTable1/meshes/FoodCourtTable1.obj
[5.223s] -- Symlinking: /home/maria/rmf_ws/install/large_project/share/large_project/maps/estce/models/FoodCourtTable1/meshes/FoodCourtTable1_Col.mtl
[5.231s] -- Symlinking: /home/maria/rmf_ws/install/large_project/share/large_project/maps/estce/models/FoodCourtTable1/meshes/FoodCourtTable1_Col.obj
[5.239s] -- Symlinking: /home/maria/rmf_ws/install/large_project/share/large_project/maps/estce/models/FoodCourtTable1/meshes/FoodCourtTable1_Diffuse.png
[5.247s] -- Symlinking: /home/maria/rmf_ws/install/large_project/share/large_project/maps/estce/models/FoodCourtTable1/meshes/FoodCourtTable1_Metal.png
[5.255s] -- Symlinking: /home/maria/rmf_ws/install/large_project/share/large_project/maps/estce/models/FoodCourtTable1/meshes/FoodCourtTable1_Normal.png
[5.263s] -- Symlinking: /home/maria/rmf_ws/install/large_project/share/large_project/maps/estce/models/FoodCourtTable1/meshes/FoodCourtTable1_Rough.png
[5.272s] -- Symlinking: /home/maria/rmf_ws/install/large_project/share/large_project/maps/estce/models/FoodCourtTable1/model.config
[5.280s] -- Symlinking: /home/maria/rmf_ws/install/large_project/share/large_project/maps/estce/models/FoodCourtTable1/model.sdf
[5.288s] -- Symlinking: /home/maria/rmf_ws/install/large_project/share/large_project/maps/estce/models/FoodCourtTable1/thumbnails/1.png
[5.297s] -- Symlinking: /home/maria/rmf_ws/install/large_project/share/large_project/maps/estce/models/FoodCourtTable1/thumbnails/2.png
[5.305s] -- Symlinking: /home/maria/rmf_ws/install/large_project/share/large_project/maps/estce/models/FoodCourtTable1/thumbnails/3.png
[5.312s] -- Symlinking: /home/maria/rmf_ws/install/large_project/share/large_project/maps/estce/models/FoodCourtTable1/thumbnails/4.png
[5.320s] -- Symlinking: /home/maria/rmf_ws/install/large_project/share/large_project/maps/estce/models/FoodCourtTable1/thumbnails/5.png
[5.328s] -- Symlinking: /home/maria/rmf_ws/install/large_project/share/large_project/maps/estce/models/Fridge/LICENSE
[5.336s] -- Symlinking: /home/maria/rmf_ws/install/large_project/share/large_project/maps/estce/models/Fridge/meshes/Fridge.mtl
[5.344s] -- Symlinking: /home/maria/rmf_ws/install/large_project/share/large_project/maps/estce/models/Fridge/meshes/Fridge.obj
[5.352s] -- Symlinking: /home/maria/rmf_ws/install/large_project/share/large_project/maps/estce/models/Fridge/meshes/Fridge_Col.mtl
[5.360s] -- Symlinking: /home/maria/rmf_ws/install/large_project/share/large_project/maps/estce/models/Fridge/meshes/Fridge_Col.obj
[5.369s] -- Symlinking: /home/maria/rmf_ws/install/large_project/share/large_project/maps/estce/models/Fridge/meshes/Fridge_Diffuse.png
[5.377s] -- Symlinking: /home/maria/rmf_ws/install/large_project/share/large_project/maps/estce/models/Fridge/model.config
[5.385s] -- Symlinking: /home/maria/rmf_ws/install/large_project/share/large_project/maps/estce/models/Fridge/model.sdf
[5.394s] -- Symlinking: /home/maria/rmf_ws/install/large_project/share/large_project/maps/estce/models/Fridge/thumbnails/1.png
[5.402s] -- Symlinking: /home/maria/rmf_ws/install/large_project/share/large_project/maps/estce/models/Fridge/thumbnails/2.png
[5.411s] -- Symlinking: /home/maria/rmf_ws/install/large_project/share/large_project/maps/estce/models/Fridge/thumbnails/3.png
[5.419s] -- Symlinking: /home/maria/rmf_ws/install/large_project/share/large_project/maps/estce/models/Fridge/thumbnails/4.png
[5.427s] -- Symlinking: /home/maria/rmf_ws/install/large_project/share/large_project/maps/estce/models/Fridge/thumbnails/5.png
[5.435s] -- Symlinking: /home/maria/rmf_ws/install/large_project/share/large_project/maps/estce/models/Gazebo/LICENSE
[5.443s] -- Symlinking: /home/maria/rmf_ws/install/large_project/share/large_project/maps/estce/models/Gazebo/materials/textures/gazebo_diffuse.jpg
[5.451s] -- Symlinking: /home/maria/rmf_ws/install/large_project/share/large_project/maps/estce/models/Gazebo/materials/textures/gazebo_spec.jpg
[5.459s] -- Symlinking: /home/maria/rmf_ws/install/large_project/share/large_project/maps/estce/models/Gazebo/meshes/gazebo.dae
[5.467s] -- Symlinking: /home/maria/rmf_ws/install/large_project/share/large_project/maps/estce/models/Gazebo/model.config
[5.476s] -- Symlinking: /home/maria/rmf_ws/install/large_project/share/large_project/maps/estce/models/Gazebo/model.sdf
[5.484s] -- Symlinking: /home/maria/rmf_ws/install/large_project/share/large_project/maps/estce/models/Gazebo/thumbnails/1.png
[5.493s] -- Symlinking: /home/maria/rmf_ws/install/large_project/share/large_project/maps/estce/models/Gazebo/thumbnails/2.png
[5.502s] -- Symlinking: /home/maria/rmf_ws/install/large_project/share/large_project/maps/estce/models/Gazebo/thumbnails/3.png
[5.510s] -- Symlinking: /home/maria/rmf_ws/install/large_project/share/large_project/maps/estce/models/Gazebo/thumbnails/4.png
[5.518s] -- Symlinking: /home/maria/rmf_ws/install/large_project/share/large_project/maps/estce/models/Gazebo/thumbnails/5.png
[5.526s] -- Symlinking: /home/maria/rmf_ws/install/large_project/share/large_project/maps/estce/models/HeadphonesRack1/LICENSE
[5.534s] -- Symlinking: /home/maria/rmf_ws/install/large_project/share/large_project/maps/estce/models/HeadphonesRack1/meshes/HeadphonesRack1.mtl
[5.542s] -- Symlinking: /home/maria/rmf_ws/install/large_project/share/large_project/maps/estce/models/HeadphonesRack1/meshes/HeadphonesRack1.obj
[5.550s] -- Symlinking: /home/maria/rmf_ws/install/large_project/share/large_project/maps/estce/models/HeadphonesRack1/meshes/HeadphonesRack1_Col.mtl
[5.558s] -- Symlinking: /home/maria/rmf_ws/install/large_project/share/large_project/maps/estce/models/HeadphonesRack1/meshes/HeadphonesRack1_Col.obj
[5.567s] -- Symlinking: /home/maria/rmf_ws/install/large_project/share/large_project/maps/estce/models/HeadphonesRack1/meshes/HeadphonesRack1_Diffuse.png
[5.575s] -- Symlinking: /home/maria/rmf_ws/install/large_project/share/large_project/maps/estce/models/HeadphonesRack1/meshes/HeadphonesRack1_Metal.png
[5.583s] -- Symlinking: /home/maria/rmf_ws/install/large_project/share/large_project/maps/estce/models/HeadphonesRack1/meshes/HeadphonesRack1_Normal.png
[5.593s] -- Symlinking: /home/maria/rmf_ws/install/large_project/share/large_project/maps/estce/models/HeadphonesRack1/meshes/HeadphonesRack1_Rough.png
[5.601s] -- Symlinking: /home/maria/rmf_ws/install/large_project/share/large_project/maps/estce/models/HeadphonesRack1/model.config
[5.610s] -- Symlinking: /home/maria/rmf_ws/install/large_project/share/large_project/maps/estce/models/HeadphonesRack1/model.sdf
[5.618s] -- Symlinking: /home/maria/rmf_ws/install/large_project/share/large_project/maps/estce/models/HeadphonesRack1/thumbnails/1.png
[5.626s] -- Symlinking: /home/maria/rmf_ws/install/large_project/share/large_project/maps/estce/models/HeadphonesRack1/thumbnails/2.png
[5.634s] -- Symlinking: /home/maria/rmf_ws/install/large_project/share/large_project/maps/estce/models/HeadphonesRack1/thumbnails/3.png
[5.642s] -- Symlinking: /home/maria/rmf_ws/install/large_project/share/large_project/maps/estce/models/HeadphonesRack1/thumbnails/4.png
[5.650s] -- Symlinking: /home/maria/rmf_ws/install/large_project/share/large_project/maps/estce/models/HeadphonesRack1/thumbnails/5.png
[5.658s] -- Symlinking: /home/maria/rmf_ws/install/large_project/share/large_project/maps/estce/models/InformationCounter/LICENSE
[5.666s] -- Symlinking: /home/maria/rmf_ws/install/large_project/share/large_project/maps/estce/models/InformationCounter/meshes/InformationCounter.mtl
[5.675s] -- Symlinking: /home/maria/rmf_ws/install/large_project/share/large_project/maps/estce/models/InformationCounter/meshes/InformationCounter.obj
[5.683s] -- Symlinking: /home/maria/rmf_ws/install/large_project/share/large_project/maps/estce/models/InformationCounter/meshes/InformationCounter_Col.mtl
[5.692s] -- Symlinking: /home/maria/rmf_ws/install/large_project/share/large_project/maps/estce/models/InformationCounter/meshes/InformationCounter_Col.obj
[5.700s] -- Symlinking: /home/maria/rmf_ws/install/large_project/share/large_project/maps/estce/models/InformationCounter/meshes/InformationCounter_Diffuse.png
[5.709s] -- Symlinking: /home/maria/rmf_ws/install/large_project/share/large_project/maps/estce/models/InformationCounter/meshes/InformationCounter_Metal.png
[5.717s] -- Symlinking: /home/maria/rmf_ws/install/large_project/share/large_project/maps/estce/models/InformationCounter/meshes/InformationCounter_Normal.png
[5.725s] -- Symlinking: /home/maria/rmf_ws/install/large_project/share/large_project/maps/estce/models/InformationCounter/meshes/InformationCounter_Rough.png
[5.733s] -- Symlinking: /home/maria/rmf_ws/install/large_project/share/large_project/maps/estce/models/InformationCounter/model.config
[5.741s] -- Symlinking: /home/maria/rmf_ws/install/large_project/share/large_project/maps/estce/models/InformationCounter/model.sdf
[5.749s] -- Symlinking: /home/maria/rmf_ws/install/large_project/share/large_project/maps/estce/models/InformationCounter/thumbnails/1.png
[5.757s] -- Symlinking: /home/maria/rmf_ws/install/large_project/share/large_project/maps/estce/models/InformationCounter/thumbnails/2.png
[5.765s] -- Symlinking: /home/maria/rmf_ws/install/large_project/share/large_project/maps/estce/models/InformationCounter/thumbnails/3.png
[5.773s] -- Symlinking: /home/maria/rmf_ws/install/large_project/share/large_project/maps/estce/models/InformationCounter/thumbnails/4.png
[5.781s] -- Symlinking: /home/maria/rmf_ws/install/large_project/share/large_project/maps/estce/models/InformationCounter/thumbnails/5.png
[5.790s] -- Symlinking: /home/maria/rmf_ws/install/large_project/share/large_project/maps/estce/models/KitchenCountertop/LICENSE
[5.799s] -- Symlinking: /home/maria/rmf_ws/install/large_project/share/large_project/maps/estce/models/KitchenCountertop/meshes/KitchenCountertop.mtl
[5.807s] -- Symlinking: /home/maria/rmf_ws/install/large_project/share/large_project/maps/estce/models/KitchenCountertop/meshes/KitchenCountertop.obj
[5.816s] -- Symlinking: /home/maria/rmf_ws/install/large_project/share/large_project/maps/estce/models/KitchenCountertop/meshes/KitchenCountertop_Diffuse.png
[5.823s] -- Symlinking: /home/maria/rmf_ws/install/large_project/share/large_project/maps/estce/models/KitchenCountertop/model.config
[5.831s] -- Symlinking: /home/maria/rmf_ws/install/large_project/share/large_project/maps/estce/models/KitchenCountertop/model.sdf
[5.839s] -- Symlinking: /home/maria/rmf_ws/install/large_project/share/large_project/maps/estce/models/KitchenCountertop/thumbnails/1.png
[5.848s] -- Symlinking: /home/maria/rmf_ws/install/large_project/share/large_project/maps/estce/models/KitchenCountertop/thumbnails/2.png
[5.856s] -- Symlinking: /home/maria/rmf_ws/install/large_project/share/large_project/maps/estce/models/KitchenCountertop/thumbnails/3.png
[5.864s] -- Symlinking: /home/maria/rmf_ws/install/large_project/share/large_project/maps/estce/models/KitchenCountertop/thumbnails/4.png
[5.872s] -- Symlinking: /home/maria/rmf_ws/install/large_project/share/large_project/maps/estce/models/KitchenCountertop/thumbnails/5.png
[5.880s] -- Symlinking: /home/maria/rmf_ws/install/large_project/share/large_project/maps/estce/models/KitchenSink/LICENSE
[5.888s] -- Symlinking: /home/maria/rmf_ws/install/large_project/share/large_project/maps/estce/models/KitchenSink/meshes/kitchenSink.mtl
[5.897s] -- Symlinking: /home/maria/rmf_ws/install/large_project/share/large_project/maps/estce/models/KitchenSink/meshes/kitchenSink.obj
[5.907s] -- Symlinking: /home/maria/rmf_ws/install/large_project/share/large_project/maps/estce/models/KitchenSink/model.config
[5.916s] -- Symlinking: /home/maria/rmf_ws/install/large_project/share/large_project/maps/estce/models/KitchenSink/model.sdf
[5.925s] -- Symlinking: /home/maria/rmf_ws/install/large_project/share/large_project/maps/estce/models/KitchenSink/thumbnails/1.png
[5.932s] -- Symlinking: /home/maria/rmf_ws/install/large_project/share/large_project/maps/estce/models/KitchenSink/thumbnails/2.png
[5.940s] -- Symlinking: /home/maria/rmf_ws/install/large_project/share/large_project/maps/estce/models/KitchenSink/thumbnails/3.png
[5.948s] -- Symlinking: /home/maria/rmf_ws/install/large_project/share/large_project/maps/estce/models/KitchenSink/thumbnails/4.png
[5.956s] -- Symlinking: /home/maria/rmf_ws/install/large_project/share/large_project/maps/estce/models/KitchenSink/thumbnails/5.png
[5.964s] -- Symlinking: /home/maria/rmf_ws/install/large_project/share/large_project/maps/estce/models/LockerBig/LICENSE
[5.973s] -- Symlinking: /home/maria/rmf_ws/install/large_project/share/large_project/maps/estce/models/LockerBig/meshes/center.png
[5.982s] -- Symlinking: /home/maria/rmf_ws/install/large_project/share/large_project/maps/estce/models/LockerBig/meshes/locker.mtl
[5.991s] -- Symlinking: /home/maria/rmf_ws/install/large_project/share/large_project/maps/estce/models/LockerBig/meshes/locker.obj
[6.002s] -- Symlinking: /home/maria/rmf_ws/install/large_project/share/large_project/maps/estce/models/LockerBig/meshes/side.png
[6.010s] -- Symlinking: /home/maria/rmf_ws/install/large_project/share/large_project/maps/estce/models/LockerBig/meshes/side1.png
[6.018s] -- Symlinking: /home/maria/rmf_ws/install/large_project/share/large_project/maps/estce/models/LockerBig/model.config
[6.026s] -- Symlinking: /home/maria/rmf_ws/install/large_project/share/large_project/maps/estce/models/LockerBig/model.sdf
[6.035s] -- Symlinking: /home/maria/rmf_ws/install/large_project/share/large_project/maps/estce/models/LockerBig/thumbnails/1.png
[6.044s] -- Symlinking: /home/maria/rmf_ws/install/large_project/share/large_project/maps/estce/models/LockerBig/thumbnails/2.png
[6.055s] -- Symlinking: /home/maria/rmf_ws/install/large_project/share/large_project/maps/estce/models/LockerBig/thumbnails/3.png
[6.065s] -- Symlinking: /home/maria/rmf_ws/install/large_project/share/large_project/maps/estce/models/LockerBig/thumbnails/4.png
[6.073s] -- Symlinking: /home/maria/rmf_ws/install/large_project/share/large_project/maps/estce/models/LockerBig/thumbnails/5.png
[6.081s] -- Symlinking: /home/maria/rmf_ws/install/large_project/share/large_project/maps/estce/models/MainTable/LICENSE
[6.091s] -- Symlinking: /home/maria/rmf_ws/install/large_project/share/large_project/maps/estce/models/MainTable/meshes/MainTable.mtl
[6.099s] -- Symlinking: /home/maria/rmf_ws/install/large_project/share/large_project/maps/estce/models/MainTable/meshes/MainTable.obj
[6.107s] -- Symlinking: /home/maria/rmf_ws/install/large_project/share/large_project/maps/estce/models/MainTable/meshes/MainTable.png
[6.115s] -- Symlinking: /home/maria/rmf_ws/install/large_project/share/large_project/maps/estce/models/MainTable/model.config
[6.123s] -- Symlinking: /home/maria/rmf_ws/install/large_project/share/large_project/maps/estce/models/MainTable/model.sdf
[6.131s] -- Symlinking: /home/maria/rmf_ws/install/large_project/share/large_project/maps/estce/models/MainTable/thumbnails/1.png
[6.139s] -- Symlinking: /home/maria/rmf_ws/install/large_project/share/large_project/maps/estce/models/MainTable/thumbnails/2.png
[6.147s] -- Symlinking: /home/maria/rmf_ws/install/large_project/share/large_project/maps/estce/models/MainTable/thumbnails/3.png
[6.155s] -- Symlinking: /home/maria/rmf_ws/install/large_project/share/large_project/maps/estce/models/MainTable/thumbnails/4.png
[6.163s] -- Symlinking: /home/maria/rmf_ws/install/large_project/share/large_project/maps/estce/models/MainTable/thumbnails/5.png
[6.171s] -- Symlinking: /home/maria/rmf_ws/install/large_project/share/large_project/maps/estce/models/MetalCabinetYellow/LICENSE
[6.180s] -- Symlinking: /home/maria/rmf_ws/install/large_project/share/large_project/maps/estce/models/MetalCabinetYellow/meshes/MetalCabinetYellow.mtl
[6.189s] -- Symlinking: /home/maria/rmf_ws/install/large_project/share/large_project/maps/estce/models/MetalCabinetYellow/meshes/MetalCabinetYellow.obj
[6.197s] -- Symlinking: /home/maria/rmf_ws/install/large_project/share/large_project/maps/estce/models/MetalCabinetYellow/meshes/MetalCabinetYellow.png
[6.206s] -- Symlinking: /home/maria/rmf_ws/install/large_project/share/large_project/maps/estce/models/MetalCabinetYellow/model.config
[6.214s] -- Symlinking: /home/maria/rmf_ws/install/large_project/share/large_project/maps/estce/models/MetalCabinetYellow/model.sdf
[6.222s] -- Symlinking: /home/maria/rmf_ws/install/large_project/share/large_project/maps/estce/models/MetalCabinetYellow/thumbnails/1.png
[6.230s] -- Symlinking: /home/maria/rmf_ws/install/large_project/share/large_project/maps/estce/models/MetalCabinetYellow/thumbnails/2.png
[6.238s] -- Symlinking: /home/maria/rmf_ws/install/large_project/share/large_project/maps/estce/models/MetalCabinetYellow/thumbnails/3.png
[6.245s] -- Symlinking: /home/maria/rmf_ws/install/large_project/share/large_project/maps/estce/models/MetalCabinetYellow/thumbnails/4.png
[6.253s] -- Symlinking: /home/maria/rmf_ws/install/large_project/share/large_project/maps/estce/models/MetalCabinetYellow/thumbnails/5.png
[6.262s] -- Symlinking: /home/maria/rmf_ws/install/large_project/share/large_project/maps/estce/models/MiRCart/LICENSE
[6.270s] -- Symlinking: /home/maria/rmf_ws/install/large_project/share/large_project/maps/estce/models/MiRCart/meshes/MiRCart_Diffuse.png
[6.278s] -- Symlinking: /home/maria/rmf_ws/install/large_project/share/large_project/maps/estce/models/MiRCart/meshes/cart.mtl
[6.286s] -- Symlinking: /home/maria/rmf_ws/install/large_project/share/large_project/maps/estce/models/MiRCart/meshes/cart.obj
[6.295s] -- Symlinking: /home/maria/rmf_ws/install/large_project/share/large_project/maps/estce/models/MiRCart/model.config
[6.303s] -- Symlinking: /home/maria/rmf_ws/install/large_project/share/large_project/maps/estce/models/MiRCart/model.sdf
[6.312s] -- Symlinking: /home/maria/rmf_ws/install/large_project/share/large_project/maps/estce/models/MiRCart/thumbnails/1.png
[6.320s] -- Symlinking: /home/maria/rmf_ws/install/large_project/share/large_project/maps/estce/models/MiRCart/thumbnails/2.png
[6.328s] -- Symlinking: /home/maria/rmf_ws/install/large_project/share/large_project/maps/estce/models/MiRCart/thumbnails/3.png
[6.336s] -- Symlinking: /home/maria/rmf_ws/install/large_project/share/large_project/maps/estce/models/MiRCart/thumbnails/4.png
[6.344s] -- Symlinking: /home/maria/rmf_ws/install/large_project/share/large_project/maps/estce/models/MiRCart/thumbnails/5.png
[6.352s] -- Symlinking: /home/maria/rmf_ws/install/large_project/share/large_project/maps/estce/models/MonitorAndKeyboard/LICENSE
[6.360s] -- Symlinking: /home/maria/rmf_ws/install/large_project/share/large_project/maps/estce/models/MonitorAndKeyboard/meshes/keyboard.mtl
[6.368s] -- Symlinking: /home/maria/rmf_ws/install/large_project/share/large_project/maps/estce/models/MonitorAndKeyboard/meshes/keyboard.obj
[6.376s] -- Symlinking: /home/maria/rmf_ws/install/large_project/share/large_project/maps/estce/models/MonitorAndKeyboard/meshes/monitor.mtl
[6.384s] -- Symlinking: /home/maria/rmf_ws/install/large_project/share/large_project/maps/estce/models/MonitorAndKeyboard/meshes/monitor.obj
[6.393s] -- Symlinking: /home/maria/rmf_ws/install/large_project/share/large_project/maps/estce/models/MonitorAndKeyboard/model.config
[6.401s] -- Symlinking: /home/maria/rmf_ws/install/large_project/share/large_project/maps/estce/models/MonitorAndKeyboard/model.sdf
[6.410s] -- Symlinking: /home/maria/rmf_ws/install/large_project/share/large_project/maps/estce/models/MonitorAndKeyboard/thumbnails/1.png
[6.418s] -- Symlinking: /home/maria/rmf_ws/install/large_project/share/large_project/maps/estce/models/MonitorAndKeyboard/thumbnails/2.png
[6.426s] -- Symlinking: /home/maria/rmf_ws/install/large_project/share/large_project/maps/estce/models/MonitorAndKeyboard/thumbnails/3.png
[6.434s] -- Symlinking: /home/maria/rmf_ws/install/large_project/share/large_project/maps/estce/models/MonitorAndKeyboard/thumbnails/4.png
[6.442s] -- Symlinking: /home/maria/rmf_ws/install/large_project/share/large_project/maps/estce/models/MonitorAndKeyboard/thumbnails/5.png
[6.449s] -- Symlinking: /home/maria/rmf_ws/install/large_project/share/large_project/maps/estce/models/MopCart2/LICENSE
[6.457s] -- Symlinking: /home/maria/rmf_ws/install/large_project/share/large_project/maps/estce/models/MopCart2/meshes/BigRed.png
[6.465s] -- Symlinking: /home/maria/rmf_ws/install/large_project/share/large_project/maps/estce/models/MopCart2/meshes/Blue.png
[6.474s] -- Symlinking: /home/maria/rmf_ws/install/large_project/share/large_project/maps/estce/models/MopCart2/meshes/Broom.png
[6.482s] -- Symlinking: /home/maria/rmf_ws/install/large_project/share/large_project/maps/estce/models/MopCart2/meshes/Cart2.png
[6.490s] -- Symlinking: /home/maria/rmf_ws/install/large_project/share/large_project/maps/estce/models/MopCart2/meshes/Cloth.png
[6.499s] -- Symlinking: /home/maria/rmf_ws/install/large_project/share/large_project/maps/estce/models/MopCart2/meshes/Duster.png
[6.508s] -- Symlinking: /home/maria/rmf_ws/install/large_project/share/large_project/maps/estce/models/MopCart2/meshes/Mop.png
[6.516s] -- Symlinking: /home/maria/rmf_ws/install/large_project/share/large_project/maps/estce/models/MopCart2/meshes/MopCart2.mtl
[6.524s] -- Symlinking: /home/maria/rmf_ws/install/large_project/share/large_project/maps/estce/models/MopCart2/meshes/MopCart2.obj
[6.532s] -- Symlinking: /home/maria/rmf_ws/install/large_project/share/large_project/maps/estce/models/MopCart2/meshes/Tongs.png
[6.540s] -- Symlinking: /home/maria/rmf_ws/install/large_project/share/large_project/maps/estce/models/MopCart2/model.config
[6.548s] -- Symlinking: /home/maria/rmf_ws/install/large_project/share/large_project/maps/estce/models/MopCart2/model.sdf
[6.556s] -- Symlinking: /home/maria/rmf_ws/install/large_project/share/large_project/maps/estce/models/MopCart2/thumbnails/1.png
[6.564s] -- Symlinking: /home/maria/rmf_ws/install/large_project/share/large_project/maps/estce/models/MopCart2/thumbnails/2.png
[6.572s] -- Symlinking: /home/maria/rmf_ws/install/large_project/share/large_project/maps/estce/models/MopCart2/thumbnails/3.png
[6.580s] -- Symlinking: /home/maria/rmf_ws/install/large_project/share/large_project/maps/estce/models/MopCart2/thumbnails/4.png
[6.588s] -- Symlinking: /home/maria/rmf_ws/install/large_project/share/large_project/maps/estce/models/MopCart2/thumbnails/5.png
[6.597s] -- Symlinking: /home/maria/rmf_ws/install/large_project/share/large_project/maps/estce/models/MopCart3/LICENSE
[6.606s] -- Symlinking: /home/maria/rmf_ws/install/large_project/share/large_project/maps/estce/models/MopCart3/meshes/Blue.png
[6.614s] -- Symlinking: /home/maria/rmf_ws/install/large_project/share/large_project/maps/estce/models/MopCart3/meshes/Cart.png
[6.622s] -- Symlinking: /home/maria/rmf_ws/install/large_project/share/large_project/maps/estce/models/MopCart3/meshes/Cloth.png
[6.630s] -- Symlinking: /home/maria/rmf_ws/install/large_project/share/large_project/maps/estce/models/MopCart3/meshes/Duster.png
[6.638s] -- Symlinking: /home/maria/rmf_ws/install/large_project/share/large_project/maps/estce/models/MopCart3/meshes/Glove.png
[6.646s] -- Symlinking: /home/maria/rmf_ws/install/large_project/share/large_project/maps/estce/models/MopCart3/meshes/Mop.png
[6.654s] -- Symlinking: /home/maria/rmf_ws/install/large_project/share/large_project/maps/estce/models/MopCart3/meshes/MopCart3.mtl
[6.662s] -- Symlinking: /home/maria/rmf_ws/install/large_project/share/large_project/maps/estce/models/MopCart3/meshes/MopCart3.obj
[6.670s] -- Symlinking: /home/maria/rmf_ws/install/large_project/share/large_project/maps/estce/models/MopCart3/meshes/Parcel.png
[6.678s] -- Symlinking: /home/maria/rmf_ws/install/large_project/share/large_project/maps/estce/models/MopCart3/meshes/Plastic.png
[6.686s] -- Symlinking: /home/maria/rmf_ws/install/large_project/share/large_project/maps/estce/models/MopCart3/meshes/Red.png
[6.696s] -- Symlinking: /home/maria/rmf_ws/install/large_project/share/large_project/maps/estce/models/MopCart3/meshes/Sign.png
[6.704s] -- Symlinking: /home/maria/rmf_ws/install/large_project/share/large_project/maps/estce/models/MopCart3/meshes/Spray.png
[6.712s] -- Symlinking: /home/maria/rmf_ws/install/large_project/share/large_project/maps/estce/models/MopCart3/model.config
[6.720s] -- Symlinking: /home/maria/rmf_ws/install/large_project/share/large_project/maps/estce/models/MopCart3/model.sdf
[6.728s] -- Symlinking: /home/maria/rmf_ws/install/large_project/share/large_project/maps/estce/models/MopCart3/thumbnails/1.png
[6.736s] -- Symlinking: /home/maria/rmf_ws/install/large_project/share/large_project/maps/estce/models/MopCart3/thumbnails/2.png
[6.744s] -- Symlinking: /home/maria/rmf_ws/install/large_project/share/large_project/maps/estce/models/MopCart3/thumbnails/3.png
[6.752s] -- Symlinking: /home/maria/rmf_ws/install/large_project/share/large_project/maps/estce/models/MopCart3/thumbnails/4.png
[6.760s] -- Symlinking: /home/maria/rmf_ws/install/large_project/share/large_project/maps/estce/models/MopCart3/thumbnails/5.png
[6.769s] -- Symlinking: /home/maria/rmf_ws/install/large_project/share/large_project/maps/estce/models/MopCart4/LICENSE
[6.777s] -- Symlinking: /home/maria/rmf_ws/install/large_project/share/large_project/maps/estce/models/MopCart4/meshes/Cart.png
[6.786s] -- Symlinking: /home/maria/rmf_ws/install/large_project/share/large_project/maps/estce/models/MopCart4/meshes/MopCart4.mtl
[6.794s] -- Symlinking: /home/maria/rmf_ws/install/large_project/share/large_project/maps/estce/models/MopCart4/meshes/MopCart4.obj
[6.803s] -- Symlinking: /home/maria/rmf_ws/install/large_project/share/large_project/maps/estce/models/MopCart4/meshes/blue.png
[6.810s] -- Symlinking: /home/maria/rmf_ws/install/large_project/share/large_project/maps/estce/models/MopCart4/meshes/red.png
[6.819s] -- Symlinking: /home/maria/rmf_ws/install/large_project/share/large_project/maps/estce/models/MopCart4/model.config
[6.827s] -- Symlinking: /home/maria/rmf_ws/install/large_project/share/large_project/maps/estce/models/MopCart4/model.sdf
[6.835s] -- Symlinking: /home/maria/rmf_ws/install/large_project/share/large_project/maps/estce/models/MopCart4/thumbnails/1.png
[6.843s] -- Symlinking: /home/maria/rmf_ws/install/large_project/share/large_project/maps/estce/models/MopCart4/thumbnails/2.png
[6.851s] -- Symlinking: /home/maria/rmf_ws/install/large_project/share/large_project/maps/estce/models/MopCart4/thumbnails/3.png
[6.859s] -- Symlinking: /home/maria/rmf_ws/install/large_project/share/large_project/maps/estce/models/MopCart4/thumbnails/4.png
[6.867s] -- Symlinking: /home/maria/rmf_ws/install/large_project/share/large_project/maps/estce/models/MopCart4/thumbnails/5.png
[6.875s] -- Symlinking: /home/maria/rmf_ws/install/large_project/share/large_project/maps/estce/models/NurseTable/LICENSE
[6.883s] -- Symlinking: /home/maria/rmf_ws/install/large_project/share/large_project/maps/estce/models/NurseTable/meshes/NurseTable.mtl
[6.892s] -- Symlinking: /home/maria/rmf_ws/install/large_project/share/large_project/maps/estce/models/NurseTable/meshes/NurseTable.obj
[6.900s] -- Symlinking: /home/maria/rmf_ws/install/large_project/share/large_project/maps/estce/models/NurseTable/meshes/NurseTable.png
[6.908s] -- Symlinking: /home/maria/rmf_ws/install/large_project/share/large_project/maps/estce/models/NurseTable/meshes/NurseTable_Col.mtl
[6.917s] -- Symlinking: /home/maria/rmf_ws/install/large_project/share/large_project/maps/estce/models/NurseTable/meshes/NurseTable_Col.obj
[6.925s] -- Symlinking: /home/maria/rmf_ws/install/large_project/share/large_project/maps/estce/models/NurseTable/model.config
[6.933s] -- Symlinking: /home/maria/rmf_ws/install/large_project/share/large_project/maps/estce/models/NurseTable/model.sdf
[6.941s] -- Symlinking: /home/maria/rmf_ws/install/large_project/share/large_project/maps/estce/models/NurseTable/thumbnails/1.png
[6.949s] -- Symlinking: /home/maria/rmf_ws/install/large_project/share/large_project/maps/estce/models/NurseTable/thumbnails/2.png
[6.957s] -- Symlinking: /home/maria/rmf_ws/install/large_project/share/large_project/maps/estce/models/NurseTable/thumbnails/3.png
[6.965s] -- Symlinking: /home/maria/rmf_ws/install/large_project/share/large_project/maps/estce/models/NurseTable/thumbnails/4.png
[6.973s] -- Symlinking: /home/maria/rmf_ws/install/large_project/share/large_project/maps/estce/models/NurseTable/thumbnails/5.png
[6.982s] -- Symlinking: /home/maria/rmf_ws/install/large_project/share/large_project/maps/estce/models/Oak tree/LICENSE
[6.990s] -- Symlinking: /home/maria/rmf_ws/install/large_project/share/large_project/maps/estce/models/Oak tree/materials/scripts/caster_fp.glsl
[7.000s] -- Symlinking: /home/maria/rmf_ws/install/large_project/share/large_project/maps/estce/models/Oak tree/materials/scripts/caster_vp.glsl
[7.007s] -- Symlinking: /home/maria/rmf_ws/install/large_project/share/large_project/maps/estce/models/Oak tree/materials/scripts/oak_tree.material
[7.016s] -- Symlinking: /home/maria/rmf_ws/install/large_project/share/large_project/maps/estce/models/Oak tree/materials/textures/bark_diffuse.png
[7.024s] -- Symlinking: /home/maria/rmf_ws/install/large_project/share/large_project/maps/estce/models/Oak tree/materials/textures/branch_diffuse.png
[7.032s] -- Symlinking: /home/maria/rmf_ws/install/large_project/share/large_project/maps/estce/models/Oak tree/meshes/oak_tree.dae
[7.040s] -- Symlinking: /home/maria/rmf_ws/install/large_project/share/large_project/maps/estce/models/Oak tree/model.config
[7.048s] -- Symlinking: /home/maria/rmf_ws/install/large_project/share/large_project/maps/estce/models/Oak tree/model.sdf
[7.055s] -- Symlinking: /home/maria/rmf_ws/install/large_project/share/large_project/maps/estce/models/Oak tree/thumbnails/1.png
[7.063s] -- Symlinking: /home/maria/rmf_ws/install/large_project/share/large_project/maps/estce/models/Oak tree/thumbnails/2.png
[7.071s] -- Symlinking: /home/maria/rmf_ws/install/large_project/share/large_project/maps/estce/models/Oak tree/thumbnails/3.png
[7.079s] -- Symlinking: /home/maria/rmf_ws/install/large_project/share/large_project/maps/estce/models/Oak tree/thumbnails/4.png
[7.087s] -- Symlinking: /home/maria/rmf_ws/install/large_project/share/large_project/maps/estce/models/Oak tree/thumbnails/5.png
[7.097s] -- Symlinking: /home/maria/rmf_ws/install/large_project/share/large_project/maps/estce/models/OfficeChairBlack/LICENSE
[7.105s] -- Symlinking: /home/maria/rmf_ws/install/large_project/share/large_project/maps/estce/models/OfficeChairBlack/meshes/OfficeChairBlack.mtl
[7.113s] -- Symlinking: /home/maria/rmf_ws/install/large_project/share/large_project/maps/estce/models/OfficeChairBlack/meshes/OfficeChairBlack.obj
[7.121s] -- Symlinking: /home/maria/rmf_ws/install/large_project/share/large_project/maps/estce/models/OfficeChairBlack/meshes/OfficeChairBlack.png
[7.129s] -- Symlinking: /home/maria/rmf_ws/install/large_project/share/large_project/maps/estce/models/OfficeChairBlack/meshes/OfficeChairBlack_Col.mtl
[7.137s] -- Symlinking: /home/maria/rmf_ws/install/large_project/share/large_project/maps/estce/models/OfficeChairBlack/meshes/OfficeChairBlack_Col.obj
[7.145s] -- Symlinking: /home/maria/rmf_ws/install/large_project/share/large_project/maps/estce/models/OfficeChairBlack/model.config
[7.153s] -- Symlinking: /home/maria/rmf_ws/install/large_project/share/large_project/maps/estce/models/OfficeChairBlack/model.sdf
[7.161s] -- Symlinking: /home/maria/rmf_ws/install/large_project/share/large_project/maps/estce/models/OfficeChairBlack/thumbnails/1.png
[7.169s] -- Symlinking: /home/maria/rmf_ws/install/large_project/share/large_project/maps/estce/models/OfficeChairBlack/thumbnails/2.png
[7.177s] -- Symlinking: /home/maria/rmf_ws/install/large_project/share/large_project/maps/estce/models/OfficeChairBlack/thumbnails/3.png
[7.185s] -- Symlinking: /home/maria/rmf_ws/install/large_project/share/large_project/maps/estce/models/OfficeChairBlack/thumbnails/4.png
[7.194s] -- Symlinking: /home/maria/rmf_ws/install/large_project/share/large_project/maps/estce/models/OfficeChairBlack/thumbnails/5.png
[7.202s] -- Symlinking: /home/maria/rmf_ws/install/large_project/share/large_project/maps/estce/models/OfficeChairBlack/thumbnails/meta/1.png
[7.211s] -- Symlinking: /home/maria/rmf_ws/install/large_project/share/large_project/maps/estce/models/OfficeChairBlack/thumbnails/meta/2.png
[7.219s] -- Symlinking: /home/maria/rmf_ws/install/large_project/share/large_project/maps/estce/models/OfficeChairBlack/thumbnails/meta/3.png
[7.227s] -- Symlinking: /home/maria/rmf_ws/install/large_project/share/large_project/maps/estce/models/OfficeChairBlack/thumbnails/meta/4.png
[7.235s] -- Symlinking: /home/maria/rmf_ws/install/large_project/share/large_project/maps/estce/models/OfficeChairBlack/thumbnails/meta/5.png
[7.243s] -- Symlinking: /home/maria/rmf_ws/install/large_project/share/large_project/maps/estce/models/OfficeChairBlue/LICENSE
[7.251s] -- Symlinking: /home/maria/rmf_ws/install/large_project/share/large_project/maps/estce/models/OfficeChairBlue/meshes/OfficeChairBlue.mtl
[7.259s] -- Symlinking: /home/maria/rmf_ws/install/large_project/share/large_project/maps/estce/models/OfficeChairBlue/meshes/OfficeChairBlue.obj
[7.267s] -- Symlinking: /home/maria/rmf_ws/install/large_project/share/large_project/maps/estce/models/OfficeChairBlue/meshes/OfficeChairBlue.png
[7.276s] -- Symlinking: /home/maria/rmf_ws/install/large_project/share/large_project/maps/estce/models/OfficeChairBlue/meshes/OfficeChairBlue_Col.mtl
[7.285s] -- Symlinking: /home/maria/rmf_ws/install/large_project/share/large_project/maps/estce/models/OfficeChairBlue/meshes/OfficeChairBlue_Col.obj
[7.294s] -- Symlinking: /home/maria/rmf_ws/install/large_project/share/large_project/maps/estce/models/OfficeChairBlue/model.config
[7.302s] -- Symlinking: /home/maria/rmf_ws/install/large_project/share/large_project/maps/estce/models/OfficeChairBlue/model.sdf
[7.310s] -- Symlinking: /home/maria/rmf_ws/install/large_project/share/large_project/maps/estce/models/OfficeChairBlue/thumbnails/1.png
[7.319s] -- Symlinking: /home/maria/rmf_ws/install/large_project/share/large_project/maps/estce/models/OfficeChairBlue/thumbnails/2.png
[7.327s] -- Symlinking: /home/maria/rmf_ws/install/large_project/share/large_project/maps/estce/models/OfficeChairBlue/thumbnails/3.png
[7.335s] -- Symlinking: /home/maria/rmf_ws/install/large_project/share/large_project/maps/estce/models/OfficeChairBlue/thumbnails/4.png
[7.343s] -- Symlinking: /home/maria/rmf_ws/install/large_project/share/large_project/maps/estce/models/OfficeChairBlue/thumbnails/5.png
[7.351s] -- Symlinking: /home/maria/rmf_ws/install/large_project/share/large_project/maps/estce/models/OfficeChairBlue/thumbnails/meta/1.png
[7.359s] -- Symlinking: /home/maria/rmf_ws/install/large_project/share/large_project/maps/estce/models/OfficeChairBlue/thumbnails/meta/2.png
[7.368s] -- Symlinking: /home/maria/rmf_ws/install/large_project/share/large_project/maps/estce/models/OfficeChairBlue/thumbnails/meta/3.png
[7.376s] -- Symlinking: /home/maria/rmf_ws/install/large_project/share/large_project/maps/estce/models/OfficeChairBlue/thumbnails/meta/4.png
[7.385s] -- Symlinking: /home/maria/rmf_ws/install/large_project/share/large_project/maps/estce/models/OfficeChairBlue/thumbnails/meta/5.png
[7.396s] -- Symlinking: /home/maria/rmf_ws/install/large_project/share/large_project/maps/estce/models/OfficeChairGrey/LICENSE
[7.405s] -- Symlinking: /home/maria/rmf_ws/install/large_project/share/large_project/maps/estce/models/OfficeChairGrey/meshes/OfficeChairGrey.mtl
[7.415s] -- Symlinking: /home/maria/rmf_ws/install/large_project/share/large_project/maps/estce/models/OfficeChairGrey/meshes/OfficeChairGrey.obj
[7.424s] -- Symlinking: /home/maria/rmf_ws/install/large_project/share/large_project/maps/estce/models/OfficeChairGrey/meshes/OfficeChairGrey.png
[7.431s] -- Symlinking: /home/maria/rmf_ws/install/large_project/share/large_project/maps/estce/models/OfficeChairGrey/meshes/OfficeChairGrey_Col.mtl
[7.439s] -- Symlinking: /home/maria/rmf_ws/install/large_project/share/large_project/maps/estce/models/OfficeChairGrey/meshes/OfficeChairGrey_Col.obj
[7.447s] -- Symlinking: /home/maria/rmf_ws/install/large_project/share/large_project/maps/estce/models/OfficeChairGrey/model.config
[7.455s] -- Symlinking: /home/maria/rmf_ws/install/large_project/share/large_project/maps/estce/models/OfficeChairGrey/model.sdf
[7.463s] -- Symlinking: /home/maria/rmf_ws/install/large_project/share/large_project/maps/estce/models/OfficeChairGrey/thumbnails/1.png
[7.472s] -- Symlinking: /home/maria/rmf_ws/install/large_project/share/large_project/maps/estce/models/OfficeChairGrey/thumbnails/2.png
[7.482s] -- Symlinking: /home/maria/rmf_ws/install/large_project/share/large_project/maps/estce/models/OfficeChairGrey/thumbnails/3.png
[7.492s] -- Symlinking: /home/maria/rmf_ws/install/large_project/share/large_project/maps/estce/models/OfficeChairGrey/thumbnails/4.png
[7.502s] -- Symlinking: /home/maria/rmf_ws/install/large_project/share/large_project/maps/estce/models/OfficeChairGrey/thumbnails/5.png
[7.510s] -- Symlinking: /home/maria/rmf_ws/install/large_project/share/large_project/maps/estce/models/OfficeChairGrey/thumbnails/meta/1.png
[7.518s] -- Symlinking: /home/maria/rmf_ws/install/large_project/share/large_project/maps/estce/models/OfficeChairGrey/thumbnails/meta/2.png
[7.526s] -- Symlinking: /home/maria/rmf_ws/install/large_project/share/large_project/maps/estce/models/OfficeChairGrey/thumbnails/meta/3.png
[7.534s] -- Symlinking: /home/maria/rmf_ws/install/large_project/share/large_project/maps/estce/models/OfficeChairGrey/thumbnails/meta/4.png
[7.542s] -- Symlinking: /home/maria/rmf_ws/install/large_project/share/large_project/maps/estce/models/OfficeChairGrey/thumbnails/meta/5.png
[7.550s] -- Symlinking: /home/maria/rmf_ws/install/large_project/share/large_project/maps/estce/models/Pine Tree/LICENSE
[7.558s] -- Symlinking: /home/maria/rmf_ws/install/large_project/share/large_project/maps/estce/models/Pine Tree/materials/scripts/caster_fp.glsl
[7.566s] -- Symlinking: /home/maria/rmf_ws/install/large_project/share/large_project/maps/estce/models/Pine Tree/materials/scripts/caster_vp.glsl
[7.574s] -- Symlinking: /home/maria/rmf_ws/install/large_project/share/large_project/maps/estce/models/Pine Tree/materials/scripts/pine_tree.material
[7.582s] -- Symlinking: /home/maria/rmf_ws/install/large_project/share/large_project/maps/estce/models/Pine Tree/materials/textures/bark_diffuse.png
[7.592s] -- Symlinking: /home/maria/rmf_ws/install/large_project/share/large_project/maps/estce/models/Pine Tree/materials/textures/branch_2_diffuse.png
[7.600s] -- Symlinking: /home/maria/rmf_ws/install/large_project/share/large_project/maps/estce/models/Pine Tree/meshes/pine_tree.dae
[7.608s] -- Symlinking: /home/maria/rmf_ws/install/large_project/share/large_project/maps/estce/models/Pine Tree/model.config
[7.616s] -- Symlinking: /home/maria/rmf_ws/install/large_project/share/large_project/maps/estce/models/Pine Tree/model.sdf
[7.624s] -- Symlinking: /home/maria/rmf_ws/install/large_project/share/large_project/maps/estce/models/Pine Tree/thumbnails/1.png
[7.632s] -- Symlinking: /home/maria/rmf_ws/install/large_project/share/large_project/maps/estce/models/Pine Tree/thumbnails/2.png
[7.640s] -- Symlinking: /home/maria/rmf_ws/install/large_project/share/large_project/maps/estce/models/Pine Tree/thumbnails/3.png
[7.649s] -- Symlinking: /home/maria/rmf_ws/install/large_project/share/large_project/maps/estce/models/Pine Tree/thumbnails/4.png
[7.660s] -- Symlinking: /home/maria/rmf_ws/install/large_project/share/large_project/maps/estce/models/Pine Tree/thumbnails/5.png
[7.669s] -- Symlinking: /home/maria/rmf_ws/install/large_project/share/large_project/maps/estce/models/PotatoChipChair/LICENSE
[7.678s] -- Symlinking: /home/maria/rmf_ws/install/large_project/share/large_project/maps/estce/models/PotatoChipChair/meshes/PotatoChipChair.mtl
[7.686s] -- Symlinking: /home/maria/rmf_ws/install/large_project/share/large_project/maps/estce/models/PotatoChipChair/meshes/PotatoChipChair.obj
[7.695s] -- Symlinking: /home/maria/rmf_ws/install/large_project/share/large_project/maps/estce/models/PotatoChipChair/meshes/PotatoChipChairDiffuse.png
[7.703s] -- Symlinking: /home/maria/rmf_ws/install/large_project/share/large_project/maps/estce/models/PotatoChipChair/meshes/PotatoChipChair_Col.mtl
[7.711s] -- Symlinking: /home/maria/rmf_ws/install/large_project/share/large_project/maps/estce/models/PotatoChipChair/meshes/PotatoChipChair_Col.obj
[7.719s] -- Symlinking: /home/maria/rmf_ws/install/large_project/share/large_project/maps/estce/models/PotatoChipChair/model.config
[7.727s] -- Symlinking: /home/maria/rmf_ws/install/large_project/share/large_project/maps/estce/models/PotatoChipChair/model.sdf
[7.735s] -- Symlinking: /home/maria/rmf_ws/install/large_project/share/large_project/maps/estce/models/PotatoChipChair/thumbnails/1.png
[7.742s] -- Symlinking: /home/maria/rmf_ws/install/large_project/share/large_project/maps/estce/models/PotatoChipChair/thumbnails/2.png
[7.750s] -- Symlinking: /home/maria/rmf_ws/install/large_project/share/large_project/maps/estce/models/PotatoChipChair/thumbnails/3.png
[7.758s] -- Symlinking: /home/maria/rmf_ws/install/large_project/share/large_project/maps/estce/models/PotatoChipChair/thumbnails/4.png
[7.766s] -- Symlinking: /home/maria/rmf_ws/install/large_project/share/large_project/maps/estce/models/PotatoChipChair/thumbnails/5.png
[7.774s] -- Symlinking: /home/maria/rmf_ws/install/large_project/share/large_project/maps/estce/models/RecTable/LICENSE
[7.782s] -- Symlinking: /home/maria/rmf_ws/install/large_project/share/large_project/maps/estce/models/RecTable/meshes/RecTable.mtl
[7.791s] -- Symlinking: /home/maria/rmf_ws/install/large_project/share/large_project/maps/estce/models/RecTable/meshes/RecTable.obj
[7.800s] -- Symlinking: /home/maria/rmf_ws/install/large_project/share/large_project/maps/estce/models/RecTable/meshes/RecTable_Col.mtl
[7.808s] -- Symlinking: /home/maria/rmf_ws/install/large_project/share/large_project/maps/estce/models/RecTable/meshes/RecTable_Col.obj
[7.815s] -- Symlinking: /home/maria/rmf_ws/install/large_project/share/large_project/maps/estce/models/RecTable/meshes/rectable.png
[7.823s] -- Symlinking: /home/maria/rmf_ws/install/large_project/share/large_project/maps/estce/models/RecTable/model.config
[7.832s] -- Symlinking: /home/maria/rmf_ws/install/large_project/share/large_project/maps/estce/models/RecTable/model.sdf
[7.839s] -- Symlinking: /home/maria/rmf_ws/install/large_project/share/large_project/maps/estce/models/RecTable/thumbnails/1.png
[7.848s] -- Symlinking: /home/maria/rmf_ws/install/large_project/share/large_project/maps/estce/models/RecTable/thumbnails/2.png
[7.855s] -- Symlinking: /home/maria/rmf_ws/install/large_project/share/large_project/maps/estce/models/RecTable/thumbnails/3.png
[7.864s] -- Symlinking: /home/maria/rmf_ws/install/large_project/share/large_project/maps/estce/models/RecTable/thumbnails/4.png
[7.872s] -- Symlinking: /home/maria/rmf_ws/install/large_project/share/large_project/maps/estce/models/RecTable/thumbnails/5.png
[7.879s] -- Symlinking: /home/maria/rmf_ws/install/large_project/share/large_project/maps/estce/models/RetailKiosk1/LICENSE
[7.888s] -- Symlinking: /home/maria/rmf_ws/install/large_project/share/large_project/maps/estce/models/RetailKiosk1/meshes/RetailKiosk1.mtl
[7.897s] -- Symlinking: /home/maria/rmf_ws/install/large_project/share/large_project/maps/estce/models/RetailKiosk1/meshes/RetailKiosk1.obj
[7.905s] -- Symlinking: /home/maria/rmf_ws/install/large_project/share/large_project/maps/estce/models/RetailKiosk1/meshes/RetailKiosk1_Col.mtl
[7.913s] -- Symlinking: /home/maria/rmf_ws/install/large_project/share/large_project/maps/estce/models/RetailKiosk1/meshes/RetailKiosk1_Col.obj
[7.921s] -- Symlinking: /home/maria/rmf_ws/install/large_project/share/large_project/maps/estce/models/RetailKiosk1/meshes/RetailKiosk1_Diffuse.png
[7.929s] -- Symlinking: /home/maria/rmf_ws/install/large_project/share/large_project/maps/estce/models/RetailKiosk1/meshes/RetailKiosk1_Normal.png
[7.937s] -- Symlinking: /home/maria/rmf_ws/install/large_project/share/large_project/maps/estce/models/RetailKiosk1/meshes/RetailKiosk1_Rough.png
[7.945s] -- Symlinking: /home/maria/rmf_ws/install/large_project/share/large_project/maps/estce/models/RetailKiosk1/model.config
[7.952s] -- Symlinking: /home/maria/rmf_ws/install/large_project/share/large_project/maps/estce/models/RetailKiosk1/model.sdf
[7.965s] -- Symlinking: /home/maria/rmf_ws/install/large_project/share/large_project/maps/estce/models/RetailKiosk1/thumbnails/1.png
[7.975s] -- Symlinking: /home/maria/rmf_ws/install/large_project/share/large_project/maps/estce/models/RetailKiosk1/thumbnails/2.png
[7.986s] -- Symlinking: /home/maria/rmf_ws/install/large_project/share/large_project/maps/estce/models/RetailKiosk1/thumbnails/3.png
[7.995s] -- Symlinking: /home/maria/rmf_ws/install/large_project/share/large_project/maps/estce/models/RetailKiosk1/thumbnails/4.png
[8.005s] -- Symlinking: /home/maria/rmf_ws/install/large_project/share/large_project/maps/estce/models/RetailKiosk1/thumbnails/5.png
[8.013s] -- Symlinking: /home/maria/rmf_ws/install/large_project/share/large_project/maps/estce/models/ScrubsTrolley/LICENSE
[8.021s] -- Symlinking: /home/maria/rmf_ws/install/large_project/share/large_project/maps/estce/models/ScrubsTrolley/meshes/ScrubsTrolley.mtl
[8.030s] -- Symlinking: /home/maria/rmf_ws/install/large_project/share/large_project/maps/estce/models/ScrubsTrolley/meshes/ScrubsTrolley.obj
[8.037s] -- Symlinking: /home/maria/rmf_ws/install/large_project/share/large_project/maps/estce/models/ScrubsTrolley/meshes/ScrubsTrolley.png
[8.045s] -- Symlinking: /home/maria/rmf_ws/install/large_project/share/large_project/maps/estce/models/ScrubsTrolley/meshes/ScrubsTrolley_Col.mtl
[8.053s] -- Symlinking: /home/maria/rmf_ws/install/large_project/share/large_project/maps/estce/models/ScrubsTrolley/meshes/ScrubsTrolley_Col.obj
[8.061s] -- Symlinking: /home/maria/rmf_ws/install/large_project/share/large_project/maps/estce/models/ScrubsTrolley/model.config
[8.069s] -- Symlinking: /home/maria/rmf_ws/install/large_project/share/large_project/maps/estce/models/ScrubsTrolley/model.sdf
[8.077s] -- Symlinking: /home/maria/rmf_ws/install/large_project/share/large_project/maps/estce/models/ScrubsTrolley/thumbnails/1.png
[8.085s] -- Symlinking: /home/maria/rmf_ws/install/large_project/share/large_project/maps/estce/models/ScrubsTrolley/thumbnails/2.png
[8.095s] -- Symlinking: /home/maria/rmf_ws/install/large_project/share/large_project/maps/estce/models/ScrubsTrolley/thumbnails/3.png
[8.103s] -- Symlinking: /home/maria/rmf_ws/install/large_project/share/large_project/maps/estce/models/ScrubsTrolley/thumbnails/4.png
[8.111s] -- Symlinking: /home/maria/rmf_ws/install/large_project/share/large_project/maps/estce/models/ScrubsTrolley/thumbnails/5.png
[8.120s] -- Symlinking: /home/maria/rmf_ws/install/large_project/share/large_project/maps/estce/models/SmallCubicle/LICENSE
[8.128s] -- Symlinking: /home/maria/rmf_ws/install/large_project/share/large_project/maps/estce/models/SmallCubicle/meshes/SmallCubicle.mtl
[8.135s] -- Symlinking: /home/maria/rmf_ws/install/large_project/share/large_project/maps/estce/models/SmallCubicle/meshes/SmallCubicle.obj
[8.143s] -- Symlinking: /home/maria/rmf_ws/install/large_project/share/large_project/maps/estce/models/SmallCubicle/meshes/SmallCubicle_Col.mtl
[8.151s] -- Symlinking: /home/maria/rmf_ws/install/large_project/share/large_project/maps/estce/models/SmallCubicle/meshes/SmallCubicle_Col.obj
[8.159s] -- Symlinking: /home/maria/rmf_ws/install/large_project/share/large_project/maps/estce/models/SmallCubicle/meshes/SmallCubicle_Diffuse.png
[8.167s] -- Symlinking: /home/maria/rmf_ws/install/large_project/share/large_project/maps/estce/models/SmallCubicle/model.config
[8.176s] -- Symlinking: /home/maria/rmf_ws/install/large_project/share/large_project/maps/estce/models/SmallCubicle/model.sdf
[8.183s] -- Symlinking: /home/maria/rmf_ws/install/large_project/share/large_project/maps/estce/models/SmallCubicle/thumbnails/1.png
[8.191s] -- Symlinking: /home/maria/rmf_ws/install/large_project/share/large_project/maps/estce/models/SmallCubicle/thumbnails/2.png
[8.200s] -- Symlinking: /home/maria/rmf_ws/install/large_project/share/large_project/maps/estce/models/SmallCubicle/thumbnails/3.png
[8.209s] -- Symlinking: /home/maria/rmf_ws/install/large_project/share/large_project/maps/estce/models/SmallCubicle/thumbnails/4.png
[8.217s] -- Symlinking: /home/maria/rmf_ws/install/large_project/share/large_project/maps/estce/models/SmallCubicle/thumbnails/5.png
[8.227s] -- Symlinking: /home/maria/rmf_ws/install/large_project/share/large_project/maps/estce/models/Sofa/LICENSE
[8.235s] -- Symlinking: /home/maria/rmf_ws/install/large_project/share/large_project/maps/estce/models/Sofa/meshes/Sofa.mtl
[8.243s] -- Symlinking: /home/maria/rmf_ws/install/large_project/share/large_project/maps/estce/models/Sofa/meshes/Sofa.obj
[8.251s] -- Symlinking: /home/maria/rmf_ws/install/large_project/share/large_project/maps/estce/models/Sofa/meshes/SofaDiffuse.png
[8.259s] -- Symlinking: /home/maria/rmf_ws/install/large_project/share/large_project/maps/estce/models/Sofa/model.config
[8.267s] -- Symlinking: /home/maria/rmf_ws/install/large_project/share/large_project/maps/estce/models/Sofa/model.sdf
[8.275s] -- Symlinking: /home/maria/rmf_ws/install/large_project/share/large_project/maps/estce/models/Sofa/thumbnails/1.png
[8.283s] -- Symlinking: /home/maria/rmf_ws/install/large_project/share/large_project/maps/estce/models/Sofa/thumbnails/2.png
[8.292s] -- Symlinking: /home/maria/rmf_ws/install/large_project/share/large_project/maps/estce/models/Sofa/thumbnails/3.png
[8.301s] -- Symlinking: /home/maria/rmf_ws/install/large_project/share/large_project/maps/estce/models/Sofa/thumbnails/4.png
[8.309s] -- Symlinking: /home/maria/rmf_ws/install/large_project/share/large_project/maps/estce/models/Sofa/thumbnails/5.png
[8.317s] -- Symlinking: /home/maria/rmf_ws/install/large_project/share/large_project/maps/estce/models/StorageRackCovered/LICENSE
[8.325s] -- Symlinking: /home/maria/rmf_ws/install/large_project/share/large_project/maps/estce/models/StorageRackCovered/meshes/StorageRackCovered.mtl
[8.333s] -- Symlinking: /home/maria/rmf_ws/install/large_project/share/large_project/maps/estce/models/StorageRackCovered/meshes/StorageRackCovered.obj
[8.341s] -- Symlinking: /home/maria/rmf_ws/install/large_project/share/large_project/maps/estce/models/StorageRackCovered/meshes/StorageRackCovered.png
[8.349s] -- Symlinking: /home/maria/rmf_ws/install/large_project/share/large_project/maps/estce/models/StorageRackCovered/model.config
[8.357s] -- Symlinking: /home/maria/rmf_ws/install/large_project/share/large_project/maps/estce/models/StorageRackCovered/model.sdf
[8.365s] -- Symlinking: /home/maria/rmf_ws/install/large_project/share/large_project/maps/estce/models/StorageRackCovered/thumbnails/1.png
[8.373s] -- Symlinking: /home/maria/rmf_ws/install/large_project/share/large_project/maps/estce/models/StorageRackCovered/thumbnails/2.png
[8.381s] -- Symlinking: /home/maria/rmf_ws/install/large_project/share/large_project/maps/estce/models/StorageRackCovered/thumbnails/3.png
[8.388s] -- Symlinking: /home/maria/rmf_ws/install/large_project/share/large_project/maps/estce/models/StorageRackCovered/thumbnails/4.png
[8.398s] -- Symlinking: /home/maria/rmf_ws/install/large_project/share/large_project/maps/estce/models/StorageRackCovered/thumbnails/5.png
[8.406s] -- Symlinking: /home/maria/rmf_ws/install/large_project/share/large_project/maps/estce/models/TVStand/LICENSE
[8.413s] -- Symlinking: /home/maria/rmf_ws/install/large_project/share/large_project/maps/estce/models/TVStand/meshes/TVStand.mtl
[8.421s] -- Symlinking: /home/maria/rmf_ws/install/large_project/share/large_project/maps/estce/models/TVStand/meshes/TVStand.obj
[8.429s] -- Symlinking: /home/maria/rmf_ws/install/large_project/share/large_project/maps/estce/models/TVStand/meshes/TVStand_Col.mtl
[8.437s] -- Symlinking: /home/maria/rmf_ws/install/large_project/share/large_project/maps/estce/models/TVStand/meshes/TVStand_Col.obj
[8.445s] -- Symlinking: /home/maria/rmf_ws/install/large_project/share/large_project/maps/estce/models/TVStand/meshes/TVStand_Diffuse.png
[8.453s] -- Symlinking: /home/maria/rmf_ws/install/large_project/share/large_project/maps/estce/models/TVStand/model.config
[8.461s] -- Symlinking: /home/maria/rmf_ws/install/large_project/share/large_project/maps/estce/models/TVStand/model.sdf
[8.469s] -- Symlinking: /home/maria/rmf_ws/install/large_project/share/large_project/maps/estce/models/TVStand/thumbnails/1.png
[8.477s] -- Symlinking: /home/maria/rmf_ws/install/large_project/share/large_project/maps/estce/models/TVStand/thumbnails/2.png
[8.485s] -- Symlinking: /home/maria/rmf_ws/install/large_project/share/large_project/maps/estce/models/TVStand/thumbnails/3.png
[8.494s] -- Symlinking: /home/maria/rmf_ws/install/large_project/share/large_project/maps/estce/models/TVStand/thumbnails/4.png
[8.502s] -- Symlinking: /home/maria/rmf_ws/install/large_project/share/large_project/maps/estce/models/TVStand/thumbnails/5.png
[8.511s] -- Symlinking: /home/maria/rmf_ws/install/large_project/share/large_project/maps/estce/models/Table/LICENSE
[8.519s] -- Symlinking: /home/maria/rmf_ws/install/large_project/share/large_project/maps/estce/models/Table/Table_Diffuse.jpg
[8.527s] -- Symlinking: /home/maria/rmf_ws/install/large_project/share/large_project/maps/estce/models/Table/model-1_2.sdf
[8.535s] -- Symlinking: /home/maria/rmf_ws/install/large_project/share/large_project/maps/estce/models/Table/model-1_3.sdf
[8.543s] -- Symlinking: /home/maria/rmf_ws/install/large_project/share/large_project/maps/estce/models/Table/model-1_4.sdf
[8.551s] -- Symlinking: /home/maria/rmf_ws/install/large_project/share/large_project/maps/estce/models/Table/model.config
[8.559s] -- Symlinking: /home/maria/rmf_ws/install/large_project/share/large_project/maps/estce/models/Table/model.sdf
[8.567s] -- Symlinking: /home/maria/rmf_ws/install/large_project/share/large_project/maps/estce/models/Table/thumbnails/1.png
[8.576s] -- Symlinking: /home/maria/rmf_ws/install/large_project/share/large_project/maps/estce/models/Table/thumbnails/2.png
[8.584s] -- Symlinking: /home/maria/rmf_ws/install/large_project/share/large_project/maps/estce/models/Table/thumbnails/3.png
[8.593s] -- Symlinking: /home/maria/rmf_ws/install/large_project/share/large_project/maps/estce/models/Table/thumbnails/4.png
[8.602s] -- Symlinking: /home/maria/rmf_ws/install/large_project/share/large_project/maps/estce/models/Table/thumbnails/5.png
[8.610s] -- Symlinking: /home/maria/rmf_ws/install/large_project/share/large_project/maps/estce/models/Toilet/LICENSE
[8.618s] -- Symlinking: /home/maria/rmf_ws/install/large_project/share/large_project/maps/estce/models/Toilet/meshes/toilet.mtl
[8.626s] -- Symlinking: /home/maria/rmf_ws/install/large_project/share/large_project/maps/estce/models/Toilet/meshes/toilet.obj
[8.634s] -- Symlinking: /home/maria/rmf_ws/install/large_project/share/large_project/maps/estce/models/Toilet/model.config
[8.642s] -- Symlinking: /home/maria/rmf_ws/install/large_project/share/large_project/maps/estce/models/Toilet/model.sdf
[8.649s] -- Symlinking: /home/maria/rmf_ws/install/large_project/share/large_project/maps/estce/models/Toilet/thumbnails/1.png
[8.657s] -- Symlinking: /home/maria/rmf_ws/install/large_project/share/large_project/maps/estce/models/Toilet/thumbnails/2.png
[8.665s] -- Symlinking: /home/maria/rmf_ws/install/large_project/share/large_project/maps/estce/models/Toilet/thumbnails/3.png
[8.673s] -- Symlinking: /home/maria/rmf_ws/install/large_project/share/large_project/maps/estce/models/Toilet/thumbnails/4.png
[8.681s] -- Symlinking: /home/maria/rmf_ws/install/large_project/share/large_project/maps/estce/models/Toilet/thumbnails/5.png
[8.689s] -- Symlinking: /home/maria/rmf_ws/install/large_project/share/large_project/maps/estce/models/VendingMachine/LICENSE
[8.699s] -- Symlinking: /home/maria/rmf_ws/install/large_project/share/large_project/maps/estce/models/VendingMachine/meshes/VendingMachine.mtl
[8.707s] -- Symlinking: /home/maria/rmf_ws/install/large_project/share/large_project/maps/estce/models/VendingMachine/meshes/VendingMachine.obj
[8.714s] -- Symlinking: /home/maria/rmf_ws/install/large_project/share/large_project/maps/estce/models/VendingMachine/meshes/VendingMachine_Diffuse.png
[8.722s] -- Symlinking: /home/maria/rmf_ws/install/large_project/share/large_project/maps/estce/models/VendingMachine/model.config
[8.730s] -- Symlinking: /home/maria/rmf_ws/install/large_project/share/large_project/maps/estce/models/VendingMachine/model.sdf
[8.738s] -- Symlinking: /home/maria/rmf_ws/install/large_project/share/large_project/maps/estce/models/VendingMachine/thumbnails/1.png
[8.747s] -- Symlinking: /home/maria/rmf_ws/install/large_project/share/large_project/maps/estce/models/VendingMachine/thumbnails/2.png
[8.755s] -- Symlinking: /home/maria/rmf_ws/install/large_project/share/large_project/maps/estce/models/VendingMachine/thumbnails/3.png
[8.762s] -- Symlinking: /home/maria/rmf_ws/install/large_project/share/large_project/maps/estce/models/VendingMachine/thumbnails/4.png
[8.771s] -- Symlinking: /home/maria/rmf_ws/install/large_project/share/large_project/maps/estce/models/VendingMachine/thumbnails/5.png
[8.779s] -- Symlinking: /home/maria/rmf_ws/install/large_project/share/large_project/maps/estce/models/WhiteCabinet/LICENSE
[8.787s] -- Symlinking: /home/maria/rmf_ws/install/large_project/share/large_project/maps/estce/models/WhiteCabinet/meshes/WhiteCabinet.mtl
[8.796s] -- Symlinking: /home/maria/rmf_ws/install/large_project/share/large_project/maps/estce/models/WhiteCabinet/meshes/WhiteCabinet.obj
[8.804s] -- Symlinking: /home/maria/rmf_ws/install/large_project/share/large_project/maps/estce/models/WhiteCabinet/meshes/WhiteCabinet.png
[8.813s] -- Symlinking: /home/maria/rmf_ws/install/large_project/share/large_project/maps/estce/models/WhiteCabinet/model.config
[8.821s] -- Symlinking: /home/maria/rmf_ws/install/large_project/share/large_project/maps/estce/models/WhiteCabinet/model.sdf
[8.837s] -- Symlinking: /home/maria/rmf_ws/install/large_project/share/large_project/maps/estce/models/WhiteCabinet/thumbnails/1.png
[8.848s] -- Symlinking: /home/maria/rmf_ws/install/large_project/share/large_project/maps/estce/models/WhiteCabinet/thumbnails/2.png
[8.856s] -- Symlinking: /home/maria/rmf_ws/install/large_project/share/large_project/maps/estce/models/WhiteCabinet/thumbnails/3.png
[8.864s] -- Symlinking: /home/maria/rmf_ws/install/large_project/share/large_project/maps/estce/models/WhiteCabinet/thumbnails/4.png
[8.874s] -- Symlinking: /home/maria/rmf_ws/install/large_project/share/large_project/maps/estce/models/WhiteCabinet/thumbnails/5.png
[8.884s] -- Symlinking: /home/maria/rmf_ws/install/large_project/share/large_project/maps/estce/models/WoodenChair/LICENSE
[8.892s] -- Symlinking: /home/maria/rmf_ws/install/large_project/share/large_project/maps/estce/models/WoodenChair/meshes/WoodenChair.mtl
[8.901s] -- Symlinking: /home/maria/rmf_ws/install/large_project/share/large_project/maps/estce/models/WoodenChair/meshes/WoodenChair.obj
[8.908s] -- Symlinking: /home/maria/rmf_ws/install/large_project/share/large_project/maps/estce/models/WoodenChair/meshes/WoodenChair_Col.mtl
[8.916s] -- Symlinking: /home/maria/rmf_ws/install/large_project/share/large_project/maps/estce/models/WoodenChair/meshes/WoodenChair_Col.obj
[8.924s] -- Symlinking: /home/maria/rmf_ws/install/large_project/share/large_project/maps/estce/models/WoodenChair/meshes/WoodenChair_Diffuse.png
[8.932s] -- Symlinking: /home/maria/rmf_ws/install/large_project/share/large_project/maps/estce/models/WoodenChair/meshes/WoodenChair_Rough.png
[8.940s] -- Symlinking: /home/maria/rmf_ws/install/large_project/share/large_project/maps/estce/models/WoodenChair/model.config
[8.947s] -- Symlinking: /home/maria/rmf_ws/install/large_project/share/large_project/maps/estce/models/WoodenChair/model.sdf
[8.955s] -- Symlinking: /home/maria/rmf_ws/install/large_project/share/large_project/maps/estce/models/WoodenChair/thumbnails/1.png
[8.965s] -- Symlinking: /home/maria/rmf_ws/install/large_project/share/large_project/maps/estce/models/WoodenChair/thumbnails/2.png
[8.976s] -- Symlinking: /home/maria/rmf_ws/install/large_project/share/large_project/maps/estce/models/WoodenChair/thumbnails/3.png
[8.983s] -- Symlinking: /home/maria/rmf_ws/install/large_project/share/large_project/maps/estce/models/WoodenChair/thumbnails/4.png
[8.992s] -- Symlinking: /home/maria/rmf_ws/install/large_project/share/large_project/maps/estce/models/WoodenChair/thumbnails/5.png
[9.001s] -- Symlinking: /home/maria/rmf_ws/install/large_project/share/large_project/maps/estce/estce.world
[9.010s] -- Symlinking: /home/maria/rmf_ws/install/large_project/share/large_project/maps/estce/models/estce_L1/meshes/blue_linoleum.png
[9.018s] -- Symlinking: /home/maria/rmf_ws/install/large_project/share/large_project/maps/estce/models/estce_L1/meshes/default.png
[9.026s] -- Symlinking: /home/maria/rmf_ws/install/large_project/share/large_project/maps/estce/models/estce_L1/meshes/floor_1.mtl
[9.034s] -- Symlinking: /home/maria/rmf_ws/install/large_project/share/large_project/maps/estce/models/estce_L1/meshes/floor_1.obj
[9.042s] -- Symlinking: /home/maria/rmf_ws/install/large_project/share/large_project/maps/estce/models/estce_L1/meshes/model.material
[9.050s] -- Symlinking: /home/maria/rmf_ws/install/large_project/share/large_project/maps/estce/models/estce_L1/meshes/wall_1.mtl
[9.057s] -- Symlinking: /home/maria/rmf_ws/install/large_project/share/large_project/maps/estce/models/estce_L1/meshes/wall_1.obj
[9.065s] -- Symlinking: /home/maria/rmf_ws/install/large_project/share/large_project/maps/estce/models/estce_L1/model.config
[9.073s] -- Symlinking: /home/maria/rmf_ws/install/large_project/share/large_project/maps/estce/models/estce_L1/model.sdf
[9.081s] -- Symlinking: /home/maria/rmf_ws/install/large_project/share/large_project/maps/estce/models/estce_L2/meshes/blue_linoleum.png
[9.090s] -- Symlinking: /home/maria/rmf_ws/install/large_project/share/large_project/maps/estce/models/estce_L2/meshes/default.png
[9.100s] -- Symlinking: /home/maria/rmf_ws/install/large_project/share/large_project/maps/estce/models/estce_L2/meshes/floor_1.mtl
[9.108s] -- Symlinking: /home/maria/rmf_ws/install/large_project/share/large_project/maps/estce/models/estce_L2/meshes/floor_1.obj
[9.116s] -- Symlinking: /home/maria/rmf_ws/install/large_project/share/large_project/maps/estce/models/estce_L2/meshes/model.material
[9.124s] -- Symlinking: /home/maria/rmf_ws/install/large_project/share/large_project/maps/estce/models/estce_L2/meshes/wall_1.mtl
[9.132s] -- Symlinking: /home/maria/rmf_ws/install/large_project/share/large_project/maps/estce/models/estce_L2/meshes/wall_1.obj
[9.140s] -- Symlinking: /home/maria/rmf_ws/install/large_project/share/large_project/maps/estce/models/estce_L2/model.config
[9.149s] -- Symlinking: /home/maria/rmf_ws/install/large_project/share/large_project/maps/estce/models/estce_L2/model.sdf
[9.160s] -- Symlinking: /home/maria/rmf_ws/install/large_project/share/large_project/maps/estce/nav_graphs/.generated
[9.168s] -- Symlinking: /home/maria/rmf_ws/install/large_project/share/large_project/maps/estce/nav_graphs/0.yaml
[9.175s] -- Symlinking: /home/maria/rmf_ws/install/large_project/share/large_project/maps/estce/nav_graphs/1.yaml
[9.183s] -- Symlinking: /home/maria/rmf_ws/install/large_project/share/large_project/maps/estce/nav_graphs/2.yaml
[9.193s] -- Symlinking: /home/maria/rmf_ws/install/large_project/share/ament_index/resource_index/package_run_dependencies/large_project
[9.201s] -- Symlinking: /home/maria/rmf_ws/install/large_project/share/ament_index/resource_index/parent_prefix_path/large_project
[9.209s] -- Symlinking: /home/maria/rmf_ws/install/large_project/share/large_project/environment/ament_prefix_path.sh
[9.217s] -- Symlinking: /home/maria/rmf_ws/install/large_project/share/large_project/environment/ament_prefix_path.dsv
[9.225s] -- Symlinking: /home/maria/rmf_ws/install/large_project/share/large_project/environment/path.sh
[9.232s] -- Symlinking: /home/maria/rmf_ws/install/large_project/share/large_project/environment/path.dsv
[9.240s] -- Symlinking: /home/maria/rmf_ws/install/large_project/share/large_project/local_setup.bash
[9.248s] -- Symlinking: /home/maria/rmf_ws/install/large_project/share/large_project/local_setup.sh
[9.256s] -- Symlinking: /home/maria/rmf_ws/install/large_project/share/large_project/local_setup.zsh
[9.264s] -- Symlinking: /home/maria/rmf_ws/install/large_project/share/large_project/local_setup.dsv
[9.272s] -- Symlinking: /home/maria/rmf_ws/install/large_project/share/large_project/package.dsv
[9.281s] -- Symlinking: /home/maria/rmf_ws/install/large_project/share/ament_index/resource_index/packages/large_project
[9.290s] -- Symlinking: /home/maria/rmf_ws/install/large_project/share/large_project/cmake/large_projectConfig.cmake
[9.299s] -- Symlinking: /home/maria/rmf_ws/install/large_project/share/large_project/cmake/large_projectConfig-version.cmake
[9.307s] -- Symlinking: /home/maria/rmf_ws/install/large_project/share/large_project/package.xml
[9.316s] Invoked command in '/home/maria/rmf_ws/build/large_project' returned '0': AMENT_PREFIX_PATH=/home/maria/rmf_ws/install/rmf_visualization:/home/maria/rmf_ws/install/rmf_robot_sim_gz_plugins:/home/maria/rmf_ws/install/rmf_visualization_schedule:/home/maria/rmf_ws/install/rmf_visualization_rviz2_plugins:/home/maria/rmf_ws/install/rmf_visualization_obstacles:/home/maria/rmf_ws/install/rmf_visualization_navgraphs:/home/maria/rmf_ws/install/rmf_visualization_floorplans:/home/maria/rmf_ws/install/rmf_visualization_fleet_states:/home/maria/rmf_ws/install/rmf_visualization_building_systems:/home/maria/rmf_ws/install/rmf_robot_sim_common:/home/maria/rmf_ws/install/rmf_building_sim_gz_plugins:${AMENT_PREFIX_PATH} CMAKE_PREFIX_PATH=/home/maria/rmf_ws/install/rmf_visualization:/home/maria/rmf_ws/install/rmf_robot_sim_gz_plugins:/home/maria/rmf_ws/install/rmf_visualization_schedule:/home/maria/rmf_ws/install/rmf_visualization_rviz2_plugins:/home/maria/rmf_ws/install/rmf_visualization_obstacles:/home/maria/rmf_ws/install/rmf_visualization_navgraphs:/home/maria/rmf_ws/install/rmf_visualization_floorplans:/home/maria/rmf_ws/install/rmf_visualization_fleet_states:/home/maria/rmf_ws/install/rmf_robot_sim_common:/home/maria/rmf_ws/install/rmf_building_sim_gz_plugins:/rmf_demos_ws/install/rmf_workcell_msgs:/rmf_demos_ws/install/rmf_demos_gz:/rmf_demos_ws/install/rmf_demos:/rmf_demos_ws/install/rmf_reservation_node:/rmf_demos_ws/install/rmf_fleet_adapter_python:/rmf_demos_ws/install/rmf_fleet_adapter:/rmf_demos_ws/install/rmf_task_ros2:/rmf_demos_ws/install/rmf_websocket:/rmf_demos_ws/install/rmf_visualization:/rmf_demos_ws/install/rmf_visualization_schedule:/rmf_demos_ws/install/rmf_visualization_rviz2_plugins:/rmf_demos_ws/install/rmf_visualization_obstacles:/rmf_demos_ws/install/rmf_visualization_navgraphs:/rmf_demos_ws/install/rmf_visualization_floorplans:/rmf_demos_ws/install/rmf_visualization_fleet_states:/rmf_demos_ws/install/rmf_visualization_msgs:/rmf_demos_ws/install/rmf_traffic_ros2:/rmf_demos_ws/install/rmf_task_sequence:/rmf_demos_ws/install/rmf_task:/rmf_demos_ws/install/rmf_battery:/rmf_demos_ws/install/rmf_traffic:/rmf_demos_ws/install/rmf_utils:/rmf_demos_ws/install/rmf_traffic_msgs:/rmf_demos_ws/install/rmf_traffic_editor_test_maps:/rmf_demos_ws/install/rmf_traffic_editor_assets:/rmf_demos_ws/install/rmf_traffic_editor:/rmf_demos_ws/install/rmf_task_msgs:/rmf_demos_ws/install/rmf_site_map_msgs:/rmf_demos_ws/install/rmf_scheduler_msgs:/rmf_demos_ws/install/rmf_robot_sim_gz_plugins:/rmf_demos_ws/install/rmf_robot_sim_common:/rmf_demos_ws/install/rmf_reservation_msgs:/rmf_demos_ws/install/rmf_obstacle_msgs:/rmf_demos_ws/install/rmf_building_sim_gz_plugins:/rmf_demos_ws/install/rmf_lift_msgs:/rmf_demos_ws/install/rmf_ingestor_msgs:/rmf_demos_ws/install/rmf_fleet_msgs:/rmf_demos_ws/install/rmf_door_msgs:/rmf_demos_ws/install/rmf_dispenser_msgs:/rmf_demos_ws/install/rmf_demos_maps:/rmf_demos_ws/install/rmf_demos_assets:/rmf_demos_ws/install/rmf_charger_msgs:/rmf_demos_ws/install/rmf_building_map_msgs:/rmf_demos_ws/install/rmf_api_msgs:/rmf_demos_ws/install/nlohmann_json_schema_validator_vendor:/rmf_demos_ws/install/rmf_demos_fleet_adapter:/rmf_demos_ws/install/rmf_visualization_building_systems:/rmf_demos_ws/install/rmf_traffic_examples:/rmf_demos_ws/install/rmf_demos_bridges:/rmf_demos_ws/install/rmf_demos_tasks:/rmf_demos_ws/install/rmf_building_map_tools:/rmf_demos_ws/install/rmf_charging_schedule:/opt/ros/jazzy:/rmf_demos_ws/install/menge_vendor:/rmf_demos_ws/install/ament_cmake_catch2:/opt/ros/jazzy/opt/gz_sim_vendor:/opt/ros/jazzy/opt/gz_sensors_vendor:/opt/ros/jazzy/opt/gz_physics_vendor:/opt/ros/jazzy/opt/sdformat_vendor:/opt/ros/jazzy/opt/gz_gui_vendor:/opt/ros/jazzy/opt/gz_transport_vendor:/opt/ros/jazzy/opt/gz_rendering_vendor:/opt/ros/jazzy/opt/gz_plugin_vendor:/opt/ros/jazzy/opt/gz_fuel_tools_vendor:/opt/ros/jazzy/opt/gz_msgs_vendor:/opt/ros/jazzy/opt/gz_common_vendor:/opt/ros/jazzy/opt/gz_math_vendor:/opt/ros/jazzy/opt/gz_utils_vendor:/opt/ros/jazzy/opt/gz_tools_vendor:/opt/ros/jazzy/opt/gz_ogre_next_vendor:/opt/ros/jazzy/opt/gz_dartsim_vendor:/opt/ros/jazzy/opt/gz_cmake_vendor LD_LIBRARY_PATH=/home/maria/rmf_ws/install/rmf_visualization_schedule/lib:/home/maria/rmf_ws/install/rmf_visualization_rviz2_plugins/lib:/home/maria/rmf_ws/install/rmf_visualization_obstacles/lib:/home/maria/rmf_ws/install/rmf_visualization_navgraphs/lib:/home/maria/rmf_ws/install/rmf_visualization_floorplans/lib:/home/maria/rmf_ws/install/rmf_visualization_fleet_states/lib:/home/maria/rmf_ws/install/rmf_robot_sim_common/lib:${LD_LIBRARY_PATH} PYTHONPATH=/home/maria/rmf_ws/build/rmf_visualization_building_systems:/home/maria/rmf_ws/install/rmf_visualization_building_systems/lib/python3.12/site-packages:${PYTHONPATH} /usr/bin/cmake --install /home/maria/rmf_ws/build/large_project
