[0.033s] Invoking command in '/home/maria/rmf_ws/build/project_maps': CMAKE_PREFIX_PATH=/rmf_demos_ws/install/rmf_workcell_msgs:/rmf_demos_ws/install/rmf_demos_gz:/rmf_demos_ws/install/rmf_demos:/rmf_demos_ws/install/rmf_reservation_node:/rmf_demos_ws/install/rmf_fleet_adapter_python:/rmf_demos_ws/install/rmf_fleet_adapter:/rmf_demos_ws/install/rmf_task_ros2:/rmf_demos_ws/install/rmf_websocket:/rmf_demos_ws/install/rmf_visualization:/rmf_demos_ws/install/rmf_visualization_schedule:/rmf_demos_ws/install/rmf_visualization_rviz2_plugins:/rmf_demos_ws/install/rmf_visualization_obstacles:/rmf_demos_ws/install/rmf_visualization_navgraphs:/rmf_demos_ws/install/rmf_visualization_floorplans:/rmf_demos_ws/install/rmf_visualization_fleet_states:/rmf_demos_ws/install/rmf_visualization_msgs:/rmf_demos_ws/install/rmf_traffic_ros2:/rmf_demos_ws/install/rmf_task_sequence:/rmf_demos_ws/install/rmf_task:/rmf_demos_ws/install/rmf_battery:/rmf_demos_ws/install/rmf_traffic:/rmf_demos_ws/install/rmf_utils:/rmf_demos_ws/install/rmf_traffic_msgs:/rmf_demos_ws/install/rmf_traffic_editor_test_maps:/rmf_demos_ws/install/rmf_traffic_editor_assets:/rmf_demos_ws/install/rmf_traffic_editor:/rmf_demos_ws/install/rmf_task_msgs:/rmf_demos_ws/install/rmf_site_map_msgs:/rmf_demos_ws/install/rmf_scheduler_msgs:/rmf_demos_ws/install/rmf_robot_sim_gz_plugins:/rmf_demos_ws/install/rmf_robot_sim_common:/rmf_demos_ws/install/rmf_reservation_msgs:/rmf_demos_ws/install/rmf_obstacle_msgs:/rmf_demos_ws/install/rmf_building_sim_gz_plugins:/rmf_demos_ws/install/rmf_lift_msgs:/rmf_demos_ws/install/rmf_ingestor_msgs:/rmf_demos_ws/install/rmf_fleet_msgs:/rmf_demos_ws/install/rmf_door_msgs:/rmf_demos_ws/install/rmf_dispenser_msgs:/rmf_demos_ws/install/rmf_demos_maps:/rmf_demos_ws/install/rmf_demos_assets:/rmf_demos_ws/install/rmf_charger_msgs:/rmf_demos_ws/install/rmf_building_map_msgs:/rmf_demos_ws/install/rmf_api_msgs:/rmf_demos_ws/install/nlohmann_json_schema_validator_vendor:/rmf_demos_ws/install/rmf_demos_fleet_adapter:/rmf_demos_ws/install/rmf_visualization_building_systems:/rmf_demos_ws/install/rmf_traffic_examples:/rmf_demos_ws/install/rmf_demos_bridges:/rmf_demos_ws/install/rmf_demos_tasks:/rmf_demos_ws/install/rmf_building_map_tools:/rmf_demos_ws/install/rmf_charging_schedule:/opt/ros/jazzy:/rmf_demos_ws/install/menge_vendor:/rmf_demos_ws/install/ament_cmake_catch2:/opt/ros/jazzy/opt/gz_sim_vendor:/opt/ros/jazzy/opt/gz_sensors_vendor:/opt/ros/jazzy/opt/gz_physics_vendor:/opt/ros/jazzy/opt/sdformat_vendor:/opt/ros/jazzy/opt/gz_gui_vendor:/opt/ros/jazzy/opt/gz_transport_vendor:/opt/ros/jazzy/opt/gz_rendering_vendor:/opt/ros/jazzy/opt/gz_plugin_vendor:/opt/ros/jazzy/opt/gz_fuel_tools_vendor:/opt/ros/jazzy/opt/gz_msgs_vendor:/opt/ros/jazzy/opt/gz_common_vendor:/opt/ros/jazzy/opt/gz_math_vendor:/opt/ros/jazzy/opt/gz_utils_vendor:/opt/ros/jazzy/opt/gz_tools_vendor:/opt/ros/jazzy/opt/gz_ogre_next_vendor:/opt/ros/jazzy/opt/gz_dartsim_vendor:/opt/ros/jazzy/opt/gz_cmake_vendor /usr/bin/cmake /home/maria/rmf_ws/src/project/project_maps -DAMENT_CMAKE_SYMLINK_INSTALL=1 -DCMAKE_INSTALL_PREFIX=/home/maria/rmf_ws/install/project_maps
[2.507s] -- The C compiler identification is GNU 13.3.0
[2.507s] -- The CXX compiler identification is GNU 13.3.0
[2.508s] -- Detecting C compiler ABI info
[2.508s] -- Detecting C compiler ABI info - done
[2.508s] -- Check for working C compiler: /usr/bin/cc - skipped
[2.508s] -- Detecting C compile features
[2.508s] -- Detecting C compile features - done
[2.508s] -- Detecting CXX compiler ABI info
[2.508s] -- Detecting CXX compiler ABI info - done
[2.508s] -- Check for working CXX compiler: /usr/bin/c++ - skipped
[2.509s] -- Detecting CXX compile features
[2.509s] -- Detecting CXX compile features - done
[2.509s] -- Found ament_cmake: 2.5.5 (/opt/ros/jazzy/share/ament_cmake/cmake)
[2.509s] -- Found Python3: /usr/bin/python3 (found version "3.12.3") found components: Interpreter 
[2.536s] -- Override CMake install command with custom implementation using symlinks instead of copying resources
[3.283s] [0mBUILDING WORLDFILE WITH COMMAND: ros2 run rmf_building_map_tools building_map_generator gazebo /home/maria/rmf_ws/src/project/project_maps/maps/classroom/classroom.building.yaml /home/maria/rmf_ws/build/project_maps/maps/classroom/classroom.world /home/maria/rmf_ws/build/project_maps/maps/classroom/models[0m
[3.283s] [0mBUILDING WORLDFILE WITH COMMAND: ros2 run rmf_building_map_tools building_map_generator gazebo /home/maria/rmf_ws/src/project/project_maps/maps/estce/estce.building.yaml /home/maria/rmf_ws/build/project_maps/maps/estce/estce.world /home/maria/rmf_ws/build/project_maps/maps/estce/models[0m
[3.283s] [0mBUILDING WORLDFILE WITH COMMAND: ros2 run rmf_building_map_tools building_map_generator gazebo /home/maria/rmf_ws/src/project/project_maps/maps/test1/test1.building.yaml /home/maria/rmf_ws/build/project_maps/maps/test1/test1.world /home/maria/rmf_ws/build/project_maps/maps/test1/models[0m
[3.284s] -- Configuring done (3.2s)
[3.311s] -- Generating done (0.0s)
[3.324s] -- Build files have been written to: /home/maria/rmf_ws/build/project_maps
[3.345s] Invoked command in '/home/maria/rmf_ws/build/project_maps' returned '0': CMAKE_PREFIX_PATH=/rmf_demos_ws/install/rmf_workcell_msgs:/rmf_demos_ws/install/rmf_demos_gz:/rmf_demos_ws/install/rmf_demos:/rmf_demos_ws/install/rmf_reservation_node:/rmf_demos_ws/install/rmf_fleet_adapter_python:/rmf_demos_ws/install/rmf_fleet_adapter:/rmf_demos_ws/install/rmf_task_ros2:/rmf_demos_ws/install/rmf_websocket:/rmf_demos_ws/install/rmf_visualization:/rmf_demos_ws/install/rmf_visualization_schedule:/rmf_demos_ws/install/rmf_visualization_rviz2_plugins:/rmf_demos_ws/install/rmf_visualization_obstacles:/rmf_demos_ws/install/rmf_visualization_navgraphs:/rmf_demos_ws/install/rmf_visualization_floorplans:/rmf_demos_ws/install/rmf_visualization_fleet_states:/rmf_demos_ws/install/rmf_visualization_msgs:/rmf_demos_ws/install/rmf_traffic_ros2:/rmf_demos_ws/install/rmf_task_sequence:/rmf_demos_ws/install/rmf_task:/rmf_demos_ws/install/rmf_battery:/rmf_demos_ws/install/rmf_traffic:/rmf_demos_ws/install/rmf_utils:/rmf_demos_ws/install/rmf_traffic_msgs:/rmf_demos_ws/install/rmf_traffic_editor_test_maps:/rmf_demos_ws/install/rmf_traffic_editor_assets:/rmf_demos_ws/install/rmf_traffic_editor:/rmf_demos_ws/install/rmf_task_msgs:/rmf_demos_ws/install/rmf_site_map_msgs:/rmf_demos_ws/install/rmf_scheduler_msgs:/rmf_demos_ws/install/rmf_robot_sim_gz_plugins:/rmf_demos_ws/install/rmf_robot_sim_common:/rmf_demos_ws/install/rmf_reservation_msgs:/rmf_demos_ws/install/rmf_obstacle_msgs:/rmf_demos_ws/install/rmf_building_sim_gz_plugins:/rmf_demos_ws/install/rmf_lift_msgs:/rmf_demos_ws/install/rmf_ingestor_msgs:/rmf_demos_ws/install/rmf_fleet_msgs:/rmf_demos_ws/install/rmf_door_msgs:/rmf_demos_ws/install/rmf_dispenser_msgs:/rmf_demos_ws/install/rmf_demos_maps:/rmf_demos_ws/install/rmf_demos_assets:/rmf_demos_ws/install/rmf_charger_msgs:/rmf_demos_ws/install/rmf_building_map_msgs:/rmf_demos_ws/install/rmf_api_msgs:/rmf_demos_ws/install/nlohmann_json_schema_validator_vendor:/rmf_demos_ws/install/rmf_demos_fleet_adapter:/rmf_demos_ws/install/rmf_visualization_building_systems:/rmf_demos_ws/install/rmf_traffic_examples:/rmf_demos_ws/install/rmf_demos_bridges:/rmf_demos_ws/install/rmf_demos_tasks:/rmf_demos_ws/install/rmf_building_map_tools:/rmf_demos_ws/install/rmf_charging_schedule:/opt/ros/jazzy:/rmf_demos_ws/install/menge_vendor:/rmf_demos_ws/install/ament_cmake_catch2:/opt/ros/jazzy/opt/gz_sim_vendor:/opt/ros/jazzy/opt/gz_sensors_vendor:/opt/ros/jazzy/opt/gz_physics_vendor:/opt/ros/jazzy/opt/sdformat_vendor:/opt/ros/jazzy/opt/gz_gui_vendor:/opt/ros/jazzy/opt/gz_transport_vendor:/opt/ros/jazzy/opt/gz_rendering_vendor:/opt/ros/jazzy/opt/gz_plugin_vendor:/opt/ros/jazzy/opt/gz_fuel_tools_vendor:/opt/ros/jazzy/opt/gz_msgs_vendor:/opt/ros/jazzy/opt/gz_common_vendor:/opt/ros/jazzy/opt/gz_math_vendor:/opt/ros/jazzy/opt/gz_utils_vendor:/opt/ros/jazzy/opt/gz_tools_vendor:/opt/ros/jazzy/opt/gz_ogre_next_vendor:/opt/ros/jazzy/opt/gz_dartsim_vendor:/opt/ros/jazzy/opt/gz_cmake_vendor /usr/bin/cmake /home/maria/rmf_ws/src/project/project_maps -DAMENT_CMAKE_SYMLINK_INSTALL=1 -DCMAKE_INSTALL_PREFIX=/home/maria/rmf_ws/install/project_maps
[3.346s] Invoking command in '/home/maria/rmf_ws/build/project_maps': CMAKE_PREFIX_PATH=/rmf_demos_ws/install/rmf_workcell_msgs:/rmf_demos_ws/install/rmf_demos_gz:/rmf_demos_ws/install/rmf_demos:/rmf_demos_ws/install/rmf_reservation_node:/rmf_demos_ws/install/rmf_fleet_adapter_python:/rmf_demos_ws/install/rmf_fleet_adapter:/rmf_demos_ws/install/rmf_task_ros2:/rmf_demos_ws/install/rmf_websocket:/rmf_demos_ws/install/rmf_visualization:/rmf_demos_ws/install/rmf_visualization_schedule:/rmf_demos_ws/install/rmf_visualization_rviz2_plugins:/rmf_demos_ws/install/rmf_visualization_obstacles:/rmf_demos_ws/install/rmf_visualization_navgraphs:/rmf_demos_ws/install/rmf_visualization_floorplans:/rmf_demos_ws/install/rmf_visualization_fleet_states:/rmf_demos_ws/install/rmf_visualization_msgs:/rmf_demos_ws/install/rmf_traffic_ros2:/rmf_demos_ws/install/rmf_task_sequence:/rmf_demos_ws/install/rmf_task:/rmf_demos_ws/install/rmf_battery:/rmf_demos_ws/install/rmf_traffic:/rmf_demos_ws/install/rmf_utils:/rmf_demos_ws/install/rmf_traffic_msgs:/rmf_demos_ws/install/rmf_traffic_editor_test_maps:/rmf_demos_ws/install/rmf_traffic_editor_assets:/rmf_demos_ws/install/rmf_traffic_editor:/rmf_demos_ws/install/rmf_task_msgs:/rmf_demos_ws/install/rmf_site_map_msgs:/rmf_demos_ws/install/rmf_scheduler_msgs:/rmf_demos_ws/install/rmf_robot_sim_gz_plugins:/rmf_demos_ws/install/rmf_robot_sim_common:/rmf_demos_ws/install/rmf_reservation_msgs:/rmf_demos_ws/install/rmf_obstacle_msgs:/rmf_demos_ws/install/rmf_building_sim_gz_plugins:/rmf_demos_ws/install/rmf_lift_msgs:/rmf_demos_ws/install/rmf_ingestor_msgs:/rmf_demos_ws/install/rmf_fleet_msgs:/rmf_demos_ws/install/rmf_door_msgs:/rmf_demos_ws/install/rmf_dispenser_msgs:/rmf_demos_ws/install/rmf_demos_maps:/rmf_demos_ws/install/rmf_demos_assets:/rmf_demos_ws/install/rmf_charger_msgs:/rmf_demos_ws/install/rmf_building_map_msgs:/rmf_demos_ws/install/rmf_api_msgs:/rmf_demos_ws/install/nlohmann_json_schema_validator_vendor:/rmf_demos_ws/install/rmf_demos_fleet_adapter:/rmf_demos_ws/install/rmf_visualization_building_systems:/rmf_demos_ws/install/rmf_traffic_examples:/rmf_demos_ws/install/rmf_demos_bridges:/rmf_demos_ws/install/rmf_demos_tasks:/rmf_demos_ws/install/rmf_building_map_tools:/rmf_demos_ws/install/rmf_charging_schedule:/opt/ros/jazzy:/rmf_demos_ws/install/menge_vendor:/rmf_demos_ws/install/ament_cmake_catch2:/opt/ros/jazzy/opt/gz_sim_vendor:/opt/ros/jazzy/opt/gz_sensors_vendor:/opt/ros/jazzy/opt/gz_physics_vendor:/opt/ros/jazzy/opt/sdformat_vendor:/opt/ros/jazzy/opt/gz_gui_vendor:/opt/ros/jazzy/opt/gz_transport_vendor:/opt/ros/jazzy/opt/gz_rendering_vendor:/opt/ros/jazzy/opt/gz_plugin_vendor:/opt/ros/jazzy/opt/gz_fuel_tools_vendor:/opt/ros/jazzy/opt/gz_msgs_vendor:/opt/ros/jazzy/opt/gz_common_vendor:/opt/ros/jazzy/opt/gz_math_vendor:/opt/ros/jazzy/opt/gz_utils_vendor:/opt/ros/jazzy/opt/gz_tools_vendor:/opt/ros/jazzy/opt/gz_ogre_next_vendor:/opt/ros/jazzy/opt/gz_dartsim_vendor:/opt/ros/jazzy/opt/gz_cmake_vendor /usr/bin/cmake --build /home/maria/rmf_ws/build/project_maps -- -j8 -l8
[6.320s] Cache directory does not exist! Creating it: /home/maria/.pit_crew
[6.320s] Cache not found! Rebuilding cache...
[6.320s] Topping up Fuel (updating cache) from: https://fuel.gazebosim.org/1.0/models
[6.320s] Fetching page: 1
[6.414s] Fetching page: 2
[7.442s] Fetching page: 3
[8.441s] Fetching page: 4
[9.488s] Fetching page: 5
[10.512s] Fetching page: 6
[11.637s] Fetching page: 7
[12.619s] Fetching page: 8
[13.683s] Fetching page: 9
[14.508s] Fetching page: 10
[15.173s] Fetching page: 11
[16.037s] Fetching page: 12
[16.757s] Fetching page: 13
[17.777s] Fetching page: 14
[18.494s] Fetching page: 15
[19.860s] Fetching page: 16
[20.746s] Fetching page: 17
[21.976s] Fetching page: 18
[23.000s] Fetching page: 19
[24.432s] Fetching page: 20
[25.559s] Fetching page: 21
[26.686s] Fetching page: 22
[27.505s] Fetching page: 23
[28.528s] Fetching page: 24
[29.451s] Fetching page: 25
[30.475s] Fetching page: 26
[31.498s] Fetching page: 27
[32.415s] Fetching page: 28
[33.444s] Fetching page: 29
[34.263s] Fetching page: 30
[35.082s] Fetching page: 31
[36.110s] Fetching page: 32
[37.027s] Fetching page: 33
[37.932s] Fetching page: 34
[38.461s] Fetching page: 35
[39.280s] Writing to cache: /home/maria/.pit_crew/model_cache.json
[39.324s] New models cached: 3308
[39.324s] 
[39.380s] [  0%] Built target update_model_cache
[39.418s] [ 50%] [34m[1mGenerating maps/estce/nav_graphs/phony[0m
[39.418s] [ 50%] [34m[1mGenerating maps/test1/nav_graphs/phony[0m
[39.419s] [ 50%] [34m[1mGenerating maps/classroom/nav_graphs/phony[0m
[40.320s] generating /home/maria/rmf_ws/build/project_maps/maps/classroom/classroom.world from /home/maria/rmf_ws/src/project/project_maps/maps/classroom/classroom.building.yaml
[40.320s] generating /home/maria/rmf_ws/build/project_maps/maps/estce/estce.world from /home/maria/rmf_ws/src/project/project_maps/maps/estce/estce.building.yaml
[40.333s] building name: test1
[40.333s] coordinate system: reference_image
[40.333s] parsing level L1
[40.333s] parsing level L2
[40.333s] calculating levels relative to L1
[40.333s] level L1 scale: 0.06666666666666667
[40.334s] calculating level L2 offset and scale...
[40.334s]   2 common fiducials:
[40.334s] Transform.set_from_fiducials()
[40.334s]   2 fiducial pairs:
[40.334s]     (1.5, -1.5) -> (2.0, -2.0)   columna1
[40.334s]     (148.5, -1.5) -> (148.5, -1.5)   columna2
[40.334s]     calc dist columna1 <=> columna2
[40.334s] Bearings:
[40.334s] [(0.0, 0.003412956031538204)]
[40.334s]   0.003412956031538204
[40.335s]   Circular mean: -0.0034129560315382034
[40.335s] Distances:
[40.335s] [(147.0, 146.50085323983612)]
[40.335s] mean relative scale: 0.996604443808409
[40.335s] translation: (-0.03333, 0.034243)
[40.335s] parsing lift lift1
[40.335s] generating nav data
[40.335s] hooray, we found an intersection: t=0.506, u=0.532
[40.335s]   (23.555,-48.923),(122.687,-48.923) and (73.7,-38.148),(73.7,-58.389)
[40.336s] found intersection with door door1!
[40.337s] writing /home/maria/rmf_ws/build/project_maps/maps/test1/nav_graphs/0.yaml
[40.457s] building name: classroom
[40.457s] coordinate system: reference_image
[40.457s] parsing level L1
[40.457s] building name: classroom
[40.457s] coordinate system: reference_image
[40.458s] parsing level L1
[40.458s] parsing level L2
[40.459s] calculating levels relative to L1
[40.459s] level L1 scale: 0.02551020408163266
[40.459s] calculating level L2 offset and scale...
[40.459s]   0 common fiducials:
[40.459s] Transform.set_from_fiducials()
[40.459s]   0 fiducial pairs:
[40.459s] Bearings:
[40.459s] []
[40.461s] parsing level L2
[40.462s] calculating levels relative to L1
[40.462s] level L1 scale: 0.02551020408163266
[40.462s] calculating level L2 offset and scale...
[40.463s]   0 common fiducials:
[40.463s] Transform.set_from_fiducials()
[40.463s]   0 fiducial pairs:
[40.463s] Bearings:
[40.463s] []
[40.470s] generating model of level L1 in /home/maria/rmf_ws/build/project_maps/maps/classroom/models/classroom_L1
[40.474s]   wrote /home/maria/rmf_ws/build/project_maps/maps/classroom/models/classroom_L1/model.config
[40.474s] generating floor polygon 1 on floor classroom_L1
[40.474s] hole vertices: []
[40.474s] lift vertices: {}
[40.476s] generating nav data
[40.476s] hooray, we found an intersection: t=0.459, u=0.62
[40.477s]   (732.006,-1378.531),(618.612,-1378.531) and (679.96,-1356.421),(679.96,-1392.105)
[40.477s] found intersection with door door2!
[40.477s] hooray, we found an intersection: t=0.604, u=0.561
[40.477s]   (741.803,-1033.459),(741.803,-1380.592) and (672.582,-1243.013),(795.893,-1243.013)
[40.477s] found intersection with door door6!
[40.478s] hooray, we found an intersection: t=0.303, u=0.684
[40.478s]   (741.803,-1380.592),(519.736,-1380.592) and (674.5,-1355.444),(674.5,-1392.191)
[40.478s] found intersection with door door9!
[40.478s] [[0, 5, 2], [0, 2, 1], [4, 3, 2], [4, 2, 5]]
[40.479s] hooray, we found an intersection: t=0.183, u=0.481
[40.479s]   (877.736,-1373.216),(1134.021,-1373.216) and (924.619,-1355.521),(924.619,-1392.329)
[40.479s]   wrote /home/maria/rmf_ws/build/project_maps/maps/classroom/models/classroom_L1/meshes/floor_1.obj
[40.479s] found intersection with door door3!
[40.479s] hooray, we found an intersection: t=0.359, u=0.456
[40.480s]   (547.119,-1697.655),(878.052,-1697.655) and (665.966,-1673.474),(665.966,-1726.528)
[40.480s] found intersection with door door4!
[40.480s]   wrote /home/maria/rmf_ws/build/project_maps/maps/classroom/models/classroom_L1/meshes/blue_linoleum.png
[40.480s]   wrote /home/maria/rmf_ws/build/project_maps/maps/classroom/models/classroom_L1/meshes/floor_1.mtl
[40.484s] Walls Generation, wall params list: [{'alpha': <building_map.param_value.ParamValue object at 0x7c133fd3bb60>, 'texture_height': <building_map.param_value.ParamValue object at 0x7c133fd3bb30>, 'texture_name': <building_map.param_value.ParamValue object at 0x7c133fd3bb00>, 'texture_scale': <building_map.param_value.ParamValue object at 0x7c133fd38110>, 'texture_width': <building_map.param_value.ParamValue object at 0x7c133fd3bbf0>}]
[40.484s] [ 50%] Built target generate_test1_nav_graphs
[40.484s] hooray, we found an intersection: t=0.347, u=0.604
[40.484s]   (877.59,-1173.327),(877.59,-1374.102) and (808.137,-1243.013),(923.139,-1243.013)
[40.484s] found intersection with door door7!
[40.484s] hooray, we found an intersection: t=0.177, u=0.466
[40.484s]   (877.59,-1374.102),(1140.727,-1374.102) and (924.039,-1357.093),(924.039,-1393.624)
[40.485s] found intersection with door door8!
[40.485s] generating wall: 1 on floor: classroom_L1
[40.485s] writing /home/maria/rmf_ws/build/project_maps/maps/classroom/nav_graphs/0.yaml
[40.485s]   wrote /home/maria/rmf_ws/build/project_maps/maps/classroom/models/classroom_L1/meshes/default.png
[40.485s] generate_wall_visual_mesh(classroom_L1, /home/maria/rmf_ws/build/project_maps/maps/classroom/models/classroom_L1)
[40.485s]   generating /home/maria/rmf_ws/build/project_maps/maps/classroom/models/classroom_L1/meshes/wall_1.obj
[40.489s] writing /home/maria/rmf_ws/build/project_maps/maps/classroom/nav_graphs/1.yaml
[40.502s]   generating /home/maria/rmf_ws/build/project_maps/maps/classroom/models/classroom_L1/meshes/wall_1.mtl
[40.502s]   wrote /home/maria/rmf_ws/build/project_maps/maps/classroom/models/classroom_L1/model.sdf
[40.502s] generating model of level L2 in /home/maria/rmf_ws/build/project_maps/maps/classroom/models/classroom_L2
[40.503s]   wrote /home/maria/rmf_ws/build/project_maps/maps/classroom/models/classroom_L2/model.config
[40.503s] generating floor polygon 1 on floor classroom_L2
[40.503s] hole vertices: []
[40.503s] lift vertices: {}
[40.507s] [[0, 3, 2], [0, 2, 1]]
[40.507s]   wrote /home/maria/rmf_ws/build/project_maps/maps/classroom/models/classroom_L2/meshes/floor_1.obj
[40.507s]   wrote /home/maria/rmf_ws/build/project_maps/maps/classroom/models/classroom_L2/meshes/blue_linoleum.png
[40.507s]   wrote /home/maria/rmf_ws/build/project_maps/maps/classroom/models/classroom_L2/meshes/floor_1.mtl
[40.507s] Walls Generation, wall params list: [{'alpha': <building_map.param_value.ParamValue object at 0x7c133fb9c980>, 'texture_height': <building_map.param_value.ParamValue object at 0x7c133fb9c9b0>, 'texture_name': <building_map.param_value.ParamValue object at 0x7c133fb9c9e0>, 'texture_scale': <building_map.param_value.ParamValue object at 0x7c133fb9ca10>, 'texture_width': <building_map.param_value.ParamValue object at 0x7c133fb9ca40>}]
[40.508s] generating wall: 1 on floor: classroom_L2
[40.508s]   wrote /home/maria/rmf_ws/build/project_maps/maps/classroom/models/classroom_L2/meshes/default.png
[40.508s] generate_wall_visual_mesh(classroom_L2, /home/maria/rmf_ws/build/project_maps/maps/classroom/models/classroom_L2)
[40.508s]   generating /home/maria/rmf_ws/build/project_maps/maps/classroom/models/classroom_L2/meshes/wall_1.obj
[40.515s]   generating /home/maria/rmf_ws/build/project_maps/maps/classroom/models/classroom_L2/meshes/wall_1.mtl
[40.515s]   wrote /home/maria/rmf_ws/build/project_maps/maps/classroom/models/classroom_L2/model.sdf
[40.549s] spawning robot name tinyRobot2 of type TinyRobot
[40.549s] spawning robot name tinyRobot1 of type TinyRobot
[40.549s] generate door name=door1 type=double_hinged
[40.549s] Door(door1)
[40.550s] generate door name=door2 type=hinged
[40.550s] Door(door2)
[40.550s] generate door name=door3 type=sliding
[40.550s] Door(door3)
[40.550s] generate door name=door4 type=double_hinged
[40.550s] Door(door4)
[40.550s] generate door name=door5 type=double_hinged
[40.551s] Door(door5)
[40.551s] generate door name=door6 type=double_hinged
[40.551s] Door(door6)
[40.551s] generate door name=door7 type=double_hinged
[40.551s] Door(door7)
[40.551s] generate door name=door8 type=sliding
[40.551s] Door(door8)
[40.551s] generate door name=door9 type=hinged
[40.551s] Door(door9)
[40.564s] 96466 bytes written to /home/maria/rmf_ws/build/project_maps/maps/classroom/classroom.world
[40.637s] [ 50%] Built target generate_classroom_nav_graphs
[40.690s] [ 50%] Built target classroom
[40.736s] [ 66%] [34m[1mGenerating classroom_crowdsim[0m
[40.911s] building name: estce
[40.911s] coordinate system: reference_image
[40.912s] parsing level L1
[40.917s] parsing level L2
[40.923s] calculating levels relative to L1
[40.923s] level L1 scale: 0.022444889534645907
[40.923s] calculating level L2 offset and scale...
[40.923s]   3 common fiducials:
[40.923s] Transform.set_from_fiducials()
[40.924s]   3 fiducial pairs:
[40.924s]     (3963.9, -2197.6) -> (3837.1, -2354.5)   c3
[40.924s]     (2516.2, -2123.7) -> (2388.7, -2279.7)   c4
[40.924s]     (2369.6, -2222.5) -> (2242.3, -2378.6)   c1
[40.924s]     calc dist c3 <=> c4
[40.924s]     calc dist c3 <=> c1
[40.924s]     calc dist c4 <=> c1
[40.924s] Bearings:
[40.925s] [(3.090626667763035, 3.090030514435309), (-3.1259350542154625, -3.1264943407908756), (-2.5484125455389486, -2.5477943015529716)]
[40.925s]   -0.0005961533277258901
[40.925s]   -0.0005592865754131537
[40.925s]   0.000618243985976985
[40.925s]   Circular mean: 0.00017906532679433574
[40.925s] Distances:
[40.925s] [(1449.6723774715445, 1450.2914846695473), (1594.5624578062157, 1594.9407871394474), (176.77616935831585, 176.63032569182434)]
[40.926s] mean relative scale: 0.999946436772245
[40.926s] translation: (2.8426, 3.5003)
[40.929s] building name: estce
[40.929s] coordinate system: reference_image
[40.929s] parsing level L1
[40.935s] parsing level L2
[40.941s] calculating levels relative to L1
[40.941s] level L1 scale: 0.022444889534645907
[40.941s] calculating level L2 offset and scale...
[40.941s]   3 common fiducials:
[40.941s] Transform.set_from_fiducials()
[40.941s]   3 fiducial pairs:
[40.942s]     (3963.9, -2197.6) -> (3837.1, -2354.5)   c3
[40.942s]     (2516.2, -2123.7) -> (2388.7, -2279.7)   c4
[40.942s]     (2369.6, -2222.5) -> (2242.3, -2378.6)   c1
[40.942s]     calc dist c3 <=> c4
[40.942s]     calc dist c3 <=> c1
[40.942s]     calc dist c4 <=> c1
[40.942s] Bearings:
[40.943s] [(3.090626667763035, 3.090030514435309), (-3.1259350542154625, -3.1264943407908756), (-2.5484125455389486, -2.5477943015529716)]
[40.943s]   -0.0005961533277258901
[40.943s]   -0.0005592865754131537
[40.943s]   0.000618243985976985
[40.943s]   Circular mean: 0.00017906532679433574
[40.943s] Distances:
[40.943s] [(1449.6723774715445, 1450.2914846695473), (1594.5624578062157, 1594.9407871394474), (176.77616935831585, 176.63032569182434)]
[40.944s] mean relative scale: 0.999946436772245
[40.944s] translation: (2.8426, 3.5003)
[40.973s] generating model of level L1 in /home/maria/rmf_ws/build/project_maps/maps/estce/models/estce_L1
[40.974s]   wrote /home/maria/rmf_ws/build/project_maps/maps/estce/models/estce_L1/model.config
[40.974s] generating floor polygon 1 on floor estce_L1
[40.975s] hole vertices: []
[40.975s] lift vertices: {}
[40.994s] generating nav data
[40.997s] hooray, we found an intersection: t=0.357, u=0.47
[40.998s]   (4023.816,-2090.053),(4199.113,-2095.966) and (4086.446,-2062.291),(4086.446,-2125.903)
[40.998s] found intersection with door null!
[41.002s] writing /home/maria/rmf_ws/build/project_maps/maps/estce/nav_graphs/0.yaml
[41.028s] writing /home/maria/rmf_ws/build/project_maps/maps/estce/nav_graphs/1.yaml
[41.053s] writing /home/maria/rmf_ws/build/project_maps/maps/estce/nav_graphs/2.yaml
[41.165s] generating /home/maria/rmf_ws/build/project_maps/maps/test1/test1.world from /home/maria/rmf_ws/src/project/project_maps/maps/test1/test1.building.yaml
[41.169s] building name: test1
[41.169s] coordinate system: reference_image
[41.170s] parsing level L1
[41.170s] parsing level L2
[41.170s] calculating levels relative to L1
[41.170s] level L1 scale: 0.06666666666666667
[41.170s] calculating level L2 offset and scale...
[41.170s]   2 common fiducials:
[41.170s] Transform.set_from_fiducials()
[41.171s]   2 fiducial pairs:
[41.171s]     (1.5, -1.5) -> (2.0, -2.0)   columna1
[41.171s]     (148.5, -1.5) -> (148.5, -1.5)   columna2
[41.171s]     calc dist columna1 <=> columna2
[41.171s] Bearings:
[41.171s] [(0.0, 0.003412956031538204)]
[41.172s]   0.003412956031538204
[41.172s]   Circular mean: -0.0034129560315382034
[41.172s] Distances:
[41.172s] [(147.0, 146.50085323983612)]
[41.172s] mean relative scale: 0.996604443808409
[41.172s] translation: (-0.03333, 0.034243)
[41.172s] parsing lift lift1
[41.172s] generating model of level L1 in /home/maria/rmf_ws/build/project_maps/maps/test1/models/test1_L1
[41.173s]   wrote /home/maria/rmf_ws/build/project_maps/maps/test1/models/test1_L1/model.config
[41.173s] generating floor polygon 1 on floor test1_L1
[41.173s] hole vertices: []
[41.173s] lift vertices: {'lift1': [(5.616666666666667, -1.2833333333333337), (5.616666666666667, -5.383333333333333), (9.716666666666667, -5.383333333333333), (9.716666666666667, -1.2833333333333337)]}
[41.178s] [[0, 3, 4], [0, 4, 5], [0, 5, 1], [1, 5, 6], [1, 6, 7], [1, 7, 2], [2, 7, 4], [2, 4, 3]]
[41.178s]   wrote /home/maria/rmf_ws/build/project_maps/maps/test1/models/test1_L1/meshes/floor_1.obj
[41.180s]   wrote /home/maria/rmf_ws/build/project_maps/maps/test1/models/test1_L1/meshes/blue_linoleum.png
[41.180s]   wrote /home/maria/rmf_ws/build/project_maps/maps/test1/models/test1_L1/meshes/floor_1.mtl
[41.180s] Walls Generation, wall params list: [{'alpha': <building_map.param_value.ParamValue object at 0x7003d0068080>, 'texture_height': <building_map.param_value.ParamValue object at 0x7003d006bb60>, 'texture_name': <building_map.param_value.ParamValue object at 0x7003d00681a0>, 'texture_scale': <building_map.param_value.ParamValue object at 0x7003d006bb30>, 'texture_width': <building_map.param_value.ParamValue object at 0x7003d006bb00>}]
[41.180s] generating wall: 1 on floor: test1_L1
[41.181s]   wrote /home/maria/rmf_ws/build/project_maps/maps/test1/models/test1_L1/meshes/default.png
[41.181s] generate_wall_visual_mesh(test1_L1, /home/maria/rmf_ws/build/project_maps/maps/test1/models/test1_L1)
[41.181s]   generating /home/maria/rmf_ws/build/project_maps/maps/test1/models/test1_L1/meshes/wall_1.obj
[41.181s]   generating /home/maria/rmf_ws/build/project_maps/maps/test1/models/test1_L1/meshes/wall_1.mtl
[41.182s]   wrote /home/maria/rmf_ws/build/project_maps/maps/test1/models/test1_L1/model.sdf
[41.182s] generating model of level L2 in /home/maria/rmf_ws/build/project_maps/maps/test1/models/test1_L2
[41.182s]   wrote /home/maria/rmf_ws/build/project_maps/maps/test1/models/test1_L2/model.config
[41.182s] generating floor polygon 1 on floor test1_L2
[41.182s] hole vertices: []
[41.183s] lift vertices: {'lift1': [(5.616666666666667, -1.2833333333333337), (5.616666666666667, -5.383333333333333), (9.716666666666667, -5.383333333333333), (9.716666666666667, -1.2833333333333337)]}
[41.189s] [[0, 3, 4], [0, 4, 1], [1, 4, 5], [1, 5, 6], [1, 6, 2], [2, 6, 7], [2, 7, 3], [3, 7, 4]]
[41.190s]   wrote /home/maria/rmf_ws/build/project_maps/maps/test1/models/test1_L2/meshes/floor_1.obj
[41.190s]   wrote /home/maria/rmf_ws/build/project_maps/maps/test1/models/test1_L2/meshes/blue_linoleum.png
[41.191s]   wrote /home/maria/rmf_ws/build/project_maps/maps/test1/models/test1_L2/meshes/floor_1.mtl
[41.191s] Walls Generation, wall params list: [{'alpha': <building_map.param_value.ParamValue object at 0x7003cfe28740>, 'texture_height': <building_map.param_value.ParamValue object at 0x7003cfe28770>, 'texture_name': <building_map.param_value.ParamValue object at 0x7003cfe287d0>, 'texture_scale': <building_map.param_value.ParamValue object at 0x7003cfe28800>, 'texture_width': <building_map.param_value.ParamValue object at 0x7003cfe28860>}]
[41.191s] generating wall: 1 on floor: test1_L2
[41.191s]   wrote /home/maria/rmf_ws/build/project_maps/maps/test1/models/test1_L2/meshes/default.png
[41.191s] generate_wall_visual_mesh(test1_L2, /home/maria/rmf_ws/build/project_maps/maps/test1/models/test1_L2)
[41.192s]   generating /home/maria/rmf_ws/build/project_maps/maps/test1/models/test1_L2/meshes/wall_1.obj
[41.192s]   generating /home/maria/rmf_ws/build/project_maps/maps/test1/models/test1_L2/meshes/wall_1.mtl
[41.192s]   wrote /home/maria/rmf_ws/build/project_maps/maps/test1/models/test1_L2/model.sdf
[41.204s] [ 66%] Built target generate_estce_nav_graphs
[41.217s] spawning robot name tinyRobot1_charger of type TinyRobot
[41.217s] generate door name=door1 type=sliding
[41.217s] Door(door1)
[41.217s] generate door name=door2 type=sliding
[41.217s] Door(door2)
[41.221s] 33015 bytes written to /home/maria/rmf_ws/build/project_maps/maps/test1/test1.world
[41.303s] [ 66%] Built target test1
[41.336s] [ 83%] [34m[1mGenerating test1_crowdsim[0m
[41.677s] Creating output folder path:  /home/maria/rmf_ws/build/project_maps/maps/classroom/config_resource/
[41.710s] [[95, 96, 94], [93, 94, 92], [50, 51, 49], [49, 51, 48], [47, 48, 46], [45, 46, 44], [42, 43, 40], [42, 40, 41], [100, 101, 35], [100, 35, 36], [101, 34, 35], [4, 5, 3], [1, 2, 0], [0, 2, 99], [98, 99, 96], [98, 96, 97], [96, 99, 6], [96, 6, 89], [96, 89, 91], [96, 91, 94], [94, 91, 92], [91, 102, 90], [52, 103, 51], [51, 103, 53], [51, 53, 48], [48, 53, 46], [46, 53, 33], [46, 33, 43], [46, 43, 44], [33, 104, 43], [104, 105, 43], [105, 106, 43], [43, 106, 40], [106, 107, 40], [40, 107, 39], [38, 39, 37], [37, 39, 36], [108, 100, 36], [108, 36, 39], [107, 108, 39], [21, 22, 23], [21, 23, 20], [109, 20, 23], [13, 14, 12], [5, 6, 3], [3, 6, 99], [3, 99, 2], [6, 7, 8], [6, 8, 89], [89, 8, 88], [91, 89, 102], [87, 88, 85], [87, 85, 86], [79, 80, 78], [76, 77, 75], [75, 77, 70], [75, 70, 72], [75, 72, 73], [75, 73, 74], [72, 70, 71], [67, 68, 66], [59, 60, 58], [53, 54, 33], [33, 54, 55], [55, 110, 33], [25, 26, 24], [111, 112, 24], [24, 112, 23], [112, 113, 23], [113, 114, 23], [114, 115, 23], [115, 109, 23], [14, 15, 27], [14, 27, 11], [14, 11, 12], [8, 9, 85], [8, 85, 88], [85, 9, 84], [80, 81, 11], [80, 11, 66], [80, 66, 78], [78, 66, 68], [78, 68, 70], [78, 70, 77], [70, 68, 69], [66, 11, 28], [66, 28, 65], [60, 61, 58], [58, 61, 30], [58, 30, 31], [58, 31, 57], [57, 31, 56], [56, 31, 55], [55, 31, 116], [55, 116, 110], [31, 32, 116], [117, 24, 26], [19, 24, 117], [19, 117, 118], [19, 111, 24], [119, 18, 19], [119, 19, 120], [121, 17, 18], [121, 18, 119], [27, 17, 121], [17, 27, 16], [16, 27, 15], [27, 28, 11], [28, 29, 30], [28, 30, 63], [28, 63, 64], [28, 64, 65], [63, 30, 62], [62, 30, 61], [120, 19, 118], [11, 81, 82], [11, 82, 83], [11, 83, 9], [11, 9, 10], [9, 83, 84]]
[41.716s]   wrote /home/maria/rmf_ws/build/project_maps/maps/estce/models/estce_L1/meshes/floor_1.obj
[41.717s]   wrote /home/maria/rmf_ws/build/project_maps/maps/estce/models/estce_L1/meshes/blue_linoleum.png
[41.717s]   wrote /home/maria/rmf_ws/build/project_maps/maps/estce/models/estce_L1/meshes/floor_1.mtl
[41.718s] Walls Generation, wall params list: [{'alpha': <building_map.param_value.ParamValue object at 0x7b927e4b4f80>, 'texture_height': <building_map.param_value.ParamValue object at 0x7b927e4b4fb0>, 'texture_name': <building_map.param_value.ParamValue object at 0x7b927e4b4fe0>, 'texture_scale': <building_map.param_value.ParamValue object at 0x7b927e4b5010>, 'texture_width': <building_map.param_value.ParamValue object at 0x7b927e4b5070>}]
[41.719s] generating wall: 1 on floor: estce_L1
[41.719s]   wrote /home/maria/rmf_ws/build/project_maps/maps/estce/models/estce_L1/meshes/default.png
[41.719s] generate_wall_visual_mesh(estce_L1, /home/maria/rmf_ws/build/project_maps/maps/estce/models/estce_L1)
[41.720s]   generating /home/maria/rmf_ws/build/project_maps/maps/estce/models/estce_L1/meshes/wall_1.obj
[41.759s]   generating /home/maria/rmf_ws/build/project_maps/maps/estce/models/estce_L1/meshes/wall_1.mtl
[41.759s]   wrote /home/maria/rmf_ws/build/project_maps/maps/estce/models/estce_L1/model.sdf
[41.759s] generating model of level L2 in /home/maria/rmf_ws/build/project_maps/maps/estce/models/estce_L2
[41.760s]   wrote /home/maria/rmf_ws/build/project_maps/maps/estce/models/estce_L2/model.config
[41.760s] generating floor polygon 1 on floor estce_L2
[41.760s] hole vertices: [[(32.038756741414744, -42.76915216128614), (31.11673500280745, -42.874342528720355), (29.881747866515727, -43.35818717420026), (29.14116076436808, -43.85547828335986), (28.446281434405638, -44.52016416331792), (28.18828671567239, -44.89993090262992), (27.902443415164427, -45.318893505603), (27.659816875330964, -45.78271810821972), (27.49702381768832, -46.33130730559018), (27.35746824671091, -46.786830843755695), (27.30272430051249, -47.42516261590286), (27.306182355823804, -48.18484998650477), (27.520795314795677, -49.22045180384088), (27.979793576379052, -50.21277868670446), (28.568030152623294, -51.04466020665891), (29.157538206306413, -51.581442725050174), (29.951253484935357, -52.077336789240654), (30.593241501695815, -52.36899858368847), (31.36939239777892, -52.54975265884881), (32.27394380183291, -52.65463839645499), (33.114261763506796, -52.54944021324229), (33.86116482227765, -52.35090546002476), (34.61973930420733, -52.0239769695925), (35.255761762454966, -51.592022712577965), (35.88589653422498, -50.99668440486839), (36.387631298646134, -50.35465877132251), (36.807655483657385, -49.54928511042502), (37.08176230477987, -48.64470340474208), (37.13997793752946, -47.839372085119734), (37.098954679464335, -46.88234539869987), (36.877069716975065, -46.100408171249505), (36.53846716893895, -45.330163811805384), (36.03646125516407, -44.58329264810546), (35.48198214906801, -43.99400244763602), (34.85166137537696, -43.55060298085515), (34.01124518964044, -43.10726358097049), (33.00747106670977, -42.81564412377851)], [(110.09102272666154, -42.75955269459609), (111.44045567773574, -42.7390871288873), (112.83541074658372, -43.10273338721559), (113.86148077122128, -43.68376876454881), (114.89267627942866, -44.68427579473863), (115.61563246114594, -45.881937155334136), (115.88875829247449, -47.14540122285116), (115.82331198059556, -48.560526823481574), (115.34848752224677, -49.9403731343614), (114.49963822914278, -51.1635902506152), (113.35253107123509, -52.0431886571492), (111.88190966988071, -52.553898576710914), (110.27473277632299, -52.59968459521777), (108.93534156104337, -52.16527830477956), (107.77784496651485, -51.43264310871486), (106.82750824825862, -50.3512707754882), (106.22077593676646, -49.01711636277498), (106.03352686402847, -47.61718712334794), (106.22531950767716, -46.18686534015669), (106.83411373287781, -44.99652984230133), (107.61732055938776, -44.09300172515975), (108.54587957595648, -43.39157464055808)]]
[41.761s] lift vertices: {}
[41.895s] Creating output folder path:  /home/maria/rmf_ws/build/project_maps/maps/test1/config_resource/
[41.920s] crowdsim unable to parse, not attempting to proceed
[41.944s] crowdsim unable to parse, not attempting to proceed
[42.022s] [ 83%] Built target generate_test1_crowdsim
[42.351s] crowdsim unable to parse, not attempting to proceed
[42.674s] [[5, 6, 4], [3, 4, 2], [54, 55, 53], [52, 53, 51], [50, 51, 49], [47, 48, 45], [47, 45, 46], [29, 30, 31], [29, 31, 26], [29, 26, 28], [28, 26, 27], [10, 11, 12], [10, 12, 9], [8, 9, 7], [7, 9, 6], [6, 9, 89], [6, 89, 90], [6, 90, 91], [6, 91, 92], [6, 92, 93], [6, 93, 94], [6, 94, 95], [6, 95, 96], [6, 96, 97], [6, 97, 98], [6, 98, 4], [4, 98, 99], [4, 99, 1], [4, 1, 2], [55, 56, 53], [53, 56, 100], [53, 100, 51], [51, 100, 101], [51, 101, 102], [51, 102, 103], [51, 103, 104], [51, 104, 105], [51, 105, 48], [51, 48, 49], [48, 105, 106], [48, 106, 107], [48, 107, 108], [48, 108, 109], [48, 109, 110], [48, 110, 45], [45, 110, 111], [45, 111, 44], [43, 44, 42], [42, 44, 41], [35, 36, 34], [31, 32, 25], [31, 25, 26], [22, 23, 21], [15, 16, 13], [15, 13, 14], [12, 13, 112], [12, 112, 113], [12, 113, 114], [12, 114, 9], [9, 114, 115], [9, 115, 116], [9, 116, 117], [9, 117, 118], [9, 118, 119], [9, 119, 120], [9, 120, 89], [99, 121, 1], [1, 121, 122], [122, 121, 123], [122, 0, 1], [124, 56, 57], [124, 125, 56], [126, 125, 124], [56, 125, 100], [111, 127, 44], [44, 127, 41], [41, 127, 128], [41, 128, 129], [41, 129, 130], [41, 130, 131], [41, 131, 58], [41, 58, 39], [41, 39, 40], [37, 38, 36], [36, 38, 66], [36, 66, 67], [36, 67, 79], [36, 79, 21], [36, 21, 34], [34, 21, 23], [34, 23, 32], [34, 32, 33], [32, 23, 25], [25, 23, 24], [21, 79, 80], [21, 80, 19], [21, 19, 20], [17, 18, 16], [16, 18, 88], [16, 88, 132], [16, 132, 133], [16, 133, 134], [16, 134, 135], [16, 135, 136], [16, 136, 137], [16, 137, 138], [16, 138, 139], [16, 139, 140], [16, 140, 13], [13, 140, 141], [13, 141, 112], [142, 143, 88], [142, 88, 144], [144, 88, 145], [121, 144, 123], [123, 144, 145], [84, 85, 86], [84, 86, 81], [84, 81, 83], [78, 79, 77], [74, 75, 77], [74, 77, 73], [73, 77, 72], [72, 77, 69], [72, 69, 71], [71, 69, 70], [68, 69, 67], [62, 63, 60], [62, 60, 61], [126, 58, 125], [125, 58, 146], [146, 58, 147], [147, 58, 148], [131, 149, 58], [58, 149, 148], [58, 59, 39], [39, 59, 38], [38, 59, 66], [66, 59, 65], [63, 64, 65], [63, 65, 60], [60, 65, 59], [67, 69, 77], [67, 77, 79], [77, 75, 76], [80, 81, 86], [80, 86, 87], [80, 87, 19], [19, 87, 18], [18, 87, 88], [81, 82, 83], [88, 143, 150], [88, 150, 151], [88, 151, 152], [88, 152, 132]]
[42.681s]   wrote /home/maria/rmf_ws/build/project_maps/maps/estce/models/estce_L2/meshes/floor_1.obj
[42.682s]   wrote /home/maria/rmf_ws/build/project_maps/maps/estce/models/estce_L2/meshes/blue_linoleum.png
[42.682s]   wrote /home/maria/rmf_ws/build/project_maps/maps/estce/models/estce_L2/meshes/floor_1.mtl
[42.683s] Walls Generation, wall params list: [{'alpha': <building_map.param_value.ParamValue object at 0x7b927e45a7b0>, 'texture_height': <building_map.param_value.ParamValue object at 0x7b927e45a7e0>, 'texture_name': <building_map.param_value.ParamValue object at 0x7b927e45a810>, 'texture_scale': <building_map.param_value.ParamValue object at 0x7b927e45a840>, 'texture_width': <building_map.param_value.ParamValue object at 0x7b927e45a8a0>}]
[42.684s] generating wall: 1 on floor: estce_L2
[42.684s]   wrote /home/maria/rmf_ws/build/project_maps/maps/estce/models/estce_L2/meshes/default.png
[42.684s] generate_wall_visual_mesh(estce_L2, /home/maria/rmf_ws/build/project_maps/maps/estce/models/estce_L2)
[42.685s]   generating /home/maria/rmf_ws/build/project_maps/maps/estce/models/estce_L2/meshes/wall_1.obj
[42.722s]   generating /home/maria/rmf_ws/build/project_maps/maps/estce/models/estce_L2/meshes/wall_1.mtl
[42.722s]   wrote /home/maria/rmf_ws/build/project_maps/maps/estce/models/estce_L2/model.sdf
[42.750s] spawning robot name tinyRobot1 of type TinyRobot
[42.750s] spawning robot name CleanerBotA1 of type CleanerBotA
[42.750s] spawning robot name deliveryRobot_1 of type DeliveryRobot
[42.750s] generate door name=TD1013AL2 type=double_hinged
[42.750s] Door(TD1013AL2)
[42.751s] generate door name=TD1012AL type=double_hinged
[42.751s] Door(TD1012AL)
[42.751s] generate door name=TD1011AL type=double_hinged
[42.751s] Door(TD1011AL)
[42.751s] generate door name=TD1010AL2 type=double_hinged
[42.751s] Door(TD1010AL2)
[42.751s] generate door name=TN4 type=hinged
[42.752s] Door(TN4)
[42.752s] generate door name=TN3 type=hinged
[42.752s] Door(TN3)
[42.752s] generate door name=TD1013AL1 type=hinged
[42.752s] Door(TD1013AL1)
[42.753s] generate door name=TD1020CA type=hinged
[42.753s] Door(TD1020CA)
[42.753s] generate door name=TD1009CA type=hinged
[42.753s] Door(TD1009CA)
[42.753s] generate door name=TD1010AL1 type=hinged
[42.753s] Door(TD1010AL1)
[42.753s] generate door name=TD1008AL type=double_hinged
[42.754s] Door(TD1008AL)
[42.754s] generate door name=TD1014AL type=double_hinged
[42.754s] Door(TD1014AL)
[42.754s] generate door name=TN1 type=hinged
[42.754s] Door(TN1)
[42.755s] generate door name=TD1002CP type=double_hinged
[42.755s] Door(TD1002CP)
[42.755s] generate door name=TN2 type=hinged
[42.755s] Door(TN2)
[42.755s] generate door name=TD1005CP1 type=double_hinged
[42.755s] Door(TD1005CP1)
[42.755s] generate door name=TD1004CA type=hinged
[42.756s] Door(TD1004CA)
[42.756s] generate door name=TD1003CI type=hinged
[42.756s] Door(TD1003CI)
[42.756s] generate door name=TD1023CP1 type=double_hinged
[42.756s] Door(TD1023CP1)
[42.756s] generate door name=TD1023CP2 type=double_hinged
[42.756s] Door(TD1023CP2)
[42.756s] generate door name=TD1018AA type=double_hinged
[42.757s] Door(TD1018AA)
[42.757s] generate door name=TD1015AA type=double_hinged
[42.757s] Door(TD1015AA)
[42.757s] generate door name=TD1016AA type=double_hinged
[42.757s] Door(TD1016AA)
[42.757s] generate door name=TD1017AA type=double_hinged
[42.757s] Door(TD1017AA)
[42.758s] generate door name=TD1022AA type=double_hinged
[42.758s] Door(TD1022AA)
[42.758s] generate door name=TD1019AA type=double_hinged
[42.758s] Door(TD1019AA)
[42.758s] generate door name=TD1007AA type=double_hinged
[42.758s] Door(TD1007AA)
[42.759s] generate door name=TD1021AA type=double_hinged
[42.759s] Door(TD1021AA)
[42.759s] generate door name=em2 type=hinged
[42.759s] Door(em2)
[42.759s] generate door name=em1 type=hinged
[42.759s] Door(em1)
[42.760s] generate door name=bano01 type=hinged
[42.760s] Door(bano01)
[42.760s] generate door name=bano02 type=hinged
[42.760s] Door(bano02)
[42.760s] generate door name=bano03 type=hinged
[42.760s] Door(bano03)
[42.761s] generate door name=bano04 type=hinged
[42.761s] Door(bano04)
[42.761s] generate door name=bano05 type=hinged
[42.761s] Door(bano05)
[42.761s] generate door name=bano06 type=hinged
[42.761s] Door(bano06)
[42.761s] generate door name=TD0008CW type=hinged
[42.762s] Door(TD0008CW)
[42.762s] generate door name=TD0007CW type=hinged
[42.762s] Door(TD0007CW)
[42.762s] generate door name=TD1001CP3 type=double_hinged
[42.762s] Door(TD1001CP3)
[42.762s] generate door name=TD1001CP2 type=double_hinged
[42.762s] Door(TD1001CP2)
[42.762s] generate door name=TD0013CP1 type=double_hinged
[42.763s] Door(TD0013CP1)
[42.763s] generate door name=TD0013CP2 type=double_hinged
[42.763s] Door(TD0013CP2)
[42.763s] generate door name=bano07 type=hinged
[42.763s] Door(bano07)
[42.763s] generate door name=bano08 type=hinged
[42.764s] Door(bano08)
[42.764s] generate door name=bano09 type=hinged
[42.764s] Door(bano09)
[42.764s] generate door name=bano010 type=hinged
[42.764s] Door(bano010)
[42.764s] generate door name=TD0001EC1 type=double_hinged
[42.764s] Door(TD0001EC1)
[42.765s] generate door name=TD0005AO type=hinged
[42.765s] Door(TD0005AO)
[42.765s] generate door name=TD0006ET type=hinged
[42.765s] Door(TD0006ET)
[42.765s] generate door name=TD0004SD type=hinged
[42.765s] Door(TD0004SD)
[42.765s] generate door name=TD0003SC type=hinged
[42.766s] Door(TD0003SC)
[42.766s] generate door name=TD0001EC2 type=double_hinged
[42.766s] Door(TD0001EC2)
[42.766s] generate door name=cancan6 type=hinged
[42.766s] Door(cancan6)
[42.766s] generate door name=cancan5 type=hinged
[42.766s] Door(cancan5)
[42.767s] generate door name=bancan4 type=hinged
[42.767s] Door(bancan4)
[42.767s] generate door name=cancan3 type=hinged
[42.767s] Door(cancan3)
[42.767s] generate door name=bancan1 type=hinged
[42.767s] Door(bancan1)
[42.767s] generate door name=cancan2 type=hinged
[42.768s] Door(cancan2)
[42.768s] generate door name=can7 type=hinged
[42.768s] Door(can7)
[42.768s] generate door name=can8 type=hinged
[42.768s] Door(can8)
[42.768s] generate door name=can6 type=hinged
[42.768s] Door(can6)
[42.768s] generate door name=can2 type=hinged
[42.769s] Door(can2)
[42.769s] generate door name=can1 type=hinged
[42.769s] Door(can1)
[42.769s] generate door name=can3 type=hinged
[42.769s] Door(can3)
[42.769s] generate door name=can4 type=double_hinged
[42.770s] Door(can4)
[42.770s] generate door name=can5 type=hinged
[42.770s] Door(can5)
[42.770s] generate door name=bano012 type=hinged
[42.770s] Door(bano012)
[42.771s] generate door name=bano013 type=hinged
[42.771s] Door(bano013)
[42.771s] generate door name=bano014 type=hinged
[42.771s] Door(bano014)
[42.772s] generate door name=bano011 type=hinged
[42.772s] Door(bano011)
[42.772s] generate door name=TD0009CW type=hinged
[42.772s] Door(TD0009CW)
[42.772s] generate door name=bano015 type=hinged
[42.772s] Door(bano015)
[42.772s] generate door name=bano016 type=hinged
[42.772s] Door(bano016)
[42.772s] generate door name=bano017 type=hinged
[42.773s] Door(bano017)
[42.773s] generate door name=bano018 type=hinged
[42.773s] Door(bano018)
[42.773s] generate door name=bano019 type=hinged
[42.773s] Door(bano019)
[42.773s] generate door name=bano020 type=hinged
[42.773s] Door(bano020)
[42.774s] generate door name=TD2012CI type=hinged
[42.774s] Door(TD2012CI)
[42.774s] generate door name=TD2013CA type=hinged
[42.774s] Door(TD2013CA)
[42.774s] generate door name=TD0014CP1 type=double_hinged
[42.774s] Door(TD0014CP1)
[42.774s] generate door name=TD0014CP2 type=double_hinged
[42.775s] Door(TD0014CP2)
[42.775s] generate door name=TD2034EA type=double_hinged
[42.775s] Door(TD2034EA)
[42.775s] generate door name=TD2049SD type=hinged
[42.775s] Door(TD2049SD)
[42.775s] generate door name=TD2029SD type=hinged
[42.775s] Door(TD2029SD)
[42.775s] generate door name=TD2030SD type=hinged
[42.776s] Door(TD2030SD)
[42.776s] generate door name=TD2040CP1 type=double_hinged
[42.776s] Door(TD2040CP1)
[42.776s] generate door name=TD2037EA type=double_hinged
[42.776s] Door(TD2037EA)
[42.776s] generate door name=TD2040CP2 type=double_hinged
[42.776s] Door(TD2040CP2)
[42.776s] generate door name=EM5 type=hinged
[42.777s] Door(EM5)
[42.777s] generate door name=EM4 type=hinged
[42.777s] Door(EM4)
[42.777s] generate door name=TD2043AA type=double_hinged
[42.777s] Door(TD2043AA)
[42.777s] generate door name=TD2021CP1 type=double_hinged
[42.777s] Door(TD2021CP1)
[42.778s] generate door name=TD2021CP2 type=double_hinged
[42.778s] Door(TD2021CP2)
[42.778s] generate door name=TD2046AA type=double_hinged
[42.778s] Door(TD2046AA)
[42.778s] generate door name=TD2016CE1 type=double_hinged
[42.778s] Door(TD2016CE1)
[42.778s] generate door name=TD2020CE type=hinged
[42.778s] Door(TD2020CE)
[42.779s] generate door name=TD2019CE type=hinged
[42.779s] Door(TD2019CE)
[42.779s] generate door name=TD2018CE type=hinged
[42.779s] Door(TD2018CE)
[42.779s] generate door name=TD2017CE type=hinged
[42.779s] Door(TD2017CE)
[42.779s] generate door name=TD2016CE2 type=double_hinged
[42.780s] Door(TD2016CE2)
[42.780s] generate door name=TD2022CE1 type=double_hinged
[42.780s] Door(TD2022CE1)
[42.780s] generate door name=TD2014CP type=double_hinged
[42.780s] Door(TD2014CP)
[42.780s] generate door name=TD2026CE type=hinged
[42.780s] Door(TD2026CE)
[42.780s] generate door name=TD2025CE type=hinged
[42.781s] Door(TD2025CE)
[42.781s] generate door name=TD2024CE type=hinged
[42.781s] Door(TD2024CE)
[42.781s] generate door name=TD2023CE type=hinged
[42.781s] Door(TD2023CE)
[42.781s] generate door name=TD2022CE2 type=double_hinged
[42.781s] Door(TD2022CE2)
[42.781s] generate door name=TD2011CP2 type=double_hinged
[42.782s] Door(TD2011CP2)
[42.782s] generate door name=TD2011CP3 type=double_hinged
[42.782s] Door(TD2011CP3)
[42.782s] generate door name=TD2011CP1 type=double_hinged
[42.782s] Door(TD2011CP1)
[42.782s] generate door name=TD2003AA type=double_hinged
[42.782s] Door(TD2003AA)
[42.783s] generate door name=TD2002AA type=double_hinged
[42.783s] Door(TD2002AA)
[42.783s] generate door name=TD2048AA type=double_hinged
[42.783s] Door(TD2048AA)
[42.783s] generate door name=TD2047AA type=double_hinged
[42.783s] Door(TD2047AA)
[42.783s] generate door name=TD2006CI type=double_hinged
[42.784s] Door(TD2006CI)
[42.784s] generate door name=TD2004CI type=hinged
[42.784s] Door(TD2004CI)
[42.784s] generate door name=TD2007CI type=hinged
[42.784s] Door(TD2007CI)
[42.784s] generate door name=TD2010CP type=double_hinged
[42.784s] Door(TD2010CP)
[42.784s] generate door name=TD1005CP2 type=double_hinged
[42.785s] Door(TD1005CP2)
[42.785s] generate door name=null type=hinged
[42.785s] Door(null)
[42.785s] generate door name=TD1104 type=double_hinged
[42.785s] Door(TD1104)
[42.785s] generate door name=d2 type=hinged
[42.785s] Door(d2)
[42.785s] generate door name=d1 type=hinged
[42.786s] Door(d1)
[42.786s] generate door name=TD1103 type=double_hinged
[42.786s] Door(TD1103)
[42.786s] generate door name=TD1105 type=double_hinged
[42.786s] Door(TD1105)
[42.786s] generate door name=TD1102 type=double_hinged
[42.786s] Door(TD1102)
[42.786s] generate door name=TD11011 type=double_hinged
[42.787s] Door(TD11011)
[42.787s] generate door name=TD11061 type=double_hinged
[42.787s] Door(TD11061)
[42.787s] generate door name=TD11062 type=double_hinged
[42.787s] Door(TD11062)
[42.787s] generate door name=TD118CP1 type=double_hinged
[42.787s] Door(TD118CP1)
[42.787s] generate door name=TD11012 type=double_hinged
[42.787s] Door(TD11012)
[42.788s] generate door name=TD1114CP1 type=double_hinged
[42.788s] Door(TD1114CP1)
[42.788s] generate door name=TD1114CP2 type=double_hinged
[42.788s] Door(TD1114CP2)
[42.788s] generate door name=TC1114CP3 type=double_hinged
[42.788s] Door(TC1114CP3)
[42.788s] generate door name=door type=double_hinged
[42.788s] Door(door)
[42.788s] generate door name=d4 type=hinged
[42.788s] Door(d4)
[42.789s] generate door name=d5 type=hinged
[42.789s] Door(d5)
[42.789s] generate door name=TD1111AL2 type=double_hinged
[42.789s] Door(TD1111AL2)
[42.789s] generate door name=TD1109AL1 type=double_hinged
[42.789s] Door(TD1109AL1)
[42.789s] generate door name=TD1108AL2 type=double_hinged
[42.789s] Door(TD1108AL2)
[42.789s] generate door name=TD1107AL2 type=double_hinged
[42.790s] Door(TD1107AL2)
[42.790s] generate door name=TD1107AL1 type=double_hinged
[42.790s] Door(TD1107AL1)
[42.790s] generate door name=TD1118CP2 type=double_hinged
[42.790s] Door(TD1118CP2)
[42.790s] generate door name=TD1116CT type=hinged
[42.790s] Door(TD1116CT)
[42.790s] generate door name=TD1118CP4 type=double_hinged
[42.790s] Door(TD1118CP4)
[42.791s] generate door name=TD1118CP3 type=double_hinged
[42.791s] Door(TD1118CP3)
[42.791s] generate door name=TD0114CW type=hinged
[42.791s] Door(TD0114CW)
[42.791s] generate door name=bano1 type=hinged
[42.791s] Door(bano1)
[42.791s] generate door name=bano2 type=hinged
[42.791s] Door(bano2)
[42.791s] generate door name=bano3 type=hinged
[42.791s] Door(bano3)
[42.791s] generate door name=bano4 type=hinged
[42.792s] Door(bano4)
[42.792s] generate door name=bano5 type=hinged
[42.792s] Door(bano5)
[42.792s] generate door name=bano6 type=hinged
[42.792s] Door(bano6)
[42.792s] generate door name=TD0115CW type=hinged
[42.792s] Door(TD0115CW)
[42.792s] generate door name=bano7 type=hinged
[42.792s] Door(bano7)
[42.792s] generate door name=bano8 type=hinged
[42.793s] Door(bano8)
[42.793s] generate door name=bano9 type=hinged
[42.793s] Door(bano9)
[42.793s] generate door name=bano10 type=hinged
[42.793s] Door(bano10)
[42.793s] generate door name=TD0121CI type=hinged
[42.793s] Door(TD0121CI)
[42.793s] generate door name=TD0118CP2 type=double_hinged
[42.793s] Door(TD0118CP2)
[42.793s] generate door name=TD0118CP1 type=double_hinged
[42.794s] Door(TD0118CP1)
[42.794s] generate door name=TD0112FR type=double_hinged
[42.794s] Door(TD0112FR)
[42.794s] generate door name=TD0125DP type=double_hinged
[42.794s] Door(TD0125DP)
[42.794s] generate door name=TD0120AI type=double_hinged
[42.794s] Door(TD0120AI)
[42.794s] generate door name=TD0108AI type=double_hinged
[42.794s] Door(TD0108AI)
[42.794s] generate door name=TD0107AI type=double_hinged
[42.795s] Door(TD0107AI)
[42.795s] generate door name=TD0104AI type=double_hinged
[42.795s] Door(TD0104AI)
[42.795s] generate door name=TD0106AI type=double_hinged
[42.795s] Door(TD0106AI)
[42.795s] generate door name=TD0105AI type=double_hinged
[42.795s] Door(TD0105AI)
[42.795s] generate door name=TD0118CP3 type=hinged
[42.795s] Door(TD0118CP3)
[42.796s] generate door name=TD0118CP4 type=hinged
[42.796s] Door(TD0118CP4)
[42.796s] generate door name=TD0103AI type=double_hinged
[42.796s] Door(TD0103AI)
[42.796s] generate door name=TD0102AI type=double_hinged
[42.796s] Door(TD0102AI)
[42.796s] generate door name=TD0101AO1 type=double_hinged
[42.796s] Door(TD0101AO1)
[42.796s] generate door name=TD0111AO type=double_hinged
[42.796s] Door(TD0111AO)
[42.797s] generate door name=TD0101AO2 type=hinged
[42.797s] Door(TD0101AO2)
[42.797s] generate door name=bano12 type=hinged
[42.797s] Door(bano12)
[42.797s] generate door name=bano13 type=hinged
[42.797s] Door(bano13)
[42.797s] generate door name=bano14 type=hinged
[42.797s] Door(bano14)
[42.797s] generate door name=bano11 type=hinged
[42.798s] Door(bano11)
[42.798s] generate door name=TD0116CW type=hinged
[42.798s] Door(TD0116CW)
[42.798s] generate door name=bano15 type=hinged
[42.798s] Door(bano15)
[42.798s] generate door name=bano16 type=hinged
[42.798s] Door(bano16)
[42.798s] generate door name=bano17 type=hinged
[42.798s] Door(bano17)
[42.799s] generate door name=bano18 type=hinged
[42.799s] Door(bano18)
[42.799s] generate door name=bano19 type=hinged
[42.799s] Door(bano19)
[42.799s] generate door name=bano20 type=hinged
[42.799s] Door(bano20)
[42.799s] generate door name=TD0117CW type=hinged
[42.799s] Door(TD0117CW)
[42.799s] generate door name=TD0123CP4 type=double_hinged
[42.799s] Door(TD0123CP4)
[42.800s] generate door name=TD0123CP3 type=double_hinged
[42.800s] Door(TD0123CP3)
[42.800s] generate door name=TD2106AA2 type=double_hinged
[42.800s] Door(TD2106AA2)
[42.800s] generate door name=TD2106AA1 type=double_hinged
[42.800s] Door(TD2106AA1)
[42.800s] generate door name=TD2105AA type=double_hinged
[42.800s] Door(TD2105AA)
[42.800s] generate door name=TD2104AA type=double_hinged
[42.800s] Door(TD2104AA)
[42.800s] generate door name=TD2111CP1 type=hinged
[42.801s] Door(TD2111CP1)
[42.801s] generate door name=TD2111CP2 type=hinged
[42.801s] Door(TD2111CP2)
[42.801s] generate door name=TD2103AA type=double_hinged
[42.801s] Door(TD2103AA)
[42.801s] generate door name=TD2102AA type=double_hinged
[42.801s] Door(TD2102AA)
[42.801s] generate door name=TD2101AA1 type=double_hinged
[42.801s] Door(TD2101AA1)
[42.801s] generate door name=TD2101AA2 type=double_hinged
[42.802s] Door(TD2101AA2)
[42.802s] generate door name=TD2116CP type=double_hinged
[42.802s] Door(TD2116CP)
[42.802s] generate door name=TD2112CP1 type=double_hinged
[42.802s] Door(TD2112CP1)
[42.802s] generate door name=TD2112CP2 type=double_hinged
[42.802s] Door(TD2112CP2)
[42.802s] generate door name=TD2107AL1 type=double_hinged
[42.802s] Door(TD2107AL1)
[42.802s] generate door name=TD2107AL2 type=double_hinged
[42.803s] Door(TD2107AL2)
[42.803s] generate door name=TD2110AL2 type=double_hinged
[42.803s] Door(TD2110AL2)
[42.803s] generate door name=TD2109AL type=double_hinged
[42.803s] Door(TD2109AL)
[42.803s] generate door name=TD2108AL type=double_hinged
[42.803s] Door(TD2108AL)
[42.803s] generate door name=TD2110AL1 type=double_hinged
[42.803s] Door(TD2110AL1)
[42.804s] generate door name=d3 type=hinged
[42.804s] Door(d3)
[42.804s] generate door name=TD1111AL1 type=hinged
[42.804s] Door(TD1111AL1)
[42.804s] generate door name=TD2114CI type=hinged
[42.804s] Door(TD2114CI)
[42.804s] generate door name=TD2115CI type=hinged
[42.804s] Door(TD2115CI)
[42.804s] generate door name=TD1117CI type=hinged
[42.804s] Door(TD1117CI)
[42.804s] generate door name=TD0113ER type=double_hinged
[42.805s] Door(TD0113ER)
[42.805s] generate door name=TD2113CP type=double_hinged
[42.805s] Door(TD2113CP)
[42.805s] generate door name=TD0119CP2 type=double_hinged
[42.805s] Door(TD0119CP2)
[42.805s] generate door name=TD0119CP1 type=double_hinged
[42.805s] Door(TD0119CP1)
[42.805s] generate door name=TD0123CP1 type=double_hinged
[42.805s] Door(TD0123CP1)
[42.806s] generate door name=TD0123CP2 type=double_hinged
[42.806s] Door(TD0123CP2)
[42.829s] 881754 bytes written to /home/maria/rmf_ws/build/project_maps/maps/estce/estce.world
[42.866s] crowdsim unable to parse, not attempting to proceed
[42.937s] [ 83%] Built target estce
[42.957s] [ 83%] Built target generate_classroom_crowdsim
[42.966s] [100%] [34m[1mGenerating estce_crowdsim[0m
[43.541s] Creating output folder path:  /home/maria/rmf_ws/build/project_maps/maps/estce/config_resource/
[45.239s] crowdsim unable to parse, not attempting to proceed
[47.089s] crowdsim unable to parse, not attempting to proceed
[47.173s] [100%] Built target generate_estce_crowdsim
[47.186s] Invoked command in '/home/maria/rmf_ws/build/project_maps' returned '0': CMAKE_PREFIX_PATH=/rmf_demos_ws/install/rmf_workcell_msgs:/rmf_demos_ws/install/rmf_demos_gz:/rmf_demos_ws/install/rmf_demos:/rmf_demos_ws/install/rmf_reservation_node:/rmf_demos_ws/install/rmf_fleet_adapter_python:/rmf_demos_ws/install/rmf_fleet_adapter:/rmf_demos_ws/install/rmf_task_ros2:/rmf_demos_ws/install/rmf_websocket:/rmf_demos_ws/install/rmf_visualization:/rmf_demos_ws/install/rmf_visualization_schedule:/rmf_demos_ws/install/rmf_visualization_rviz2_plugins:/rmf_demos_ws/install/rmf_visualization_obstacles:/rmf_demos_ws/install/rmf_visualization_navgraphs:/rmf_demos_ws/install/rmf_visualization_floorplans:/rmf_demos_ws/install/rmf_visualization_fleet_states:/rmf_demos_ws/install/rmf_visualization_msgs:/rmf_demos_ws/install/rmf_traffic_ros2:/rmf_demos_ws/install/rmf_task_sequence:/rmf_demos_ws/install/rmf_task:/rmf_demos_ws/install/rmf_battery:/rmf_demos_ws/install/rmf_traffic:/rmf_demos_ws/install/rmf_utils:/rmf_demos_ws/install/rmf_traffic_msgs:/rmf_demos_ws/install/rmf_traffic_editor_test_maps:/rmf_demos_ws/install/rmf_traffic_editor_assets:/rmf_demos_ws/install/rmf_traffic_editor:/rmf_demos_ws/install/rmf_task_msgs:/rmf_demos_ws/install/rmf_site_map_msgs:/rmf_demos_ws/install/rmf_scheduler_msgs:/rmf_demos_ws/install/rmf_robot_sim_gz_plugins:/rmf_demos_ws/install/rmf_robot_sim_common:/rmf_demos_ws/install/rmf_reservation_msgs:/rmf_demos_ws/install/rmf_obstacle_msgs:/rmf_demos_ws/install/rmf_building_sim_gz_plugins:/rmf_demos_ws/install/rmf_lift_msgs:/rmf_demos_ws/install/rmf_ingestor_msgs:/rmf_demos_ws/install/rmf_fleet_msgs:/rmf_demos_ws/install/rmf_door_msgs:/rmf_demos_ws/install/rmf_dispenser_msgs:/rmf_demos_ws/install/rmf_demos_maps:/rmf_demos_ws/install/rmf_demos_assets:/rmf_demos_ws/install/rmf_charger_msgs:/rmf_demos_ws/install/rmf_building_map_msgs:/rmf_demos_ws/install/rmf_api_msgs:/rmf_demos_ws/install/nlohmann_json_schema_validator_vendor:/rmf_demos_ws/install/rmf_demos_fleet_adapter:/rmf_demos_ws/install/rmf_visualization_building_systems:/rmf_demos_ws/install/rmf_traffic_examples:/rmf_demos_ws/install/rmf_demos_bridges:/rmf_demos_ws/install/rmf_demos_tasks:/rmf_demos_ws/install/rmf_building_map_tools:/rmf_demos_ws/install/rmf_charging_schedule:/opt/ros/jazzy:/rmf_demos_ws/install/menge_vendor:/rmf_demos_ws/install/ament_cmake_catch2:/opt/ros/jazzy/opt/gz_sim_vendor:/opt/ros/jazzy/opt/gz_sensors_vendor:/opt/ros/jazzy/opt/gz_physics_vendor:/opt/ros/jazzy/opt/sdformat_vendor:/opt/ros/jazzy/opt/gz_gui_vendor:/opt/ros/jazzy/opt/gz_transport_vendor:/opt/ros/jazzy/opt/gz_rendering_vendor:/opt/ros/jazzy/opt/gz_plugin_vendor:/opt/ros/jazzy/opt/gz_fuel_tools_vendor:/opt/ros/jazzy/opt/gz_msgs_vendor:/opt/ros/jazzy/opt/gz_common_vendor:/opt/ros/jazzy/opt/gz_math_vendor:/opt/ros/jazzy/opt/gz_utils_vendor:/opt/ros/jazzy/opt/gz_tools_vendor:/opt/ros/jazzy/opt/gz_ogre_next_vendor:/opt/ros/jazzy/opt/gz_dartsim_vendor:/opt/ros/jazzy/opt/gz_cmake_vendor /usr/bin/cmake --build /home/maria/rmf_ws/build/project_maps -- -j8 -l8
[47.187s] Invoking command in '/home/maria/rmf_ws/build/project_maps': CMAKE_PREFIX_PATH=/rmf_demos_ws/install/rmf_workcell_msgs:/rmf_demos_ws/install/rmf_demos_gz:/rmf_demos_ws/install/rmf_demos:/rmf_demos_ws/install/rmf_reservation_node:/rmf_demos_ws/install/rmf_fleet_adapter_python:/rmf_demos_ws/install/rmf_fleet_adapter:/rmf_demos_ws/install/rmf_task_ros2:/rmf_demos_ws/install/rmf_websocket:/rmf_demos_ws/install/rmf_visualization:/rmf_demos_ws/install/rmf_visualization_schedule:/rmf_demos_ws/install/rmf_visualization_rviz2_plugins:/rmf_demos_ws/install/rmf_visualization_obstacles:/rmf_demos_ws/install/rmf_visualization_navgraphs:/rmf_demos_ws/install/rmf_visualization_floorplans:/rmf_demos_ws/install/rmf_visualization_fleet_states:/rmf_demos_ws/install/rmf_visualization_msgs:/rmf_demos_ws/install/rmf_traffic_ros2:/rmf_demos_ws/install/rmf_task_sequence:/rmf_demos_ws/install/rmf_task:/rmf_demos_ws/install/rmf_battery:/rmf_demos_ws/install/rmf_traffic:/rmf_demos_ws/install/rmf_utils:/rmf_demos_ws/install/rmf_traffic_msgs:/rmf_demos_ws/install/rmf_traffic_editor_test_maps:/rmf_demos_ws/install/rmf_traffic_editor_assets:/rmf_demos_ws/install/rmf_traffic_editor:/rmf_demos_ws/install/rmf_task_msgs:/rmf_demos_ws/install/rmf_site_map_msgs:/rmf_demos_ws/install/rmf_scheduler_msgs:/rmf_demos_ws/install/rmf_robot_sim_gz_plugins:/rmf_demos_ws/install/rmf_robot_sim_common:/rmf_demos_ws/install/rmf_reservation_msgs:/rmf_demos_ws/install/rmf_obstacle_msgs:/rmf_demos_ws/install/rmf_building_sim_gz_plugins:/rmf_demos_ws/install/rmf_lift_msgs:/rmf_demos_ws/install/rmf_ingestor_msgs:/rmf_demos_ws/install/rmf_fleet_msgs:/rmf_demos_ws/install/rmf_door_msgs:/rmf_demos_ws/install/rmf_dispenser_msgs:/rmf_demos_ws/install/rmf_demos_maps:/rmf_demos_ws/install/rmf_demos_assets:/rmf_demos_ws/install/rmf_charger_msgs:/rmf_demos_ws/install/rmf_building_map_msgs:/rmf_demos_ws/install/rmf_api_msgs:/rmf_demos_ws/install/nlohmann_json_schema_validator_vendor:/rmf_demos_ws/install/rmf_demos_fleet_adapter:/rmf_demos_ws/install/rmf_visualization_building_systems:/rmf_demos_ws/install/rmf_traffic_examples:/rmf_demos_ws/install/rmf_demos_bridges:/rmf_demos_ws/install/rmf_demos_tasks:/rmf_demos_ws/install/rmf_building_map_tools:/rmf_demos_ws/install/rmf_charging_schedule:/opt/ros/jazzy:/rmf_demos_ws/install/menge_vendor:/rmf_demos_ws/install/ament_cmake_catch2:/opt/ros/jazzy/opt/gz_sim_vendor:/opt/ros/jazzy/opt/gz_sensors_vendor:/opt/ros/jazzy/opt/gz_physics_vendor:/opt/ros/jazzy/opt/sdformat_vendor:/opt/ros/jazzy/opt/gz_gui_vendor:/opt/ros/jazzy/opt/gz_transport_vendor:/opt/ros/jazzy/opt/gz_rendering_vendor:/opt/ros/jazzy/opt/gz_plugin_vendor:/opt/ros/jazzy/opt/gz_fuel_tools_vendor:/opt/ros/jazzy/opt/gz_msgs_vendor:/opt/ros/jazzy/opt/gz_common_vendor:/opt/ros/jazzy/opt/gz_math_vendor:/opt/ros/jazzy/opt/gz_utils_vendor:/opt/ros/jazzy/opt/gz_tools_vendor:/opt/ros/jazzy/opt/gz_ogre_next_vendor:/opt/ros/jazzy/opt/gz_dartsim_vendor:/opt/ros/jazzy/opt/gz_cmake_vendor /usr/bin/cmake --install /home/maria/rmf_ws/build/project_maps
[47.198s] -- Install configuration: ""
[47.198s] -- Execute custom install script
[47.208s] -- Symlinking: /home/maria/rmf_ws/install/project_maps/share/project_maps/classroom/classroom.building.yaml
[47.219s] -- Symlinking: /home/maria/rmf_ws/install/project_maps/share/project_maps/classroom/classroom.world
[47.231s] -- Symlinking: /home/maria/rmf_ws/install/project_maps/share/project_maps/classroom/classroom_world/classroom_L1/meshes/blue_linoleum.png
[47.242s] -- Symlinking: /home/maria/rmf_ws/install/project_maps/share/project_maps/classroom/classroom_world/classroom_L1/meshes/default.png
[47.254s] -- Symlinking: /home/maria/rmf_ws/install/project_maps/share/project_maps/classroom/classroom_world/classroom_L1/meshes/floor_1.mtl
[47.266s] -- Symlinking: /home/maria/rmf_ws/install/project_maps/share/project_maps/classroom/classroom_world/classroom_L1/meshes/floor_1.obj
[47.277s] -- Symlinking: /home/maria/rmf_ws/install/project_maps/share/project_maps/classroom/classroom_world/classroom_L1/meshes/model.material
[47.288s] -- Symlinking: /home/maria/rmf_ws/install/project_maps/share/project_maps/classroom/classroom_world/classroom_L1/meshes/wall_1.mtl
[47.300s] -- Symlinking: /home/maria/rmf_ws/install/project_maps/share/project_maps/classroom/classroom_world/classroom_L1/meshes/wall_1.obj
[47.312s] -- Symlinking: /home/maria/rmf_ws/install/project_maps/share/project_maps/classroom/classroom_world/classroom_L1/model.config
[47.324s] -- Symlinking: /home/maria/rmf_ws/install/project_maps/share/project_maps/classroom/classroom_world/classroom_L1/model.sdf
[47.335s] -- Symlinking: /home/maria/rmf_ws/install/project_maps/share/project_maps/classroom/classroom_world/classroom_L2/meshes/blue_linoleum.png
[47.346s] -- Symlinking: /home/maria/rmf_ws/install/project_maps/share/project_maps/classroom/classroom_world/classroom_L2/meshes/default.png
[47.358s] -- Symlinking: /home/maria/rmf_ws/install/project_maps/share/project_maps/classroom/classroom_world/classroom_L2/meshes/floor_1.mtl
[47.369s] -- Symlinking: /home/maria/rmf_ws/install/project_maps/share/project_maps/classroom/classroom_world/classroom_L2/meshes/floor_1.obj
[47.380s] -- Symlinking: /home/maria/rmf_ws/install/project_maps/share/project_maps/classroom/classroom_world/classroom_L2/meshes/model.material
[47.391s] -- Symlinking: /home/maria/rmf_ws/install/project_maps/share/project_maps/classroom/classroom_world/classroom_L2/meshes/wall_1.mtl
[47.402s] -- Symlinking: /home/maria/rmf_ws/install/project_maps/share/project_maps/classroom/classroom_world/classroom_L2/meshes/wall_1.obj
[47.413s] -- Symlinking: /home/maria/rmf_ws/install/project_maps/share/project_maps/classroom/classroom_world/classroom_L2/model.config
[47.424s] -- Symlinking: /home/maria/rmf_ws/install/project_maps/share/project_maps/classroom/classroom_world/classroom_L2/model.sdf
[47.435s] -- Symlinking: /home/maria/rmf_ws/install/project_maps/share/project_maps/classroom/models/AdjTable/meshes/AdjTable.mtl
[47.446s] -- Symlinking: /home/maria/rmf_ws/install/project_maps/share/project_maps/classroom/models/AdjTable/meshes/AdjTable.obj
[47.458s] -- Symlinking: /home/maria/rmf_ws/install/project_maps/share/project_maps/classroom/models/AdjTable/meshes/AdjTable_Col.mtl
[47.469s] -- Symlinking: /home/maria/rmf_ws/install/project_maps/share/project_maps/classroom/models/AdjTable/meshes/AdjTable_Col.obj
[47.480s] -- Symlinking: /home/maria/rmf_ws/install/project_maps/share/project_maps/classroom/models/AdjTable/meshes/AdjTable_Diffuse.png
[47.491s] -- Symlinking: /home/maria/rmf_ws/install/project_maps/share/project_maps/classroom/models/AdjTable/model.config
[47.501s] -- Symlinking: /home/maria/rmf_ws/install/project_maps/share/project_maps/classroom/models/AdjTable/model.sdf
[47.512s] -- Symlinking: /home/maria/rmf_ws/install/project_maps/share/project_maps/classroom/models/AdjTable/thumbnails/1.png
[47.523s] -- Symlinking: /home/maria/rmf_ws/install/project_maps/share/project_maps/classroom/models/AdjTable/thumbnails/2.png
[47.534s] -- Symlinking: /home/maria/rmf_ws/install/project_maps/share/project_maps/classroom/models/AdjTable/thumbnails/3.png
[47.545s] -- Symlinking: /home/maria/rmf_ws/install/project_maps/share/project_maps/classroom/models/AdjTable/thumbnails/4.png
[47.557s] -- Symlinking: /home/maria/rmf_ws/install/project_maps/share/project_maps/classroom/models/AdjTable/thumbnails/5.png
[47.568s] -- Symlinking: /home/maria/rmf_ws/install/project_maps/share/project_maps/classroom/models/OfficeChairGrey/meshes/OfficeChairGrey.mtl
[47.579s] -- Symlinking: /home/maria/rmf_ws/install/project_maps/share/project_maps/classroom/models/OfficeChairGrey/meshes/OfficeChairGrey.obj
[47.590s] -- Symlinking: /home/maria/rmf_ws/install/project_maps/share/project_maps/classroom/models/OfficeChairGrey/meshes/OfficeChairGrey.png
[47.601s] -- Symlinking: /home/maria/rmf_ws/install/project_maps/share/project_maps/classroom/models/OfficeChairGrey/meshes/OfficeChairGrey_Col.mtl
[47.612s] -- Symlinking: /home/maria/rmf_ws/install/project_maps/share/project_maps/classroom/models/OfficeChairGrey/meshes/OfficeChairGrey_Col.obj
[47.623s] -- Symlinking: /home/maria/rmf_ws/install/project_maps/share/project_maps/classroom/models/OfficeChairGrey/model.config
[47.634s] -- Symlinking: /home/maria/rmf_ws/install/project_maps/share/project_maps/classroom/models/OfficeChairGrey/model.sdf
[47.645s] -- Symlinking: /home/maria/rmf_ws/install/project_maps/share/project_maps/classroom/models/OfficeChairGrey/thumbnails/1.png
[47.657s] -- Symlinking: /home/maria/rmf_ws/install/project_maps/share/project_maps/classroom/models/OfficeChairGrey/thumbnails/2.png
[47.668s] -- Symlinking: /home/maria/rmf_ws/install/project_maps/share/project_maps/classroom/models/OfficeChairGrey/thumbnails/3.png
[47.679s] -- Symlinking: /home/maria/rmf_ws/install/project_maps/share/project_maps/classroom/models/OfficeChairGrey/thumbnails/4.png
[47.690s] -- Symlinking: /home/maria/rmf_ws/install/project_maps/share/project_maps/classroom/models/OfficeChairGrey/thumbnails/5.png
[47.701s] -- Symlinking: /home/maria/rmf_ws/install/project_maps/share/project_maps/classroom/models/OfficeChairGrey/thumbnails/meta/1.png
[47.711s] -- Symlinking: /home/maria/rmf_ws/install/project_maps/share/project_maps/classroom/models/OfficeChairGrey/thumbnails/meta/2.png
[47.722s] -- Symlinking: /home/maria/rmf_ws/install/project_maps/share/project_maps/classroom/models/OfficeChairGrey/thumbnails/meta/3.png
[47.732s] -- Symlinking: /home/maria/rmf_ws/install/project_maps/share/project_maps/classroom/models/OfficeChairGrey/thumbnails/meta/4.png
[47.742s] -- Symlinking: /home/maria/rmf_ws/install/project_maps/share/project_maps/classroom/models/OfficeChairGrey/thumbnails/meta/5.png
[47.753s] -- Symlinking: /home/maria/rmf_ws/install/project_maps/share/project_maps/classroom/models/TinyRobot/meshes/caster_wheel.mtl
[47.763s] -- Symlinking: /home/maria/rmf_ws/install/project_maps/share/project_maps/classroom/models/TinyRobot/meshes/caster_wheel.obj
[47.773s] -- Symlinking: /home/maria/rmf_ws/install/project_maps/share/project_maps/classroom/models/TinyRobot/meshes/front_wheel.mtl
[47.783s] -- Symlinking: /home/maria/rmf_ws/install/project_maps/share/project_maps/classroom/models/TinyRobot/meshes/front_wheel.obj
[47.793s] -- Symlinking: /home/maria/rmf_ws/install/project_maps/share/project_maps/classroom/models/TinyRobot/meshes/tinyRobot_body.mtl
[47.804s] -- Symlinking: /home/maria/rmf_ws/install/project_maps/share/project_maps/classroom/models/TinyRobot/meshes/tinyRobot_body.obj
[47.814s] -- Symlinking: /home/maria/rmf_ws/install/project_maps/share/project_maps/classroom/models/TinyRobot/model.config
[47.824s] -- Symlinking: /home/maria/rmf_ws/install/project_maps/share/project_maps/classroom/models/TinyRobot/model.sdf
[47.835s] -- Symlinking: /home/maria/rmf_ws/install/project_maps/share/project_maps/estce/Nivel 0 - TD_n0-1.png
[47.845s] -- Symlinking: /home/maria/rmf_ws/install/project_maps/share/project_maps/estce/Nivel 1 - TD_n1-1.png
[47.856s] -- Symlinking: /home/maria/rmf_ws/install/project_maps/share/project_maps/estce/estce.building.yaml
[47.867s] -- Symlinking: /home/maria/rmf_ws/install/project_maps/share/project_maps/estce/estce.world
[47.877s] -- Symlinking: /home/maria/rmf_ws/install/project_maps/share/project_maps/estce/estce_world/estce_L1/meshes/blue_linoleum.png
[47.887s] -- Symlinking: /home/maria/rmf_ws/install/project_maps/share/project_maps/estce/estce_world/estce_L1/meshes/default.png
[47.898s] -- Symlinking: /home/maria/rmf_ws/install/project_maps/share/project_maps/estce/estce_world/estce_L1/meshes/floor_1.mtl
[47.908s] -- Symlinking: /home/maria/rmf_ws/install/project_maps/share/project_maps/estce/estce_world/estce_L1/meshes/floor_1.obj
[47.918s] -- Symlinking: /home/maria/rmf_ws/install/project_maps/share/project_maps/estce/estce_world/estce_L1/meshes/model.material
[47.929s] -- Symlinking: /home/maria/rmf_ws/install/project_maps/share/project_maps/estce/estce_world/estce_L1/meshes/wall_1.mtl
[47.939s] -- Symlinking: /home/maria/rmf_ws/install/project_maps/share/project_maps/estce/estce_world/estce_L1/meshes/wall_1.obj
[47.951s] -- Symlinking: /home/maria/rmf_ws/install/project_maps/share/project_maps/estce/estce_world/estce_L1/model.config
[47.961s] -- Symlinking: /home/maria/rmf_ws/install/project_maps/share/project_maps/estce/estce_world/estce_L1/model.sdf
[47.972s] -- Symlinking: /home/maria/rmf_ws/install/project_maps/share/project_maps/estce/estce_world/estce_L2/meshes/blue_linoleum.png
[47.982s] -- Symlinking: /home/maria/rmf_ws/install/project_maps/share/project_maps/estce/estce_world/estce_L2/meshes/default.png
[47.992s] -- Symlinking: /home/maria/rmf_ws/install/project_maps/share/project_maps/estce/estce_world/estce_L2/meshes/floor_1.mtl
[48.003s] -- Symlinking: /home/maria/rmf_ws/install/project_maps/share/project_maps/estce/estce_world/estce_L2/meshes/floor_1.obj
[48.013s] -- Symlinking: /home/maria/rmf_ws/install/project_maps/share/project_maps/estce/estce_world/estce_L2/meshes/model.material
[48.024s] -- Symlinking: /home/maria/rmf_ws/install/project_maps/share/project_maps/estce/estce_world/estce_L2/meshes/wall_1.mtl
[48.035s] -- Symlinking: /home/maria/rmf_ws/install/project_maps/share/project_maps/estce/estce_world/estce_L2/meshes/wall_1.obj
[48.045s] -- Symlinking: /home/maria/rmf_ws/install/project_maps/share/project_maps/estce/estce_world/estce_L2/model.config
[48.057s] -- Symlinking: /home/maria/rmf_ws/install/project_maps/share/project_maps/estce/estce_world/estce_L2/model.sdf
[48.068s] -- Symlinking: /home/maria/rmf_ws/install/project_maps/share/project_maps/estce/models/BathroomSink/LICENSE
[48.078s] -- Symlinking: /home/maria/rmf_ws/install/project_maps/share/project_maps/estce/models/BathroomSink/meshes/BathroomSink.mtl
[48.089s] -- Symlinking: /home/maria/rmf_ws/install/project_maps/share/project_maps/estce/models/BathroomSink/meshes/BathroomSink.obj
[48.100s] -- Symlinking: /home/maria/rmf_ws/install/project_maps/share/project_maps/estce/models/BathroomSink/meshes/BathroomSink_Col.mtl
[48.110s] -- Symlinking: /home/maria/rmf_ws/install/project_maps/share/project_maps/estce/models/BathroomSink/meshes/BathroomSink_Col.obj
[48.121s] -- Symlinking: /home/maria/rmf_ws/install/project_maps/share/project_maps/estce/models/BathroomSink/meshes/BathroomSink_Diffuse.png
[48.132s] -- Symlinking: /home/maria/rmf_ws/install/project_maps/share/project_maps/estce/models/BathroomSink/meshes/BathroomSink_Metal.png
[48.142s] -- Symlinking: /home/maria/rmf_ws/install/project_maps/share/project_maps/estce/models/BathroomSink/meshes/BathroomSink_Rough.png
[48.155s] -- Symlinking: /home/maria/rmf_ws/install/project_maps/share/project_maps/estce/models/BathroomSink/model.config
[48.166s] -- Symlinking: /home/maria/rmf_ws/install/project_maps/share/project_maps/estce/models/BathroomSink/model.sdf
[48.177s] -- Symlinking: /home/maria/rmf_ws/install/project_maps/share/project_maps/estce/models/BathroomSink/thumbnails/1.png
[48.187s] -- Symlinking: /home/maria/rmf_ws/install/project_maps/share/project_maps/estce/models/BathroomSink/thumbnails/2.png
[48.198s] -- Symlinking: /home/maria/rmf_ws/install/project_maps/share/project_maps/estce/models/BathroomSink/thumbnails/3.png
[48.208s] -- Symlinking: /home/maria/rmf_ws/install/project_maps/share/project_maps/estce/models/BathroomSink/thumbnails/4.png
[48.219s] -- Symlinking: /home/maria/rmf_ws/install/project_maps/share/project_maps/estce/models/BathroomSink/thumbnails/5.png
[48.230s] -- Symlinking: /home/maria/rmf_ws/install/project_maps/share/project_maps/estce/models/Chair/LICENSE
[48.240s] -- Symlinking: /home/maria/rmf_ws/install/project_maps/share/project_maps/estce/models/Chair/meshes/Chair.mtl
[48.252s] -- Symlinking: /home/maria/rmf_ws/install/project_maps/share/project_maps/estce/models/Chair/meshes/Chair.obj
[48.263s] -- Symlinking: /home/maria/rmf_ws/install/project_maps/share/project_maps/estce/models/Chair/meshes/Chair.png
[48.273s] -- Symlinking: /home/maria/rmf_ws/install/project_maps/share/project_maps/estce/models/Chair/meshes/Chair_Diffuse.png
[48.284s] -- Symlinking: /home/maria/rmf_ws/install/project_maps/share/project_maps/estce/models/Chair/meshes/Chair_Normal.png
[48.295s] -- Symlinking: /home/maria/rmf_ws/install/project_maps/share/project_maps/estce/models/Chair/meshes/Chair_SpecGloss.png
[48.305s] -- Symlinking: /home/maria/rmf_ws/install/project_maps/share/project_maps/estce/models/Chair/model.config
[48.316s] -- Symlinking: /home/maria/rmf_ws/install/project_maps/share/project_maps/estce/models/Chair/model.sdf
[48.327s] -- Symlinking: /home/maria/rmf_ws/install/project_maps/share/project_maps/estce/models/Chair/thumbnails/1.png
[48.337s] -- Symlinking: /home/maria/rmf_ws/install/project_maps/share/project_maps/estce/models/Chair/thumbnails/2.png
[48.349s] -- Symlinking: /home/maria/rmf_ws/install/project_maps/share/project_maps/estce/models/Chair/thumbnails/3.png
[48.359s] -- Symlinking: /home/maria/rmf_ws/install/project_maps/share/project_maps/estce/models/Chair/thumbnails/4.png
[48.370s] -- Symlinking: /home/maria/rmf_ws/install/project_maps/share/project_maps/estce/models/Chair/thumbnails/5.png
[48.380s] -- Symlinking: /home/maria/rmf_ws/install/project_maps/share/project_maps/estce/models/CleaningSection/LICENSE
[48.396s] -- Symlinking: /home/maria/rmf_ws/install/project_maps/share/project_maps/estce/models/CleaningSection/meshes/Blue.png
[48.407s] -- Symlinking: /home/maria/rmf_ws/install/project_maps/share/project_maps/estce/models/CleaningSection/meshes/Bucket.png
[48.418s] -- Symlinking: /home/maria/rmf_ws/install/project_maps/share/project_maps/estce/models/CleaningSection/meshes/Cart.png
[48.428s] -- Symlinking: /home/maria/rmf_ws/install/project_maps/share/project_maps/estce/models/CleaningSection/meshes/CleaningSection.mtl
[48.439s] -- Symlinking: /home/maria/rmf_ws/install/project_maps/share/project_maps/estce/models/CleaningSection/meshes/CleaningSection.obj
[48.451s] -- Symlinking: /home/maria/rmf_ws/install/project_maps/share/project_maps/estce/models/CleaningSection/meshes/Duster.png
[48.461s] -- Symlinking: /home/maria/rmf_ws/install/project_maps/share/project_maps/estce/models/CleaningSection/meshes/Glove.png
[48.472s] -- Symlinking: /home/maria/rmf_ws/install/project_maps/share/project_maps/estce/models/CleaningSection/meshes/Mop.png
[48.483s] -- Symlinking: /home/maria/rmf_ws/install/project_maps/share/project_maps/estce/models/CleaningSection/meshes/Red.png
[48.493s] -- Symlinking: /home/maria/rmf_ws/install/project_maps/share/project_maps/estce/models/CleaningSection/meshes/Spray.png
[48.504s] -- Symlinking: /home/maria/rmf_ws/install/project_maps/share/project_maps/estce/models/CleaningSection/model.config
[48.515s] -- Symlinking: /home/maria/rmf_ws/install/project_maps/share/project_maps/estce/models/CleaningSection/model.sdf
[48.525s] -- Symlinking: /home/maria/rmf_ws/install/project_maps/share/project_maps/estce/models/CleaningSection/thumbnails/1.png
[48.536s] -- Symlinking: /home/maria/rmf_ws/install/project_maps/share/project_maps/estce/models/CleaningSection/thumbnails/2.png
[48.547s] -- Symlinking: /home/maria/rmf_ws/install/project_maps/share/project_maps/estce/models/CleaningSection/thumbnails/3.png
[48.558s] -- Symlinking: /home/maria/rmf_ws/install/project_maps/share/project_maps/estce/models/CleaningSection/thumbnails/4.png
[48.569s] -- Symlinking: /home/maria/rmf_ws/install/project_maps/share/project_maps/estce/models/CleaningSection/thumbnails/5.png
[48.579s] -- Symlinking: /home/maria/rmf_ws/install/project_maps/share/project_maps/estce/models/CoffeeTable/LICENSE
[48.590s] -- Symlinking: /home/maria/rmf_ws/install/project_maps/share/project_maps/estce/models/CoffeeTable/meshes/CoffeeTable.mtl
[48.601s] -- Symlinking: /home/maria/rmf_ws/install/project_maps/share/project_maps/estce/models/CoffeeTable/meshes/CoffeeTable.obj
[48.611s] -- Symlinking: /home/maria/rmf_ws/install/project_maps/share/project_maps/estce/models/CoffeeTable/meshes/CoffeeTable_Diffuse.png
[48.622s] -- Symlinking: /home/maria/rmf_ws/install/project_maps/share/project_maps/estce/models/CoffeeTable/meshes/CoffeeTable_Normal.png
[48.632s] -- Symlinking: /home/maria/rmf_ws/install/project_maps/share/project_maps/estce/models/CoffeeTable/meshes/CoffeeTable_SpecGloss.png
[48.643s] -- Symlinking: /home/maria/rmf_ws/install/project_maps/share/project_maps/estce/models/CoffeeTable/model.config
[48.655s] -- Symlinking: /home/maria/rmf_ws/install/project_maps/share/project_maps/estce/models/CoffeeTable/model.sdf
[48.665s] -- Symlinking: /home/maria/rmf_ws/install/project_maps/share/project_maps/estce/models/CoffeeTable/thumbnails/1.png
[48.676s] -- Symlinking: /home/maria/rmf_ws/install/project_maps/share/project_maps/estce/models/CoffeeTable/thumbnails/2.png
[48.686s] -- Symlinking: /home/maria/rmf_ws/install/project_maps/share/project_maps/estce/models/CoffeeTable/thumbnails/3.png
[48.696s] -- Symlinking: /home/maria/rmf_ws/install/project_maps/share/project_maps/estce/models/CoffeeTable/thumbnails/4.png
[48.706s] -- Symlinking: /home/maria/rmf_ws/install/project_maps/share/project_maps/estce/models/CoffeeTable/thumbnails/5.png
[48.717s] -- Symlinking: /home/maria/rmf_ws/install/project_maps/share/project_maps/estce/models/Coke/LICENSE
[48.727s] -- Symlinking: /home/maria/rmf_ws/install/project_maps/share/project_maps/estce/models/Coke/materials/coke.png
[48.738s] -- Symlinking: /home/maria/rmf_ws/install/project_maps/share/project_maps/estce/models/Coke/meshes/coke.mtl
[48.749s] -- Symlinking: /home/maria/rmf_ws/install/project_maps/share/project_maps/estce/models/Coke/meshes/coke.obj
[48.760s] -- Symlinking: /home/maria/rmf_ws/install/project_maps/share/project_maps/estce/models/Coke/model.config
[48.771s] -- Symlinking: /home/maria/rmf_ws/install/project_maps/share/project_maps/estce/models/Coke/model.sdf
[48.781s] -- Symlinking: /home/maria/rmf_ws/install/project_maps/share/project_maps/estce/models/Coke/thumbnails/1.png
[48.792s] -- Symlinking: /home/maria/rmf_ws/install/project_maps/share/project_maps/estce/models/Coke/thumbnails/2.png
[48.803s] -- Symlinking: /home/maria/rmf_ws/install/project_maps/share/project_maps/estce/models/Coke/thumbnails/3.png
[48.813s] -- Symlinking: /home/maria/rmf_ws/install/project_maps/share/project_maps/estce/models/Coke/thumbnails/4.png
[48.824s] -- Symlinking: /home/maria/rmf_ws/install/project_maps/share/project_maps/estce/models/Coke/thumbnails/5.png
[48.834s] -- Symlinking: /home/maria/rmf_ws/install/project_maps/share/project_maps/estce/models/Construction Cone/LICENSE
[48.844s] -- Symlinking: /home/maria/rmf_ws/install/project_maps/share/project_maps/estce/models/Construction Cone/materials/textures/Construction_Cone_Diffuse.png
[48.856s] -- Symlinking: /home/maria/rmf_ws/install/project_maps/share/project_maps/estce/models/Construction Cone/meshes/construction_cone.dae
[48.866s] -- Symlinking: /home/maria/rmf_ws/install/project_maps/share/project_maps/estce/models/Construction Cone/model-1_3.sdf
[48.876s] -- Symlinking: /home/maria/rmf_ws/install/project_maps/share/project_maps/estce/models/Construction Cone/model-1_4.sdf
[48.886s] -- Symlinking: /home/maria/rmf_ws/install/project_maps/share/project_maps/estce/models/Construction Cone/model.config
[48.897s] -- Symlinking: /home/maria/rmf_ws/install/project_maps/share/project_maps/estce/models/Construction Cone/model.sdf
[48.907s] -- Symlinking: /home/maria/rmf_ws/install/project_maps/share/project_maps/estce/models/Construction Cone/thumbnails/1.png
[48.917s] -- Symlinking: /home/maria/rmf_ws/install/project_maps/share/project_maps/estce/models/Construction Cone/thumbnails/2.png
[48.927s] -- Symlinking: /home/maria/rmf_ws/install/project_maps/share/project_maps/estce/models/Construction Cone/thumbnails/3.png
[48.938s] -- Symlinking: /home/maria/rmf_ws/install/project_maps/share/project_maps/estce/models/Construction Cone/thumbnails/4.png
[48.949s] -- Symlinking: /home/maria/rmf_ws/install/project_maps/share/project_maps/estce/models/Construction Cone/thumbnails/5.png
[48.960s] -- Symlinking: /home/maria/rmf_ws/install/project_maps/share/project_maps/estce/models/Desk/LICENSE
[48.971s] -- Symlinking: /home/maria/rmf_ws/install/project_maps/share/project_maps/estce/models/Desk/meshes/Desk_Diffuse.png
[48.981s] -- Symlinking: /home/maria/rmf_ws/install/project_maps/share/project_maps/estce/models/Desk/meshes/desk.mtl
[48.992s] -- Symlinking: /home/maria/rmf_ws/install/project_maps/share/project_maps/estce/models/Desk/meshes/desk.obj
[49.002s] -- Symlinking: /home/maria/rmf_ws/install/project_maps/share/project_maps/estce/models/Desk/model.config
[49.013s] -- Symlinking: /home/maria/rmf_ws/install/project_maps/share/project_maps/estce/models/Desk/model.sdf
[49.023s] -- Symlinking: /home/maria/rmf_ws/install/project_maps/share/project_maps/estce/models/Desk/thumbnails/1.png
[49.034s] -- Symlinking: /home/maria/rmf_ws/install/project_maps/share/project_maps/estce/models/Desk/thumbnails/2.png
[49.044s] -- Symlinking: /home/maria/rmf_ws/install/project_maps/share/project_maps/estce/models/Desk/thumbnails/3.png
[49.055s] -- Symlinking: /home/maria/rmf_ws/install/project_maps/share/project_maps/estce/models/Desk/thumbnails/4.png
[49.066s] -- Symlinking: /home/maria/rmf_ws/install/project_maps/share/project_maps/estce/models/Desk/thumbnails/5.png
[49.076s] -- Symlinking: /home/maria/rmf_ws/install/project_maps/share/project_maps/estce/models/DigitalKiosk/LICENSE
[49.086s] -- Symlinking: /home/maria/rmf_ws/install/project_maps/share/project_maps/estce/models/DigitalKiosk/meshes/DigitalKiosk.mtl
[49.097s] -- Symlinking: /home/maria/rmf_ws/install/project_maps/share/project_maps/estce/models/DigitalKiosk/meshes/DigitalKiosk.obj
[49.107s] -- Symlinking: /home/maria/rmf_ws/install/project_maps/share/project_maps/estce/models/DigitalKiosk/meshes/DigitalKiosk_Col.mtl
[49.118s] -- Symlinking: /home/maria/rmf_ws/install/project_maps/share/project_maps/estce/models/DigitalKiosk/meshes/DigitalKiosk_Col.obj
[49.128s] -- Symlinking: /home/maria/rmf_ws/install/project_maps/share/project_maps/estce/models/DigitalKiosk/meshes/DigitalKiosk_Diffuse.png
[49.139s] -- Symlinking: /home/maria/rmf_ws/install/project_maps/share/project_maps/estce/models/DigitalKiosk/meshes/DigitalKiosk_Rough.png
[49.151s] -- Symlinking: /home/maria/rmf_ws/install/project_maps/share/project_maps/estce/models/DigitalKiosk/model.config
[49.161s] -- Symlinking: /home/maria/rmf_ws/install/project_maps/share/project_maps/estce/models/DigitalKiosk/model.sdf
[49.172s] -- Symlinking: /home/maria/rmf_ws/install/project_maps/share/project_maps/estce/models/DigitalKiosk/thumbnails/1.png
[49.182s] -- Symlinking: /home/maria/rmf_ws/install/project_maps/share/project_maps/estce/models/DigitalKiosk/thumbnails/2.png
[49.193s] -- Symlinking: /home/maria/rmf_ws/install/project_maps/share/project_maps/estce/models/DigitalKiosk/thumbnails/3.png
[49.203s] -- Symlinking: /home/maria/rmf_ws/install/project_maps/share/project_maps/estce/models/DigitalKiosk/thumbnails/4.png
[49.213s] -- Symlinking: /home/maria/rmf_ws/install/project_maps/share/project_maps/estce/models/DigitalKiosk/thumbnails/5.png
[49.224s] -- Symlinking: /home/maria/rmf_ws/install/project_maps/share/project_maps/estce/models/Drawer/LICENSE
[49.234s] -- Symlinking: /home/maria/rmf_ws/install/project_maps/share/project_maps/estce/models/Drawer/meshes/Drawer.mtl
[49.245s] -- Symlinking: /home/maria/rmf_ws/install/project_maps/share/project_maps/estce/models/Drawer/meshes/Drawer.obj
[49.256s] -- Symlinking: /home/maria/rmf_ws/install/project_maps/share/project_maps/estce/models/Drawer/meshes/Drawer.png
[49.267s] -- Symlinking: /home/maria/rmf_ws/install/project_maps/share/project_maps/estce/models/Drawer/meshes/Drawer_Col.obj
[49.277s] -- Symlinking: /home/maria/rmf_ws/install/project_maps/share/project_maps/estce/models/Drawer/model.config
[49.288s] -- Symlinking: /home/maria/rmf_ws/install/project_maps/share/project_maps/estce/models/Drawer/model.sdf
[49.299s] -- Symlinking: /home/maria/rmf_ws/install/project_maps/share/project_maps/estce/models/Drawer/thumbnails/1.png
[49.309s] -- Symlinking: /home/maria/rmf_ws/install/project_maps/share/project_maps/estce/models/Drawer/thumbnails/2.png
[49.320s] -- Symlinking: /home/maria/rmf_ws/install/project_maps/share/project_maps/estce/models/Drawer/thumbnails/3.png
[49.330s] -- Symlinking: /home/maria/rmf_ws/install/project_maps/share/project_maps/estce/models/Drawer/thumbnails/4.png
[49.341s] -- Symlinking: /home/maria/rmf_ws/install/project_maps/share/project_maps/estce/models/Drawer/thumbnails/5.png
[49.353s] -- Symlinking: /home/maria/rmf_ws/install/project_maps/share/project_maps/estce/models/ElderLadyPatient/LICENSE
[49.364s] -- Symlinking: /home/maria/rmf_ws/install/project_maps/share/project_maps/estce/models/ElderLadyPatient/meshes/CGMVanguard_Diffuse.png
[49.375s] -- Symlinking: /home/maria/rmf_ws/install/project_maps/share/project_maps/estce/models/ElderLadyPatient/meshes/Carts_Wheels_Diffuse.png
[49.386s] -- Symlinking: /home/maria/rmf_ws/install/project_maps/share/project_maps/estce/models/ElderLadyPatient/meshes/ElderFPatient_color.jpg
[49.397s] -- Symlinking: /home/maria/rmf_ws/install/project_maps/share/project_maps/estce/models/ElderLadyPatient/meshes/ElderFemale.mtl
[49.408s] -- Symlinking: /home/maria/rmf_ws/install/project_maps/share/project_maps/estce/models/ElderLadyPatient/meshes/ElderFemale.obj
[49.418s] -- Symlinking: /home/maria/rmf_ws/install/project_maps/share/project_maps/estce/models/ElderLadyPatient/model.config
[49.429s] -- Symlinking: /home/maria/rmf_ws/install/project_maps/share/project_maps/estce/models/ElderLadyPatient/model.sdf
[49.440s] -- Symlinking: /home/maria/rmf_ws/install/project_maps/share/project_maps/estce/models/ElderLadyPatient/thumbnails/1.png
[49.451s] -- Symlinking: /home/maria/rmf_ws/install/project_maps/share/project_maps/estce/models/ElderLadyPatient/thumbnails/2.png
[49.462s] -- Symlinking: /home/maria/rmf_ws/install/project_maps/share/project_maps/estce/models/ElderLadyPatient/thumbnails/3.png
[49.472s] -- Symlinking: /home/maria/rmf_ws/install/project_maps/share/project_maps/estce/models/ElderLadyPatient/thumbnails/4.png
[49.483s] -- Symlinking: /home/maria/rmf_ws/install/project_maps/share/project_maps/estce/models/ElderLadyPatient/thumbnails/5.png
[49.493s] -- Symlinking: /home/maria/rmf_ws/install/project_maps/share/project_maps/estce/models/ElectronicsRecycling/LICENSE
[49.504s] -- Symlinking: /home/maria/rmf_ws/install/project_maps/share/project_maps/estce/models/ElectronicsRecycling/meshes/ElectronicsRecycling.mtl
[49.514s] -- Symlinking: /home/maria/rmf_ws/install/project_maps/share/project_maps/estce/models/ElectronicsRecycling/meshes/ElectronicsRecycling.obj
[49.525s] -- Symlinking: /home/maria/rmf_ws/install/project_maps/share/project_maps/estce/models/ElectronicsRecycling/meshes/ElectronicsRecycling_Diffuse.png
[49.535s] -- Symlinking: /home/maria/rmf_ws/install/project_maps/share/project_maps/estce/models/ElectronicsRecycling/model.config
[49.546s] -- Symlinking: /home/maria/rmf_ws/install/project_maps/share/project_maps/estce/models/ElectronicsRecycling/model.sdf
[49.557s] -- Symlinking: /home/maria/rmf_ws/install/project_maps/share/project_maps/estce/models/ElectronicsRecycling/thumbnails/1.png
[49.568s] -- Symlinking: /home/maria/rmf_ws/install/project_maps/share/project_maps/estce/models/ElectronicsRecycling/thumbnails/2.png
[49.578s] -- Symlinking: /home/maria/rmf_ws/install/project_maps/share/project_maps/estce/models/ElectronicsRecycling/thumbnails/3.png
[49.589s] -- Symlinking: /home/maria/rmf_ws/install/project_maps/share/project_maps/estce/models/ElectronicsRecycling/thumbnails/4.png
[49.599s] -- Symlinking: /home/maria/rmf_ws/install/project_maps/share/project_maps/estce/models/ElectronicsRecycling/thumbnails/5.png
[49.609s] -- Symlinking: /home/maria/rmf_ws/install/project_maps/share/project_maps/estce/models/EscalatorStart/LICENSE
[49.619s] -- Symlinking: /home/maria/rmf_ws/install/project_maps/share/project_maps/estce/models/EscalatorStart/meshes/EscalatorStart.mtl
[49.630s] -- Symlinking: /home/maria/rmf_ws/install/project_maps/share/project_maps/estce/models/EscalatorStart/meshes/EscalatorStart.obj
[49.640s] -- Symlinking: /home/maria/rmf_ws/install/project_maps/share/project_maps/estce/models/EscalatorStart/meshes/EscalatorStart_Col.mtl
[49.651s] -- Symlinking: /home/maria/rmf_ws/install/project_maps/share/project_maps/estce/models/EscalatorStart/meshes/EscalatorStart_Col.obj
[49.662s] -- Symlinking: /home/maria/rmf_ws/install/project_maps/share/project_maps/estce/models/EscalatorStart/meshes/EscalatorStart_Diffuse.png
[49.673s] -- Symlinking: /home/maria/rmf_ws/install/project_maps/share/project_maps/estce/models/EscalatorStart/meshes/EscalatorStart_Metal.png
[49.684s] -- Symlinking: /home/maria/rmf_ws/install/project_maps/share/project_maps/estce/models/EscalatorStart/meshes/EscalatorStart_Normal.png
[49.695s] -- Symlinking: /home/maria/rmf_ws/install/project_maps/share/project_maps/estce/models/EscalatorStart/meshes/EscalatorStart_Rough.png
[49.706s] -- Symlinking: /home/maria/rmf_ws/install/project_maps/share/project_maps/estce/models/EscalatorStart/model.config
[49.716s] -- Symlinking: /home/maria/rmf_ws/install/project_maps/share/project_maps/estce/models/EscalatorStart/model.sdf
[49.727s] -- Symlinking: /home/maria/rmf_ws/install/project_maps/share/project_maps/estce/models/EscalatorStart/thumbnails/1.png
[49.737s] -- Symlinking: /home/maria/rmf_ws/install/project_maps/share/project_maps/estce/models/EscalatorStart/thumbnails/2.png
[49.748s] -- Symlinking: /home/maria/rmf_ws/install/project_maps/share/project_maps/estce/models/EscalatorStart/thumbnails/3.png
[49.760s] -- Symlinking: /home/maria/rmf_ws/install/project_maps/share/project_maps/estce/models/EscalatorStart/thumbnails/4.png
[49.771s] -- Symlinking: /home/maria/rmf_ws/install/project_maps/share/project_maps/estce/models/EscalatorStart/thumbnails/5.png
[49.782s] -- Symlinking: /home/maria/rmf_ws/install/project_maps/share/project_maps/estce/models/FemaleVisitor/LICENSE
[49.793s] -- Symlinking: /home/maria/rmf_ws/install/project_maps/share/project_maps/estce/models/FemaleVisitor/meshes/FemaleVisitor.mtl
[49.804s] -- Symlinking: /home/maria/rmf_ws/install/project_maps/share/project_maps/estce/models/FemaleVisitor/meshes/FemaleVisitor.obj
[49.815s] -- Symlinking: /home/maria/rmf_ws/install/project_maps/share/project_maps/estce/models/FemaleVisitor/meshes/FemaleVisitor.png
[49.826s] -- Symlinking: /home/maria/rmf_ws/install/project_maps/share/project_maps/estce/models/FemaleVisitor/meshes/FemaleVisitor_Col.mtl
[49.836s] -- Symlinking: /home/maria/rmf_ws/install/project_maps/share/project_maps/estce/models/FemaleVisitor/meshes/FemaleVisitor_Col.obj
[49.847s] -- Symlinking: /home/maria/rmf_ws/install/project_maps/share/project_maps/estce/models/FemaleVisitor/meshes/Handbag.png
[49.858s] -- Symlinking: /home/maria/rmf_ws/install/project_maps/share/project_maps/estce/models/FemaleVisitor/model.config
[49.869s] -- Symlinking: /home/maria/rmf_ws/install/project_maps/share/project_maps/estce/models/FemaleVisitor/model.sdf
[49.880s] -- Symlinking: /home/maria/rmf_ws/install/project_maps/share/project_maps/estce/models/FemaleVisitor/thumbnails/1.png
[49.891s] -- Symlinking: /home/maria/rmf_ws/install/project_maps/share/project_maps/estce/models/FemaleVisitor/thumbnails/2.png
[49.902s] -- Symlinking: /home/maria/rmf_ws/install/project_maps/share/project_maps/estce/models/FemaleVisitor/thumbnails/3.png
[49.913s] -- Symlinking: /home/maria/rmf_ws/install/project_maps/share/project_maps/estce/models/FemaleVisitor/thumbnails/4.png
[49.924s] -- Symlinking: /home/maria/rmf_ws/install/project_maps/share/project_maps/estce/models/FemaleVisitor/thumbnails/5.png
[49.936s] -- Symlinking: /home/maria/rmf_ws/install/project_maps/share/project_maps/estce/models/FoodCourtBenchLong/LICENSE
[49.949s] -- Symlinking: /home/maria/rmf_ws/install/project_maps/share/project_maps/estce/models/FoodCourtBenchLong/meshes/FoodCourtBenchLong.mtl
[49.961s] -- Symlinking: /home/maria/rmf_ws/install/project_maps/share/project_maps/estce/models/FoodCourtBenchLong/meshes/FoodCourtBenchLong.obj
[49.972s] -- Symlinking: /home/maria/rmf_ws/install/project_maps/share/project_maps/estce/models/FoodCourtBenchLong/meshes/FoodCourtBenchLong_Col.mtl
[49.983s] -- Symlinking: /home/maria/rmf_ws/install/project_maps/share/project_maps/estce/models/FoodCourtBenchLong/meshes/FoodCourtBenchLong_Col.obj
[49.995s] -- Symlinking: /home/maria/rmf_ws/install/project_maps/share/project_maps/estce/models/FoodCourtBenchLong/meshes/FoodCourtBenchLong_Diffuse.png
[50.006s] -- Symlinking: /home/maria/rmf_ws/install/project_maps/share/project_maps/estce/models/FoodCourtBenchLong/meshes/FoodCourtBenchLong_Rough.png
[50.018s] -- Symlinking: /home/maria/rmf_ws/install/project_maps/share/project_maps/estce/models/FoodCourtBenchLong/model.config
[50.030s] -- Symlinking: /home/maria/rmf_ws/install/project_maps/share/project_maps/estce/models/FoodCourtBenchLong/model.sdf
[50.042s] -- Symlinking: /home/maria/rmf_ws/install/project_maps/share/project_maps/estce/models/FoodCourtBenchLong/thumbnails/1.png
[50.055s] -- Symlinking: /home/maria/rmf_ws/install/project_maps/share/project_maps/estce/models/FoodCourtBenchLong/thumbnails/2.png
[50.067s] -- Symlinking: /home/maria/rmf_ws/install/project_maps/share/project_maps/estce/models/FoodCourtBenchLong/thumbnails/3.png
[50.079s] -- Symlinking: /home/maria/rmf_ws/install/project_maps/share/project_maps/estce/models/FoodCourtBenchLong/thumbnails/4.png
[50.091s] -- Symlinking: /home/maria/rmf_ws/install/project_maps/share/project_maps/estce/models/FoodCourtBenchLong/thumbnails/5.png
[50.103s] -- Symlinking: /home/maria/rmf_ws/install/project_maps/share/project_maps/estce/models/FoodCourtTable1/LICENSE
[50.115s] -- Symlinking: /home/maria/rmf_ws/install/project_maps/share/project_maps/estce/models/FoodCourtTable1/meshes/FoodCourtTable1.mtl
[50.126s] -- Symlinking: /home/maria/rmf_ws/install/project_maps/share/project_maps/estce/models/FoodCourtTable1/meshes/FoodCourtTable1.obj
[50.140s] -- Symlinking: /home/maria/rmf_ws/install/project_maps/share/project_maps/estce/models/FoodCourtTable1/meshes/FoodCourtTable1_Col.mtl
[50.153s] -- Symlinking: /home/maria/rmf_ws/install/project_maps/share/project_maps/estce/models/FoodCourtTable1/meshes/FoodCourtTable1_Col.obj
[50.166s] -- Symlinking: /home/maria/rmf_ws/install/project_maps/share/project_maps/estce/models/FoodCourtTable1/meshes/FoodCourtTable1_Diffuse.png
[50.178s] -- Symlinking: /home/maria/rmf_ws/install/project_maps/share/project_maps/estce/models/FoodCourtTable1/meshes/FoodCourtTable1_Metal.png
[50.191s] -- Symlinking: /home/maria/rmf_ws/install/project_maps/share/project_maps/estce/models/FoodCourtTable1/meshes/FoodCourtTable1_Normal.png
[50.204s] -- Symlinking: /home/maria/rmf_ws/install/project_maps/share/project_maps/estce/models/FoodCourtTable1/meshes/FoodCourtTable1_Rough.png
[50.217s] -- Symlinking: /home/maria/rmf_ws/install/project_maps/share/project_maps/estce/models/FoodCourtTable1/model.config
[50.229s] -- Symlinking: /home/maria/rmf_ws/install/project_maps/share/project_maps/estce/models/FoodCourtTable1/model.sdf
[50.242s] -- Symlinking: /home/maria/rmf_ws/install/project_maps/share/project_maps/estce/models/FoodCourtTable1/thumbnails/1.png
[50.255s] -- Symlinking: /home/maria/rmf_ws/install/project_maps/share/project_maps/estce/models/FoodCourtTable1/thumbnails/2.png
[50.268s] -- Symlinking: /home/maria/rmf_ws/install/project_maps/share/project_maps/estce/models/FoodCourtTable1/thumbnails/3.png
[50.281s] -- Symlinking: /home/maria/rmf_ws/install/project_maps/share/project_maps/estce/models/FoodCourtTable1/thumbnails/4.png
[50.294s] -- Symlinking: /home/maria/rmf_ws/install/project_maps/share/project_maps/estce/models/FoodCourtTable1/thumbnails/5.png
[50.306s] -- Symlinking: /home/maria/rmf_ws/install/project_maps/share/project_maps/estce/models/Fridge/LICENSE
[50.319s] -- Symlinking: /home/maria/rmf_ws/install/project_maps/share/project_maps/estce/models/Fridge/meshes/Fridge.mtl
[50.331s] -- Symlinking: /home/maria/rmf_ws/install/project_maps/share/project_maps/estce/models/Fridge/meshes/Fridge.obj
[50.344s] -- Symlinking: /home/maria/rmf_ws/install/project_maps/share/project_maps/estce/models/Fridge/meshes/Fridge_Col.mtl
[50.357s] -- Symlinking: /home/maria/rmf_ws/install/project_maps/share/project_maps/estce/models/Fridge/meshes/Fridge_Col.obj
[50.370s] -- Symlinking: /home/maria/rmf_ws/install/project_maps/share/project_maps/estce/models/Fridge/meshes/Fridge_Diffuse.png
[50.383s] -- Symlinking: /home/maria/rmf_ws/install/project_maps/share/project_maps/estce/models/Fridge/model.config
[50.395s] -- Symlinking: /home/maria/rmf_ws/install/project_maps/share/project_maps/estce/models/Fridge/model.sdf
[50.408s] -- Symlinking: /home/maria/rmf_ws/install/project_maps/share/project_maps/estce/models/Fridge/thumbnails/1.png
[50.421s] -- Symlinking: /home/maria/rmf_ws/install/project_maps/share/project_maps/estce/models/Fridge/thumbnails/2.png
[50.433s] -- Symlinking: /home/maria/rmf_ws/install/project_maps/share/project_maps/estce/models/Fridge/thumbnails/3.png
[50.446s] -- Symlinking: /home/maria/rmf_ws/install/project_maps/share/project_maps/estce/models/Fridge/thumbnails/4.png
[50.460s] -- Symlinking: /home/maria/rmf_ws/install/project_maps/share/project_maps/estce/models/Fridge/thumbnails/5.png
[50.473s] -- Symlinking: /home/maria/rmf_ws/install/project_maps/share/project_maps/estce/models/Gazebo/LICENSE
[50.486s] -- Symlinking: /home/maria/rmf_ws/install/project_maps/share/project_maps/estce/models/Gazebo/materials/textures/gazebo_diffuse.jpg
[50.499s] -- Symlinking: /home/maria/rmf_ws/install/project_maps/share/project_maps/estce/models/Gazebo/materials/textures/gazebo_spec.jpg
[50.511s] -- Symlinking: /home/maria/rmf_ws/install/project_maps/share/project_maps/estce/models/Gazebo/meshes/gazebo.dae
[50.524s] -- Symlinking: /home/maria/rmf_ws/install/project_maps/share/project_maps/estce/models/Gazebo/model.config
[50.537s] -- Symlinking: /home/maria/rmf_ws/install/project_maps/share/project_maps/estce/models/Gazebo/model.sdf
[50.550s] -- Symlinking: /home/maria/rmf_ws/install/project_maps/share/project_maps/estce/models/Gazebo/thumbnails/1.png
[50.564s] -- Symlinking: /home/maria/rmf_ws/install/project_maps/share/project_maps/estce/models/Gazebo/thumbnails/2.png
[50.577s] -- Symlinking: /home/maria/rmf_ws/install/project_maps/share/project_maps/estce/models/Gazebo/thumbnails/3.png
[50.590s] -- Symlinking: /home/maria/rmf_ws/install/project_maps/share/project_maps/estce/models/Gazebo/thumbnails/4.png
[50.603s] -- Symlinking: /home/maria/rmf_ws/install/project_maps/share/project_maps/estce/models/Gazebo/thumbnails/5.png
[50.616s] -- Symlinking: /home/maria/rmf_ws/install/project_maps/share/project_maps/estce/models/HeadphonesRack1/LICENSE
[50.629s] -- Symlinking: /home/maria/rmf_ws/install/project_maps/share/project_maps/estce/models/HeadphonesRack1/meshes/HeadphonesRack1.mtl
[50.641s] -- Symlinking: /home/maria/rmf_ws/install/project_maps/share/project_maps/estce/models/HeadphonesRack1/meshes/HeadphonesRack1.obj
[50.655s] -- Symlinking: /home/maria/rmf_ws/install/project_maps/share/project_maps/estce/models/HeadphonesRack1/meshes/HeadphonesRack1_Col.mtl
[50.668s] -- Symlinking: /home/maria/rmf_ws/install/project_maps/share/project_maps/estce/models/HeadphonesRack1/meshes/HeadphonesRack1_Col.obj
[50.681s] -- Symlinking: /home/maria/rmf_ws/install/project_maps/share/project_maps/estce/models/HeadphonesRack1/meshes/HeadphonesRack1_Diffuse.png
[50.694s] -- Symlinking: /home/maria/rmf_ws/install/project_maps/share/project_maps/estce/models/HeadphonesRack1/meshes/HeadphonesRack1_Metal.png
[50.706s] -- Symlinking: /home/maria/rmf_ws/install/project_maps/share/project_maps/estce/models/HeadphonesRack1/meshes/HeadphonesRack1_Normal.png
[50.720s] -- Symlinking: /home/maria/rmf_ws/install/project_maps/share/project_maps/estce/models/HeadphonesRack1/meshes/HeadphonesRack1_Rough.png
[50.733s] -- Symlinking: /home/maria/rmf_ws/install/project_maps/share/project_maps/estce/models/HeadphonesRack1/model.config
[50.746s] -- Symlinking: /home/maria/rmf_ws/install/project_maps/share/project_maps/estce/models/HeadphonesRack1/model.sdf
[50.759s] -- Symlinking: /home/maria/rmf_ws/install/project_maps/share/project_maps/estce/models/HeadphonesRack1/thumbnails/1.png
[50.772s] -- Symlinking: /home/maria/rmf_ws/install/project_maps/share/project_maps/estce/models/HeadphonesRack1/thumbnails/2.png
[50.785s] -- Symlinking: /home/maria/rmf_ws/install/project_maps/share/project_maps/estce/models/HeadphonesRack1/thumbnails/3.png
[50.797s] -- Symlinking: /home/maria/rmf_ws/install/project_maps/share/project_maps/estce/models/HeadphonesRack1/thumbnails/4.png
[50.809s] -- Symlinking: /home/maria/rmf_ws/install/project_maps/share/project_maps/estce/models/HeadphonesRack1/thumbnails/5.png
[50.821s] -- Symlinking: /home/maria/rmf_ws/install/project_maps/share/project_maps/estce/models/InformationCounter/LICENSE
[50.833s] -- Symlinking: /home/maria/rmf_ws/install/project_maps/share/project_maps/estce/models/InformationCounter/meshes/InformationCounter.mtl
[50.845s] -- Symlinking: /home/maria/rmf_ws/install/project_maps/share/project_maps/estce/models/InformationCounter/meshes/InformationCounter.obj
[50.858s] -- Symlinking: /home/maria/rmf_ws/install/project_maps/share/project_maps/estce/models/InformationCounter/meshes/InformationCounter_Col.mtl
[50.871s] -- Symlinking: /home/maria/rmf_ws/install/project_maps/share/project_maps/estce/models/InformationCounter/meshes/InformationCounter_Col.obj
[50.883s] -- Symlinking: /home/maria/rmf_ws/install/project_maps/share/project_maps/estce/models/InformationCounter/meshes/InformationCounter_Diffuse.png
[50.895s] -- Symlinking: /home/maria/rmf_ws/install/project_maps/share/project_maps/estce/models/InformationCounter/meshes/InformationCounter_Metal.png
[50.906s] -- Symlinking: /home/maria/rmf_ws/install/project_maps/share/project_maps/estce/models/InformationCounter/meshes/InformationCounter_Normal.png
[50.918s] -- Symlinking: /home/maria/rmf_ws/install/project_maps/share/project_maps/estce/models/InformationCounter/meshes/InformationCounter_Rough.png
[50.930s] -- Symlinking: /home/maria/rmf_ws/install/project_maps/share/project_maps/estce/models/InformationCounter/model.config
[50.942s] -- Symlinking: /home/maria/rmf_ws/install/project_maps/share/project_maps/estce/models/InformationCounter/model.sdf
[50.953s] -- Symlinking: /home/maria/rmf_ws/install/project_maps/share/project_maps/estce/models/InformationCounter/thumbnails/1.png
[50.965s] -- Symlinking: /home/maria/rmf_ws/install/project_maps/share/project_maps/estce/models/InformationCounter/thumbnails/2.png
[50.977s] -- Symlinking: /home/maria/rmf_ws/install/project_maps/share/project_maps/estce/models/InformationCounter/thumbnails/3.png
[50.987s] -- Symlinking: /home/maria/rmf_ws/install/project_maps/share/project_maps/estce/models/InformationCounter/thumbnails/4.png
[50.998s] -- Symlinking: /home/maria/rmf_ws/install/project_maps/share/project_maps/estce/models/InformationCounter/thumbnails/5.png
[51.009s] -- Symlinking: /home/maria/rmf_ws/install/project_maps/share/project_maps/estce/models/KitchenCountertop/LICENSE
[51.020s] -- Symlinking: /home/maria/rmf_ws/install/project_maps/share/project_maps/estce/models/KitchenCountertop/meshes/KitchenCountertop.mtl
[51.030s] -- Symlinking: /home/maria/rmf_ws/install/project_maps/share/project_maps/estce/models/KitchenCountertop/meshes/KitchenCountertop.obj
[51.041s] -- Symlinking: /home/maria/rmf_ws/install/project_maps/share/project_maps/estce/models/KitchenCountertop/meshes/KitchenCountertop_Diffuse.png
[51.052s] -- Symlinking: /home/maria/rmf_ws/install/project_maps/share/project_maps/estce/models/KitchenCountertop/model.config
[51.063s] -- Symlinking: /home/maria/rmf_ws/install/project_maps/share/project_maps/estce/models/KitchenCountertop/model.sdf
[51.073s] -- Symlinking: /home/maria/rmf_ws/install/project_maps/share/project_maps/estce/models/KitchenCountertop/thumbnails/1.png
[51.083s] -- Symlinking: /home/maria/rmf_ws/install/project_maps/share/project_maps/estce/models/KitchenCountertop/thumbnails/2.png
[51.093s] -- Symlinking: /home/maria/rmf_ws/install/project_maps/share/project_maps/estce/models/KitchenCountertop/thumbnails/3.png
[51.103s] -- Symlinking: /home/maria/rmf_ws/install/project_maps/share/project_maps/estce/models/KitchenCountertop/thumbnails/4.png
[51.113s] -- Symlinking: /home/maria/rmf_ws/install/project_maps/share/project_maps/estce/models/KitchenCountertop/thumbnails/5.png
[51.123s] -- Symlinking: /home/maria/rmf_ws/install/project_maps/share/project_maps/estce/models/KitchenSink/LICENSE
[51.134s] -- Symlinking: /home/maria/rmf_ws/install/project_maps/share/project_maps/estce/models/KitchenSink/meshes/kitchenSink.mtl
[51.144s] -- Symlinking: /home/maria/rmf_ws/install/project_maps/share/project_maps/estce/models/KitchenSink/meshes/kitchenSink.obj
[51.155s] -- Symlinking: /home/maria/rmf_ws/install/project_maps/share/project_maps/estce/models/KitchenSink/model.config
[51.165s] -- Symlinking: /home/maria/rmf_ws/install/project_maps/share/project_maps/estce/models/KitchenSink/model.sdf
[51.175s] -- Symlinking: /home/maria/rmf_ws/install/project_maps/share/project_maps/estce/models/KitchenSink/thumbnails/1.png
[51.185s] -- Symlinking: /home/maria/rmf_ws/install/project_maps/share/project_maps/estce/models/KitchenSink/thumbnails/2.png
[51.195s] -- Symlinking: /home/maria/rmf_ws/install/project_maps/share/project_maps/estce/models/KitchenSink/thumbnails/3.png
[51.205s] -- Symlinking: /home/maria/rmf_ws/install/project_maps/share/project_maps/estce/models/KitchenSink/thumbnails/4.png
[51.214s] -- Symlinking: /home/maria/rmf_ws/install/project_maps/share/project_maps/estce/models/KitchenSink/thumbnails/5.png
[51.224s] -- Symlinking: /home/maria/rmf_ws/install/project_maps/share/project_maps/estce/models/LockerBig/LICENSE
[51.234s] -- Symlinking: /home/maria/rmf_ws/install/project_maps/share/project_maps/estce/models/LockerBig/meshes/center.png
[51.243s] -- Symlinking: /home/maria/rmf_ws/install/project_maps/share/project_maps/estce/models/LockerBig/meshes/locker.mtl
[51.254s] -- Symlinking: /home/maria/rmf_ws/install/project_maps/share/project_maps/estce/models/LockerBig/meshes/locker.obj
[51.264s] -- Symlinking: /home/maria/rmf_ws/install/project_maps/share/project_maps/estce/models/LockerBig/meshes/side.png
[51.273s] -- Symlinking: /home/maria/rmf_ws/install/project_maps/share/project_maps/estce/models/LockerBig/meshes/side1.png
[51.283s] -- Symlinking: /home/maria/rmf_ws/install/project_maps/share/project_maps/estce/models/LockerBig/model.config
[51.292s] -- Symlinking: /home/maria/rmf_ws/install/project_maps/share/project_maps/estce/models/LockerBig/model.sdf
[51.301s] -- Symlinking: /home/maria/rmf_ws/install/project_maps/share/project_maps/estce/models/LockerBig/thumbnails/1.png
[51.311s] -- Symlinking: /home/maria/rmf_ws/install/project_maps/share/project_maps/estce/models/LockerBig/thumbnails/2.png
[51.320s] -- Symlinking: /home/maria/rmf_ws/install/project_maps/share/project_maps/estce/models/LockerBig/thumbnails/3.png
[51.329s] -- Symlinking: /home/maria/rmf_ws/install/project_maps/share/project_maps/estce/models/LockerBig/thumbnails/4.png
[51.338s] -- Symlinking: /home/maria/rmf_ws/install/project_maps/share/project_maps/estce/models/LockerBig/thumbnails/5.png
[51.348s] -- Symlinking: /home/maria/rmf_ws/install/project_maps/share/project_maps/estce/models/MainTable/LICENSE
[51.358s] -- Symlinking: /home/maria/rmf_ws/install/project_maps/share/project_maps/estce/models/MainTable/meshes/MainTable.mtl
[51.367s] -- Symlinking: /home/maria/rmf_ws/install/project_maps/share/project_maps/estce/models/MainTable/meshes/MainTable.obj
[51.377s] -- Symlinking: /home/maria/rmf_ws/install/project_maps/share/project_maps/estce/models/MainTable/meshes/MainTable.png
[51.386s] -- Symlinking: /home/maria/rmf_ws/install/project_maps/share/project_maps/estce/models/MainTable/model.config
[51.396s] -- Symlinking: /home/maria/rmf_ws/install/project_maps/share/project_maps/estce/models/MainTable/model.sdf
[51.405s] -- Symlinking: /home/maria/rmf_ws/install/project_maps/share/project_maps/estce/models/MainTable/thumbnails/1.png
[51.414s] -- Symlinking: /home/maria/rmf_ws/install/project_maps/share/project_maps/estce/models/MainTable/thumbnails/2.png
[51.423s] -- Symlinking: /home/maria/rmf_ws/install/project_maps/share/project_maps/estce/models/MainTable/thumbnails/3.png
[51.432s] -- Symlinking: /home/maria/rmf_ws/install/project_maps/share/project_maps/estce/models/MainTable/thumbnails/4.png
[51.441s] -- Symlinking: /home/maria/rmf_ws/install/project_maps/share/project_maps/estce/models/MainTable/thumbnails/5.png
[51.451s] -- Symlinking: /home/maria/rmf_ws/install/project_maps/share/project_maps/estce/models/MetalCabinetYellow/LICENSE
[51.461s] -- Symlinking: /home/maria/rmf_ws/install/project_maps/share/project_maps/estce/models/MetalCabinetYellow/meshes/MetalCabinetYellow.mtl
[51.470s] -- Symlinking: /home/maria/rmf_ws/install/project_maps/share/project_maps/estce/models/MetalCabinetYellow/meshes/MetalCabinetYellow.obj
[51.479s] -- Symlinking: /home/maria/rmf_ws/install/project_maps/share/project_maps/estce/models/MetalCabinetYellow/meshes/MetalCabinetYellow.png
[51.488s] -- Symlinking: /home/maria/rmf_ws/install/project_maps/share/project_maps/estce/models/MetalCabinetYellow/model.config
[51.497s] -- Symlinking: /home/maria/rmf_ws/install/project_maps/share/project_maps/estce/models/MetalCabinetYellow/model.sdf
[51.506s] -- Symlinking: /home/maria/rmf_ws/install/project_maps/share/project_maps/estce/models/MetalCabinetYellow/thumbnails/1.png
[51.515s] -- Symlinking: /home/maria/rmf_ws/install/project_maps/share/project_maps/estce/models/MetalCabinetYellow/thumbnails/2.png
[51.524s] -- Symlinking: /home/maria/rmf_ws/install/project_maps/share/project_maps/estce/models/MetalCabinetYellow/thumbnails/3.png
[51.534s] -- Symlinking: /home/maria/rmf_ws/install/project_maps/share/project_maps/estce/models/MetalCabinetYellow/thumbnails/4.png
[51.543s] -- Symlinking: /home/maria/rmf_ws/install/project_maps/share/project_maps/estce/models/MetalCabinetYellow/thumbnails/5.png
[51.553s] -- Symlinking: /home/maria/rmf_ws/install/project_maps/share/project_maps/estce/models/MiRCart/LICENSE
[51.563s] -- Symlinking: /home/maria/rmf_ws/install/project_maps/share/project_maps/estce/models/MiRCart/meshes/MiRCart_Diffuse.png
[51.572s] -- Symlinking: /home/maria/rmf_ws/install/project_maps/share/project_maps/estce/models/MiRCart/meshes/cart.mtl
[51.581s] -- Symlinking: /home/maria/rmf_ws/install/project_maps/share/project_maps/estce/models/MiRCart/meshes/cart.obj
[51.590s] -- Symlinking: /home/maria/rmf_ws/install/project_maps/share/project_maps/estce/models/MiRCart/model.config
[51.599s] -- Symlinking: /home/maria/rmf_ws/install/project_maps/share/project_maps/estce/models/MiRCart/model.sdf
[51.608s] -- Symlinking: /home/maria/rmf_ws/install/project_maps/share/project_maps/estce/models/MiRCart/thumbnails/1.png
[51.617s] -- Symlinking: /home/maria/rmf_ws/install/project_maps/share/project_maps/estce/models/MiRCart/thumbnails/2.png
[51.626s] -- Symlinking: /home/maria/rmf_ws/install/project_maps/share/project_maps/estce/models/MiRCart/thumbnails/3.png
[51.635s] -- Symlinking: /home/maria/rmf_ws/install/project_maps/share/project_maps/estce/models/MiRCart/thumbnails/4.png
[51.651s] -- Symlinking: /home/maria/rmf_ws/install/project_maps/share/project_maps/estce/models/MiRCart/thumbnails/5.png
[51.661s] -- Symlinking: /home/maria/rmf_ws/install/project_maps/share/project_maps/estce/models/MonitorAndKeyboard/LICENSE
[51.670s] -- Symlinking: /home/maria/rmf_ws/install/project_maps/share/project_maps/estce/models/MonitorAndKeyboard/meshes/keyboard.mtl
[51.679s] -- Symlinking: /home/maria/rmf_ws/install/project_maps/share/project_maps/estce/models/MonitorAndKeyboard/meshes/keyboard.obj
[51.688s] -- Symlinking: /home/maria/rmf_ws/install/project_maps/share/project_maps/estce/models/MonitorAndKeyboard/meshes/monitor.mtl
[51.698s] -- Symlinking: /home/maria/rmf_ws/install/project_maps/share/project_maps/estce/models/MonitorAndKeyboard/meshes/monitor.obj
[51.707s] -- Symlinking: /home/maria/rmf_ws/install/project_maps/share/project_maps/estce/models/MonitorAndKeyboard/model.config
[51.716s] -- Symlinking: /home/maria/rmf_ws/install/project_maps/share/project_maps/estce/models/MonitorAndKeyboard/model.sdf
[51.725s] -- Symlinking: /home/maria/rmf_ws/install/project_maps/share/project_maps/estce/models/MonitorAndKeyboard/thumbnails/1.png
[51.734s] -- Symlinking: /home/maria/rmf_ws/install/project_maps/share/project_maps/estce/models/MonitorAndKeyboard/thumbnails/2.png
[51.743s] -- Symlinking: /home/maria/rmf_ws/install/project_maps/share/project_maps/estce/models/MonitorAndKeyboard/thumbnails/3.png
[51.754s] -- Symlinking: /home/maria/rmf_ws/install/project_maps/share/project_maps/estce/models/MonitorAndKeyboard/thumbnails/4.png
[51.763s] -- Symlinking: /home/maria/rmf_ws/install/project_maps/share/project_maps/estce/models/MonitorAndKeyboard/thumbnails/5.png
[51.773s] -- Symlinking: /home/maria/rmf_ws/install/project_maps/share/project_maps/estce/models/MopCart2/LICENSE
[51.782s] -- Symlinking: /home/maria/rmf_ws/install/project_maps/share/project_maps/estce/models/MopCart2/meshes/BigRed.png
[51.791s] -- Symlinking: /home/maria/rmf_ws/install/project_maps/share/project_maps/estce/models/MopCart2/meshes/Blue.png
[51.801s] -- Symlinking: /home/maria/rmf_ws/install/project_maps/share/project_maps/estce/models/MopCart2/meshes/Broom.png
[51.810s] -- Symlinking: /home/maria/rmf_ws/install/project_maps/share/project_maps/estce/models/MopCart2/meshes/Cart2.png
[51.819s] -- Symlinking: /home/maria/rmf_ws/install/project_maps/share/project_maps/estce/models/MopCart2/meshes/Cloth.png
[51.828s] -- Symlinking: /home/maria/rmf_ws/install/project_maps/share/project_maps/estce/models/MopCart2/meshes/Duster.png
[51.837s] -- Symlinking: /home/maria/rmf_ws/install/project_maps/share/project_maps/estce/models/MopCart2/meshes/Mop.png
[51.846s] -- Symlinking: /home/maria/rmf_ws/install/project_maps/share/project_maps/estce/models/MopCart2/meshes/MopCart2.mtl
[51.856s] -- Symlinking: /home/maria/rmf_ws/install/project_maps/share/project_maps/estce/models/MopCart2/meshes/MopCart2.obj
[51.866s] -- Symlinking: /home/maria/rmf_ws/install/project_maps/share/project_maps/estce/models/MopCart2/meshes/Tongs.png
[51.875s] -- Symlinking: /home/maria/rmf_ws/install/project_maps/share/project_maps/estce/models/MopCart2/model.config
[51.884s] -- Symlinking: /home/maria/rmf_ws/install/project_maps/share/project_maps/estce/models/MopCart2/model.sdf
[51.893s] -- Symlinking: /home/maria/rmf_ws/install/project_maps/share/project_maps/estce/models/MopCart2/thumbnails/1.png
[51.902s] -- Symlinking: /home/maria/rmf_ws/install/project_maps/share/project_maps/estce/models/MopCart2/thumbnails/2.png
[51.911s] -- Symlinking: /home/maria/rmf_ws/install/project_maps/share/project_maps/estce/models/MopCart2/thumbnails/3.png
[51.920s] -- Symlinking: /home/maria/rmf_ws/install/project_maps/share/project_maps/estce/models/MopCart2/thumbnails/4.png
[51.929s] -- Symlinking: /home/maria/rmf_ws/install/project_maps/share/project_maps/estce/models/MopCart2/thumbnails/5.png
[51.939s] -- Symlinking: /home/maria/rmf_ws/install/project_maps/share/project_maps/estce/models/MopCart3/LICENSE
[51.948s] -- Symlinking: /home/maria/rmf_ws/install/project_maps/share/project_maps/estce/models/MopCart3/meshes/Blue.png
[51.958s] -- Symlinking: /home/maria/rmf_ws/install/project_maps/share/project_maps/estce/models/MopCart3/meshes/Cart.png
[51.967s] -- Symlinking: /home/maria/rmf_ws/install/project_maps/share/project_maps/estce/models/MopCart3/meshes/Cloth.png
[51.976s] -- Symlinking: /home/maria/rmf_ws/install/project_maps/share/project_maps/estce/models/MopCart3/meshes/Duster.png
[51.985s] -- Symlinking: /home/maria/rmf_ws/install/project_maps/share/project_maps/estce/models/MopCart3/meshes/Glove.png
[51.995s] -- Symlinking: /home/maria/rmf_ws/install/project_maps/share/project_maps/estce/models/MopCart3/meshes/Mop.png
[52.004s] -- Symlinking: /home/maria/rmf_ws/install/project_maps/share/project_maps/estce/models/MopCart3/meshes/MopCart3.mtl
[52.013s] -- Symlinking: /home/maria/rmf_ws/install/project_maps/share/project_maps/estce/models/MopCart3/meshes/MopCart3.obj
[52.022s] -- Symlinking: /home/maria/rmf_ws/install/project_maps/share/project_maps/estce/models/MopCart3/meshes/Parcel.png
[52.031s] -- Symlinking: /home/maria/rmf_ws/install/project_maps/share/project_maps/estce/models/MopCart3/meshes/Plastic.png
[52.040s] -- Symlinking: /home/maria/rmf_ws/install/project_maps/share/project_maps/estce/models/MopCart3/meshes/Red.png
[52.050s] -- Symlinking: /home/maria/rmf_ws/install/project_maps/share/project_maps/estce/models/MopCart3/meshes/Sign.png
[52.060s] -- Symlinking: /home/maria/rmf_ws/install/project_maps/share/project_maps/estce/models/MopCart3/meshes/Spray.png
[52.069s] -- Symlinking: /home/maria/rmf_ws/install/project_maps/share/project_maps/estce/models/MopCart3/model.config
[52.078s] -- Symlinking: /home/maria/rmf_ws/install/project_maps/share/project_maps/estce/models/MopCart3/model.sdf
[52.088s] -- Symlinking: /home/maria/rmf_ws/install/project_maps/share/project_maps/estce/models/MopCart3/thumbnails/1.png
[52.097s] -- Symlinking: /home/maria/rmf_ws/install/project_maps/share/project_maps/estce/models/MopCart3/thumbnails/2.png
[52.106s] -- Symlinking: /home/maria/rmf_ws/install/project_maps/share/project_maps/estce/models/MopCart3/thumbnails/3.png
[52.115s] -- Symlinking: /home/maria/rmf_ws/install/project_maps/share/project_maps/estce/models/MopCart3/thumbnails/4.png
[52.124s] -- Symlinking: /home/maria/rmf_ws/install/project_maps/share/project_maps/estce/models/MopCart3/thumbnails/5.png
[52.133s] -- Symlinking: /home/maria/rmf_ws/install/project_maps/share/project_maps/estce/models/MopCart4/LICENSE
[52.143s] -- Symlinking: /home/maria/rmf_ws/install/project_maps/share/project_maps/estce/models/MopCart4/meshes/Cart.png
[52.153s] -- Symlinking: /home/maria/rmf_ws/install/project_maps/share/project_maps/estce/models/MopCart4/meshes/MopCart4.mtl
[52.162s] -- Symlinking: /home/maria/rmf_ws/install/project_maps/share/project_maps/estce/models/MopCart4/meshes/MopCart4.obj
[52.171s] -- Symlinking: /home/maria/rmf_ws/install/project_maps/share/project_maps/estce/models/MopCart4/meshes/blue.png
[52.180s] -- Symlinking: /home/maria/rmf_ws/install/project_maps/share/project_maps/estce/models/MopCart4/meshes/red.png
[52.190s] -- Symlinking: /home/maria/rmf_ws/install/project_maps/share/project_maps/estce/models/MopCart4/model.config
[52.199s] -- Symlinking: /home/maria/rmf_ws/install/project_maps/share/project_maps/estce/models/MopCart4/model.sdf
[52.208s] -- Symlinking: /home/maria/rmf_ws/install/project_maps/share/project_maps/estce/models/MopCart4/thumbnails/1.png
[52.217s] -- Symlinking: /home/maria/rmf_ws/install/project_maps/share/project_maps/estce/models/MopCart4/thumbnails/2.png
[52.226s] -- Symlinking: /home/maria/rmf_ws/install/project_maps/share/project_maps/estce/models/MopCart4/thumbnails/3.png
[52.235s] -- Symlinking: /home/maria/rmf_ws/install/project_maps/share/project_maps/estce/models/MopCart4/thumbnails/4.png
[52.244s] -- Symlinking: /home/maria/rmf_ws/install/project_maps/share/project_maps/estce/models/MopCart4/thumbnails/5.png
[52.254s] -- Symlinking: /home/maria/rmf_ws/install/project_maps/share/project_maps/estce/models/NurseTable/LICENSE
[52.264s] -- Symlinking: /home/maria/rmf_ws/install/project_maps/share/project_maps/estce/models/NurseTable/meshes/NurseTable.mtl
[52.273s] -- Symlinking: /home/maria/rmf_ws/install/project_maps/share/project_maps/estce/models/NurseTable/meshes/NurseTable.obj
[52.282s] -- Symlinking: /home/maria/rmf_ws/install/project_maps/share/project_maps/estce/models/NurseTable/meshes/NurseTable.png
[52.291s] -- Symlinking: /home/maria/rmf_ws/install/project_maps/share/project_maps/estce/models/NurseTable/meshes/NurseTable_Col.mtl
[52.300s] -- Symlinking: /home/maria/rmf_ws/install/project_maps/share/project_maps/estce/models/NurseTable/meshes/NurseTable_Col.obj
[52.309s] -- Symlinking: /home/maria/rmf_ws/install/project_maps/share/project_maps/estce/models/NurseTable/model.config
[52.318s] -- Symlinking: /home/maria/rmf_ws/install/project_maps/share/project_maps/estce/models/NurseTable/model.sdf
[52.328s] -- Symlinking: /home/maria/rmf_ws/install/project_maps/share/project_maps/estce/models/NurseTable/thumbnails/1.png
[52.337s] -- Symlinking: /home/maria/rmf_ws/install/project_maps/share/project_maps/estce/models/NurseTable/thumbnails/2.png
[52.346s] -- Symlinking: /home/maria/rmf_ws/install/project_maps/share/project_maps/estce/models/NurseTable/thumbnails/3.png
[52.356s] -- Symlinking: /home/maria/rmf_ws/install/project_maps/share/project_maps/estce/models/NurseTable/thumbnails/4.png
[52.365s] -- Symlinking: /home/maria/rmf_ws/install/project_maps/share/project_maps/estce/models/NurseTable/thumbnails/5.png
[52.375s] -- Symlinking: /home/maria/rmf_ws/install/project_maps/share/project_maps/estce/models/Oak tree/LICENSE
[52.384s] -- Symlinking: /home/maria/rmf_ws/install/project_maps/share/project_maps/estce/models/Oak tree/materials/scripts/caster_fp.glsl
[52.393s] -- Symlinking: /home/maria/rmf_ws/install/project_maps/share/project_maps/estce/models/Oak tree/materials/scripts/caster_vp.glsl
[52.402s] -- Symlinking: /home/maria/rmf_ws/install/project_maps/share/project_maps/estce/models/Oak tree/materials/scripts/oak_tree.material
[52.411s] -- Symlinking: /home/maria/rmf_ws/install/project_maps/share/project_maps/estce/models/Oak tree/materials/textures/bark_diffuse.png
[52.420s] -- Symlinking: /home/maria/rmf_ws/install/project_maps/share/project_maps/estce/models/Oak tree/materials/textures/branch_diffuse.png
[52.430s] -- Symlinking: /home/maria/rmf_ws/install/project_maps/share/project_maps/estce/models/Oak tree/meshes/oak_tree.dae
[52.439s] -- Symlinking: /home/maria/rmf_ws/install/project_maps/share/project_maps/estce/models/Oak tree/model.config
[52.448s] -- Symlinking: /home/maria/rmf_ws/install/project_maps/share/project_maps/estce/models/Oak tree/model.sdf
[52.458s] -- Symlinking: /home/maria/rmf_ws/install/project_maps/share/project_maps/estce/models/Oak tree/thumbnails/1.png
[52.467s] -- Symlinking: /home/maria/rmf_ws/install/project_maps/share/project_maps/estce/models/Oak tree/thumbnails/2.png
[52.477s] -- Symlinking: /home/maria/rmf_ws/install/project_maps/share/project_maps/estce/models/Oak tree/thumbnails/3.png
[52.486s] -- Symlinking: /home/maria/rmf_ws/install/project_maps/share/project_maps/estce/models/Oak tree/thumbnails/4.png
[52.495s] -- Symlinking: /home/maria/rmf_ws/install/project_maps/share/project_maps/estce/models/Oak tree/thumbnails/5.png
[52.504s] -- Symlinking: /home/maria/rmf_ws/install/project_maps/share/project_maps/estce/models/OfficeChairBlack/LICENSE
[52.513s] -- Symlinking: /home/maria/rmf_ws/install/project_maps/share/project_maps/estce/models/OfficeChairBlack/meshes/OfficeChairBlack.mtl
[52.523s] -- Symlinking: /home/maria/rmf_ws/install/project_maps/share/project_maps/estce/models/OfficeChairBlack/meshes/OfficeChairBlack.obj
[52.532s] -- Symlinking: /home/maria/rmf_ws/install/project_maps/share/project_maps/estce/models/OfficeChairBlack/meshes/OfficeChairBlack.png
[52.541s] -- Symlinking: /home/maria/rmf_ws/install/project_maps/share/project_maps/estce/models/OfficeChairBlack/meshes/OfficeChairBlack_Col.mtl
[52.550s] -- Symlinking: /home/maria/rmf_ws/install/project_maps/share/project_maps/estce/models/OfficeChairBlack/meshes/OfficeChairBlack_Col.obj
[52.560s] -- Symlinking: /home/maria/rmf_ws/install/project_maps/share/project_maps/estce/models/OfficeChairBlack/model.config
[52.569s] -- Symlinking: /home/maria/rmf_ws/install/project_maps/share/project_maps/estce/models/OfficeChairBlack/model.sdf
[52.578s] -- Symlinking: /home/maria/rmf_ws/install/project_maps/share/project_maps/estce/models/OfficeChairBlack/thumbnails/1.png
[52.586s] -- Symlinking: /home/maria/rmf_ws/install/project_maps/share/project_maps/estce/models/OfficeChairBlack/thumbnails/2.png
[52.596s] -- Symlinking: /home/maria/rmf_ws/install/project_maps/share/project_maps/estce/models/OfficeChairBlack/thumbnails/3.png
[52.605s] -- Symlinking: /home/maria/rmf_ws/install/project_maps/share/project_maps/estce/models/OfficeChairBlack/thumbnails/4.png
[52.615s] -- Symlinking: /home/maria/rmf_ws/install/project_maps/share/project_maps/estce/models/OfficeChairBlack/thumbnails/5.png
[52.625s] -- Symlinking: /home/maria/rmf_ws/install/project_maps/share/project_maps/estce/models/OfficeChairBlack/thumbnails/meta/1.png
[52.634s] -- Symlinking: /home/maria/rmf_ws/install/project_maps/share/project_maps/estce/models/OfficeChairBlack/thumbnails/meta/2.png
[52.644s] -- Symlinking: /home/maria/rmf_ws/install/project_maps/share/project_maps/estce/models/OfficeChairBlack/thumbnails/meta/3.png
[52.654s] -- Symlinking: /home/maria/rmf_ws/install/project_maps/share/project_maps/estce/models/OfficeChairBlack/thumbnails/meta/4.png
[52.664s] -- Symlinking: /home/maria/rmf_ws/install/project_maps/share/project_maps/estce/models/OfficeChairBlack/thumbnails/meta/5.png
[52.673s] -- Symlinking: /home/maria/rmf_ws/install/project_maps/share/project_maps/estce/models/OfficeChairBlue/LICENSE
[52.682s] -- Symlinking: /home/maria/rmf_ws/install/project_maps/share/project_maps/estce/models/OfficeChairBlue/meshes/OfficeChairBlue.mtl
[52.692s] -- Symlinking: /home/maria/rmf_ws/install/project_maps/share/project_maps/estce/models/OfficeChairBlue/meshes/OfficeChairBlue.obj
[52.701s] -- Symlinking: /home/maria/rmf_ws/install/project_maps/share/project_maps/estce/models/OfficeChairBlue/meshes/OfficeChairBlue.png
[52.710s] -- Symlinking: /home/maria/rmf_ws/install/project_maps/share/project_maps/estce/models/OfficeChairBlue/meshes/OfficeChairBlue_Col.mtl
[52.719s] -- Symlinking: /home/maria/rmf_ws/install/project_maps/share/project_maps/estce/models/OfficeChairBlue/meshes/OfficeChairBlue_Col.obj
[52.728s] -- Symlinking: /home/maria/rmf_ws/install/project_maps/share/project_maps/estce/models/OfficeChairBlue/model.config
[52.737s] -- Symlinking: /home/maria/rmf_ws/install/project_maps/share/project_maps/estce/models/OfficeChairBlue/model.sdf
[52.746s] -- Symlinking: /home/maria/rmf_ws/install/project_maps/share/project_maps/estce/models/OfficeChairBlue/thumbnails/1.png
[52.757s] -- Symlinking: /home/maria/rmf_ws/install/project_maps/share/project_maps/estce/models/OfficeChairBlue/thumbnails/2.png
[52.766s] -- Symlinking: /home/maria/rmf_ws/install/project_maps/share/project_maps/estce/models/OfficeChairBlue/thumbnails/3.png
[52.775s] -- Symlinking: /home/maria/rmf_ws/install/project_maps/share/project_maps/estce/models/OfficeChairBlue/thumbnails/4.png
[52.784s] -- Symlinking: /home/maria/rmf_ws/install/project_maps/share/project_maps/estce/models/OfficeChairBlue/thumbnails/5.png
[52.793s] -- Symlinking: /home/maria/rmf_ws/install/project_maps/share/project_maps/estce/models/OfficeChairBlue/thumbnails/meta/1.png
[52.802s] -- Symlinking: /home/maria/rmf_ws/install/project_maps/share/project_maps/estce/models/OfficeChairBlue/thumbnails/meta/2.png
[52.811s] -- Symlinking: /home/maria/rmf_ws/install/project_maps/share/project_maps/estce/models/OfficeChairBlue/thumbnails/meta/3.png
[52.820s] -- Symlinking: /home/maria/rmf_ws/install/project_maps/share/project_maps/estce/models/OfficeChairBlue/thumbnails/meta/4.png
[52.829s] -- Symlinking: /home/maria/rmf_ws/install/project_maps/share/project_maps/estce/models/OfficeChairBlue/thumbnails/meta/5.png
[52.838s] -- Symlinking: /home/maria/rmf_ws/install/project_maps/share/project_maps/estce/models/OfficeChairGrey/LICENSE
[52.847s] -- Symlinking: /home/maria/rmf_ws/install/project_maps/share/project_maps/estce/models/OfficeChairGrey/meshes/OfficeChairGrey.mtl
[52.857s] -- Symlinking: /home/maria/rmf_ws/install/project_maps/share/project_maps/estce/models/OfficeChairGrey/meshes/OfficeChairGrey.obj
[52.866s] -- Symlinking: /home/maria/rmf_ws/install/project_maps/share/project_maps/estce/models/OfficeChairGrey/meshes/OfficeChairGrey.png
[52.875s] -- Symlinking: /home/maria/rmf_ws/install/project_maps/share/project_maps/estce/models/OfficeChairGrey/meshes/OfficeChairGrey_Col.mtl
[52.883s] -- Symlinking: /home/maria/rmf_ws/install/project_maps/share/project_maps/estce/models/OfficeChairGrey/meshes/OfficeChairGrey_Col.obj
[52.892s] -- Symlinking: /home/maria/rmf_ws/install/project_maps/share/project_maps/estce/models/OfficeChairGrey/model.config
[52.901s] -- Symlinking: /home/maria/rmf_ws/install/project_maps/share/project_maps/estce/models/OfficeChairGrey/model.sdf
[52.910s] -- Symlinking: /home/maria/rmf_ws/install/project_maps/share/project_maps/estce/models/OfficeChairGrey/thumbnails/1.png
[52.919s] -- Symlinking: /home/maria/rmf_ws/install/project_maps/share/project_maps/estce/models/OfficeChairGrey/thumbnails/2.png
[52.928s] -- Symlinking: /home/maria/rmf_ws/install/project_maps/share/project_maps/estce/models/OfficeChairGrey/thumbnails/3.png
[52.937s] -- Symlinking: /home/maria/rmf_ws/install/project_maps/share/project_maps/estce/models/OfficeChairGrey/thumbnails/4.png
[52.946s] -- Symlinking: /home/maria/rmf_ws/install/project_maps/share/project_maps/estce/models/OfficeChairGrey/thumbnails/5.png
[52.956s] -- Symlinking: /home/maria/rmf_ws/install/project_maps/share/project_maps/estce/models/OfficeChairGrey/thumbnails/meta/1.png
[52.965s] -- Symlinking: /home/maria/rmf_ws/install/project_maps/share/project_maps/estce/models/OfficeChairGrey/thumbnails/meta/2.png
[52.974s] -- Symlinking: /home/maria/rmf_ws/install/project_maps/share/project_maps/estce/models/OfficeChairGrey/thumbnails/meta/3.png
[52.983s] -- Symlinking: /home/maria/rmf_ws/install/project_maps/share/project_maps/estce/models/OfficeChairGrey/thumbnails/meta/4.png
[52.992s] -- Symlinking: /home/maria/rmf_ws/install/project_maps/share/project_maps/estce/models/OfficeChairGrey/thumbnails/meta/5.png
[53.001s] -- Symlinking: /home/maria/rmf_ws/install/project_maps/share/project_maps/estce/models/Pine Tree/LICENSE
[53.010s] -- Symlinking: /home/maria/rmf_ws/install/project_maps/share/project_maps/estce/models/Pine Tree/materials/scripts/caster_fp.glsl
[53.019s] -- Symlinking: /home/maria/rmf_ws/install/project_maps/share/project_maps/estce/models/Pine Tree/materials/scripts/caster_vp.glsl
[53.028s] -- Symlinking: /home/maria/rmf_ws/install/project_maps/share/project_maps/estce/models/Pine Tree/materials/scripts/pine_tree.material
[53.037s] -- Symlinking: /home/maria/rmf_ws/install/project_maps/share/project_maps/estce/models/Pine Tree/materials/textures/bark_diffuse.png
[53.045s] -- Symlinking: /home/maria/rmf_ws/install/project_maps/share/project_maps/estce/models/Pine Tree/materials/textures/branch_2_diffuse.png
[53.055s] -- Symlinking: /home/maria/rmf_ws/install/project_maps/share/project_maps/estce/models/Pine Tree/meshes/pine_tree.dae
[53.064s] -- Symlinking: /home/maria/rmf_ws/install/project_maps/share/project_maps/estce/models/Pine Tree/model.config
[53.073s] -- Symlinking: /home/maria/rmf_ws/install/project_maps/share/project_maps/estce/models/Pine Tree/model.sdf
[53.082s] -- Symlinking: /home/maria/rmf_ws/install/project_maps/share/project_maps/estce/models/Pine Tree/thumbnails/1.png
[53.091s] -- Symlinking: /home/maria/rmf_ws/install/project_maps/share/project_maps/estce/models/Pine Tree/thumbnails/2.png
[53.100s] -- Symlinking: /home/maria/rmf_ws/install/project_maps/share/project_maps/estce/models/Pine Tree/thumbnails/3.png
[53.110s] -- Symlinking: /home/maria/rmf_ws/install/project_maps/share/project_maps/estce/models/Pine Tree/thumbnails/4.png
[53.119s] -- Symlinking: /home/maria/rmf_ws/install/project_maps/share/project_maps/estce/models/Pine Tree/thumbnails/5.png
[53.128s] -- Symlinking: /home/maria/rmf_ws/install/project_maps/share/project_maps/estce/models/PotatoChipChair/LICENSE
[53.137s] -- Symlinking: /home/maria/rmf_ws/install/project_maps/share/project_maps/estce/models/PotatoChipChair/meshes/PotatoChipChair.mtl
[53.146s] -- Symlinking: /home/maria/rmf_ws/install/project_maps/share/project_maps/estce/models/PotatoChipChair/meshes/PotatoChipChair.obj
[53.156s] -- Symlinking: /home/maria/rmf_ws/install/project_maps/share/project_maps/estce/models/PotatoChipChair/meshes/PotatoChipChairDiffuse.png
[53.166s] -- Symlinking: /home/maria/rmf_ws/install/project_maps/share/project_maps/estce/models/PotatoChipChair/meshes/PotatoChipChair_Col.mtl
[53.175s] -- Symlinking: /home/maria/rmf_ws/install/project_maps/share/project_maps/estce/models/PotatoChipChair/meshes/PotatoChipChair_Col.obj
[53.185s] -- Symlinking: /home/maria/rmf_ws/install/project_maps/share/project_maps/estce/models/PotatoChipChair/model.config
[53.195s] -- Symlinking: /home/maria/rmf_ws/install/project_maps/share/project_maps/estce/models/PotatoChipChair/model.sdf
[53.205s] -- Symlinking: /home/maria/rmf_ws/install/project_maps/share/project_maps/estce/models/PotatoChipChair/thumbnails/1.png
[53.215s] -- Symlinking: /home/maria/rmf_ws/install/project_maps/share/project_maps/estce/models/PotatoChipChair/thumbnails/2.png
[53.225s] -- Symlinking: /home/maria/rmf_ws/install/project_maps/share/project_maps/estce/models/PotatoChipChair/thumbnails/3.png
[53.234s] -- Symlinking: /home/maria/rmf_ws/install/project_maps/share/project_maps/estce/models/PotatoChipChair/thumbnails/4.png
[53.244s] -- Symlinking: /home/maria/rmf_ws/install/project_maps/share/project_maps/estce/models/PotatoChipChair/thumbnails/5.png
[53.254s] -- Symlinking: /home/maria/rmf_ws/install/project_maps/share/project_maps/estce/models/RecTable/LICENSE
[53.264s] -- Symlinking: /home/maria/rmf_ws/install/project_maps/share/project_maps/estce/models/RecTable/meshes/RecTable.mtl
[53.273s] -- Symlinking: /home/maria/rmf_ws/install/project_maps/share/project_maps/estce/models/RecTable/meshes/RecTable.obj
[53.282s] -- Symlinking: /home/maria/rmf_ws/install/project_maps/share/project_maps/estce/models/RecTable/meshes/RecTable_Col.mtl
[53.292s] -- Symlinking: /home/maria/rmf_ws/install/project_maps/share/project_maps/estce/models/RecTable/meshes/RecTable_Col.obj
[53.301s] -- Symlinking: /home/maria/rmf_ws/install/project_maps/share/project_maps/estce/models/RecTable/meshes/rectable.png
[53.310s] -- Symlinking: /home/maria/rmf_ws/install/project_maps/share/project_maps/estce/models/RecTable/model.config
[53.319s] -- Symlinking: /home/maria/rmf_ws/install/project_maps/share/project_maps/estce/models/RecTable/model.sdf
[53.329s] -- Symlinking: /home/maria/rmf_ws/install/project_maps/share/project_maps/estce/models/RecTable/thumbnails/1.png
[53.338s] -- Symlinking: /home/maria/rmf_ws/install/project_maps/share/project_maps/estce/models/RecTable/thumbnails/2.png
[53.347s] -- Symlinking: /home/maria/rmf_ws/install/project_maps/share/project_maps/estce/models/RecTable/thumbnails/3.png
[53.357s] -- Symlinking: /home/maria/rmf_ws/install/project_maps/share/project_maps/estce/models/RecTable/thumbnails/4.png
[53.367s] -- Symlinking: /home/maria/rmf_ws/install/project_maps/share/project_maps/estce/models/RecTable/thumbnails/5.png
[53.377s] -- Symlinking: /home/maria/rmf_ws/install/project_maps/share/project_maps/estce/models/RetailKiosk1/LICENSE
[53.387s] -- Symlinking: /home/maria/rmf_ws/install/project_maps/share/project_maps/estce/models/RetailKiosk1/meshes/RetailKiosk1.mtl
[53.397s] -- Symlinking: /home/maria/rmf_ws/install/project_maps/share/project_maps/estce/models/RetailKiosk1/meshes/RetailKiosk1.obj
[53.407s] -- Symlinking: /home/maria/rmf_ws/install/project_maps/share/project_maps/estce/models/RetailKiosk1/meshes/RetailKiosk1_Col.mtl
[53.416s] -- Symlinking: /home/maria/rmf_ws/install/project_maps/share/project_maps/estce/models/RetailKiosk1/meshes/RetailKiosk1_Col.obj
[53.425s] -- Symlinking: /home/maria/rmf_ws/install/project_maps/share/project_maps/estce/models/RetailKiosk1/meshes/RetailKiosk1_Diffuse.png
[53.435s] -- Symlinking: /home/maria/rmf_ws/install/project_maps/share/project_maps/estce/models/RetailKiosk1/meshes/RetailKiosk1_Normal.png
[53.445s] -- Symlinking: /home/maria/rmf_ws/install/project_maps/share/project_maps/estce/models/RetailKiosk1/meshes/RetailKiosk1_Rough.png
[53.455s] -- Symlinking: /home/maria/rmf_ws/install/project_maps/share/project_maps/estce/models/RetailKiosk1/model.config
[53.465s] -- Symlinking: /home/maria/rmf_ws/install/project_maps/share/project_maps/estce/models/RetailKiosk1/model.sdf
[53.474s] -- Symlinking: /home/maria/rmf_ws/install/project_maps/share/project_maps/estce/models/RetailKiosk1/thumbnails/1.png
[53.483s] -- Symlinking: /home/maria/rmf_ws/install/project_maps/share/project_maps/estce/models/RetailKiosk1/thumbnails/2.png
[53.492s] -- Symlinking: /home/maria/rmf_ws/install/project_maps/share/project_maps/estce/models/RetailKiosk1/thumbnails/3.png
[53.501s] -- Symlinking: /home/maria/rmf_ws/install/project_maps/share/project_maps/estce/models/RetailKiosk1/thumbnails/4.png
[53.510s] -- Symlinking: /home/maria/rmf_ws/install/project_maps/share/project_maps/estce/models/RetailKiosk1/thumbnails/5.png
[53.519s] -- Symlinking: /home/maria/rmf_ws/install/project_maps/share/project_maps/estce/models/ScrubsTrolley/LICENSE
[53.529s] -- Symlinking: /home/maria/rmf_ws/install/project_maps/share/project_maps/estce/models/ScrubsTrolley/meshes/ScrubsTrolley.mtl
[53.539s] -- Symlinking: /home/maria/rmf_ws/install/project_maps/share/project_maps/estce/models/ScrubsTrolley/meshes/ScrubsTrolley.obj
[53.550s] -- Symlinking: /home/maria/rmf_ws/install/project_maps/share/project_maps/estce/models/ScrubsTrolley/meshes/ScrubsTrolley.png
[53.560s] -- Symlinking: /home/maria/rmf_ws/install/project_maps/share/project_maps/estce/models/ScrubsTrolley/meshes/ScrubsTrolley_Col.mtl
[53.569s] -- Symlinking: /home/maria/rmf_ws/install/project_maps/share/project_maps/estce/models/ScrubsTrolley/meshes/ScrubsTrolley_Col.obj
[53.579s] -- Symlinking: /home/maria/rmf_ws/install/project_maps/share/project_maps/estce/models/ScrubsTrolley/model.config
[53.589s] -- Symlinking: /home/maria/rmf_ws/install/project_maps/share/project_maps/estce/models/ScrubsTrolley/model.sdf
[53.599s] -- Symlinking: /home/maria/rmf_ws/install/project_maps/share/project_maps/estce/models/ScrubsTrolley/thumbnails/1.png
[53.609s] -- Symlinking: /home/maria/rmf_ws/install/project_maps/share/project_maps/estce/models/ScrubsTrolley/thumbnails/2.png
[53.619s] -- Symlinking: /home/maria/rmf_ws/install/project_maps/share/project_maps/estce/models/ScrubsTrolley/thumbnails/3.png
[53.629s] -- Symlinking: /home/maria/rmf_ws/install/project_maps/share/project_maps/estce/models/ScrubsTrolley/thumbnails/4.png
[53.638s] -- Symlinking: /home/maria/rmf_ws/install/project_maps/share/project_maps/estce/models/ScrubsTrolley/thumbnails/5.png
[53.648s] -- Symlinking: /home/maria/rmf_ws/install/project_maps/share/project_maps/estce/models/SmallCubicle/LICENSE
[53.658s] -- Symlinking: /home/maria/rmf_ws/install/project_maps/share/project_maps/estce/models/SmallCubicle/meshes/SmallCubicle.mtl
[53.668s] -- Symlinking: /home/maria/rmf_ws/install/project_maps/share/project_maps/estce/models/SmallCubicle/meshes/SmallCubicle.obj
[53.678s] -- Symlinking: /home/maria/rmf_ws/install/project_maps/share/project_maps/estce/models/SmallCubicle/meshes/SmallCubicle_Col.mtl
[53.688s] -- Symlinking: /home/maria/rmf_ws/install/project_maps/share/project_maps/estce/models/SmallCubicle/meshes/SmallCubicle_Col.obj
[53.698s] -- Symlinking: /home/maria/rmf_ws/install/project_maps/share/project_maps/estce/models/SmallCubicle/meshes/SmallCubicle_Diffuse.png
[53.708s] -- Symlinking: /home/maria/rmf_ws/install/project_maps/share/project_maps/estce/models/SmallCubicle/model.config
[53.718s] -- Symlinking: /home/maria/rmf_ws/install/project_maps/share/project_maps/estce/models/SmallCubicle/model.sdf
[53.729s] -- Symlinking: /home/maria/rmf_ws/install/project_maps/share/project_maps/estce/models/SmallCubicle/thumbnails/1.png
[53.739s] -- Symlinking: /home/maria/rmf_ws/install/project_maps/share/project_maps/estce/models/SmallCubicle/thumbnails/2.png
[53.749s] -- Symlinking: /home/maria/rmf_ws/install/project_maps/share/project_maps/estce/models/SmallCubicle/thumbnails/3.png
[53.760s] -- Symlinking: /home/maria/rmf_ws/install/project_maps/share/project_maps/estce/models/SmallCubicle/thumbnails/4.png
[53.771s] -- Symlinking: /home/maria/rmf_ws/install/project_maps/share/project_maps/estce/models/SmallCubicle/thumbnails/5.png
[53.782s] -- Symlinking: /home/maria/rmf_ws/install/project_maps/share/project_maps/estce/models/Sofa/LICENSE
[53.792s] -- Symlinking: /home/maria/rmf_ws/install/project_maps/share/project_maps/estce/models/Sofa/meshes/Sofa.mtl
[53.803s] -- Symlinking: /home/maria/rmf_ws/install/project_maps/share/project_maps/estce/models/Sofa/meshes/Sofa.obj
[53.814s] -- Symlinking: /home/maria/rmf_ws/install/project_maps/share/project_maps/estce/models/Sofa/meshes/SofaDiffuse.png
[53.824s] -- Symlinking: /home/maria/rmf_ws/install/project_maps/share/project_maps/estce/models/Sofa/model.config
[53.835s] -- Symlinking: /home/maria/rmf_ws/install/project_maps/share/project_maps/estce/models/Sofa/model.sdf
[53.846s] -- Symlinking: /home/maria/rmf_ws/install/project_maps/share/project_maps/estce/models/Sofa/thumbnails/1.png
[53.857s] -- Symlinking: /home/maria/rmf_ws/install/project_maps/share/project_maps/estce/models/Sofa/thumbnails/2.png
[53.868s] -- Symlinking: /home/maria/rmf_ws/install/project_maps/share/project_maps/estce/models/Sofa/thumbnails/3.png
[53.879s] -- Symlinking: /home/maria/rmf_ws/install/project_maps/share/project_maps/estce/models/Sofa/thumbnails/4.png
[53.890s] -- Symlinking: /home/maria/rmf_ws/install/project_maps/share/project_maps/estce/models/Sofa/thumbnails/5.png
[53.901s] -- Symlinking: /home/maria/rmf_ws/install/project_maps/share/project_maps/estce/models/StorageRackCovered/LICENSE
[53.912s] -- Symlinking: /home/maria/rmf_ws/install/project_maps/share/project_maps/estce/models/StorageRackCovered/meshes/StorageRackCovered.mtl
[53.922s] -- Symlinking: /home/maria/rmf_ws/install/project_maps/share/project_maps/estce/models/StorageRackCovered/meshes/StorageRackCovered.obj
[53.933s] -- Symlinking: /home/maria/rmf_ws/install/project_maps/share/project_maps/estce/models/StorageRackCovered/meshes/StorageRackCovered.png
[53.944s] -- Symlinking: /home/maria/rmf_ws/install/project_maps/share/project_maps/estce/models/StorageRackCovered/model.config
[53.955s] -- Symlinking: /home/maria/rmf_ws/install/project_maps/share/project_maps/estce/models/StorageRackCovered/model.sdf
[53.966s] -- Symlinking: /home/maria/rmf_ws/install/project_maps/share/project_maps/estce/models/StorageRackCovered/thumbnails/1.png
[53.977s] -- Symlinking: /home/maria/rmf_ws/install/project_maps/share/project_maps/estce/models/StorageRackCovered/thumbnails/2.png
[53.988s] -- Symlinking: /home/maria/rmf_ws/install/project_maps/share/project_maps/estce/models/StorageRackCovered/thumbnails/3.png
[53.999s] -- Symlinking: /home/maria/rmf_ws/install/project_maps/share/project_maps/estce/models/StorageRackCovered/thumbnails/4.png
[54.010s] -- Symlinking: /home/maria/rmf_ws/install/project_maps/share/project_maps/estce/models/StorageRackCovered/thumbnails/5.png
[54.021s] -- Symlinking: /home/maria/rmf_ws/install/project_maps/share/project_maps/estce/models/TVStand/LICENSE
[54.031s] -- Symlinking: /home/maria/rmf_ws/install/project_maps/share/project_maps/estce/models/TVStand/meshes/TVStand.mtl
[54.042s] -- Symlinking: /home/maria/rmf_ws/install/project_maps/share/project_maps/estce/models/TVStand/meshes/TVStand.obj
[54.052s] -- Symlinking: /home/maria/rmf_ws/install/project_maps/share/project_maps/estce/models/TVStand/meshes/TVStand_Col.mtl
[54.064s] -- Symlinking: /home/maria/rmf_ws/install/project_maps/share/project_maps/estce/models/TVStand/meshes/TVStand_Col.obj
[54.074s] -- Symlinking: /home/maria/rmf_ws/install/project_maps/share/project_maps/estce/models/TVStand/meshes/TVStand_Diffuse.png
[54.085s] -- Symlinking: /home/maria/rmf_ws/install/project_maps/share/project_maps/estce/models/TVStand/model.config
[54.096s] -- Symlinking: /home/maria/rmf_ws/install/project_maps/share/project_maps/estce/models/TVStand/model.sdf
[54.107s] -- Symlinking: /home/maria/rmf_ws/install/project_maps/share/project_maps/estce/models/TVStand/thumbnails/1.png
[54.117s] -- Symlinking: /home/maria/rmf_ws/install/project_maps/share/project_maps/estce/models/TVStand/thumbnails/2.png
[54.127s] -- Symlinking: /home/maria/rmf_ws/install/project_maps/share/project_maps/estce/models/TVStand/thumbnails/3.png
[54.139s] -- Symlinking: /home/maria/rmf_ws/install/project_maps/share/project_maps/estce/models/TVStand/thumbnails/4.png
[54.149s] -- Symlinking: /home/maria/rmf_ws/install/project_maps/share/project_maps/estce/models/TVStand/thumbnails/5.png
[54.160s] -- Symlinking: /home/maria/rmf_ws/install/project_maps/share/project_maps/estce/models/Table/LICENSE
[54.171s] -- Symlinking: /home/maria/rmf_ws/install/project_maps/share/project_maps/estce/models/Table/Table_Diffuse.jpg
[54.182s] -- Symlinking: /home/maria/rmf_ws/install/project_maps/share/project_maps/estce/models/Table/model-1_2.sdf
[54.192s] -- Symlinking: /home/maria/rmf_ws/install/project_maps/share/project_maps/estce/models/Table/model-1_3.sdf
[54.202s] -- Symlinking: /home/maria/rmf_ws/install/project_maps/share/project_maps/estce/models/Table/model-1_4.sdf
[54.212s] -- Symlinking: /home/maria/rmf_ws/install/project_maps/share/project_maps/estce/models/Table/model.config
[54.222s] -- Symlinking: /home/maria/rmf_ws/install/project_maps/share/project_maps/estce/models/Table/model.sdf
[54.233s] -- Symlinking: /home/maria/rmf_ws/install/project_maps/share/project_maps/estce/models/Table/thumbnails/1.png
[54.243s] -- Symlinking: /home/maria/rmf_ws/install/project_maps/share/project_maps/estce/models/Table/thumbnails/2.png
[54.253s] -- Symlinking: /home/maria/rmf_ws/install/project_maps/share/project_maps/estce/models/Table/thumbnails/3.png
[54.263s] -- Symlinking: /home/maria/rmf_ws/install/project_maps/share/project_maps/estce/models/Table/thumbnails/4.png
[54.273s] -- Symlinking: /home/maria/rmf_ws/install/project_maps/share/project_maps/estce/models/Table/thumbnails/5.png
[54.283s] -- Symlinking: /home/maria/rmf_ws/install/project_maps/share/project_maps/estce/models/Toilet/LICENSE
[54.293s] -- Symlinking: /home/maria/rmf_ws/install/project_maps/share/project_maps/estce/models/Toilet/meshes/toilet.mtl
[54.303s] -- Symlinking: /home/maria/rmf_ws/install/project_maps/share/project_maps/estce/models/Toilet/meshes/toilet.obj
[54.312s] -- Symlinking: /home/maria/rmf_ws/install/project_maps/share/project_maps/estce/models/Toilet/model.config
[54.322s] -- Symlinking: /home/maria/rmf_ws/install/project_maps/share/project_maps/estce/models/Toilet/model.sdf
[54.331s] -- Symlinking: /home/maria/rmf_ws/install/project_maps/share/project_maps/estce/models/Toilet/thumbnails/1.png
[54.340s] -- Symlinking: /home/maria/rmf_ws/install/project_maps/share/project_maps/estce/models/Toilet/thumbnails/2.png
[54.350s] -- Symlinking: /home/maria/rmf_ws/install/project_maps/share/project_maps/estce/models/Toilet/thumbnails/3.png
[54.360s] -- Symlinking: /home/maria/rmf_ws/install/project_maps/share/project_maps/estce/models/Toilet/thumbnails/4.png
[54.370s] -- Symlinking: /home/maria/rmf_ws/install/project_maps/share/project_maps/estce/models/Toilet/thumbnails/5.png
[54.380s] -- Symlinking: /home/maria/rmf_ws/install/project_maps/share/project_maps/estce/models/VendingMachine/LICENSE
[54.390s] -- Symlinking: /home/maria/rmf_ws/install/project_maps/share/project_maps/estce/models/VendingMachine/meshes/VendingMachine.mtl
[54.400s] -- Symlinking: /home/maria/rmf_ws/install/project_maps/share/project_maps/estce/models/VendingMachine/meshes/VendingMachine.obj
[54.409s] -- Symlinking: /home/maria/rmf_ws/install/project_maps/share/project_maps/estce/models/VendingMachine/meshes/VendingMachine_Diffuse.png
[54.420s] -- Symlinking: /home/maria/rmf_ws/install/project_maps/share/project_maps/estce/models/VendingMachine/model.config
[54.430s] -- Symlinking: /home/maria/rmf_ws/install/project_maps/share/project_maps/estce/models/VendingMachine/model.sdf
[54.439s] -- Symlinking: /home/maria/rmf_ws/install/project_maps/share/project_maps/estce/models/VendingMachine/thumbnails/1.png
[54.449s] -- Symlinking: /home/maria/rmf_ws/install/project_maps/share/project_maps/estce/models/VendingMachine/thumbnails/2.png
[54.465s] -- Symlinking: /home/maria/rmf_ws/install/project_maps/share/project_maps/estce/models/VendingMachine/thumbnails/3.png
[54.475s] -- Symlinking: /home/maria/rmf_ws/install/project_maps/share/project_maps/estce/models/VendingMachine/thumbnails/4.png
[54.485s] -- Symlinking: /home/maria/rmf_ws/install/project_maps/share/project_maps/estce/models/VendingMachine/thumbnails/5.png
[54.495s] -- Symlinking: /home/maria/rmf_ws/install/project_maps/share/project_maps/estce/models/WhiteCabinet/LICENSE
[54.505s] -- Symlinking: /home/maria/rmf_ws/install/project_maps/share/project_maps/estce/models/WhiteCabinet/meshes/WhiteCabinet.mtl
[54.515s] -- Symlinking: /home/maria/rmf_ws/install/project_maps/share/project_maps/estce/models/WhiteCabinet/meshes/WhiteCabinet.obj
[54.525s] -- Symlinking: /home/maria/rmf_ws/install/project_maps/share/project_maps/estce/models/WhiteCabinet/meshes/WhiteCabinet.png
[54.534s] -- Symlinking: /home/maria/rmf_ws/install/project_maps/share/project_maps/estce/models/WhiteCabinet/model.config
[54.544s] -- Symlinking: /home/maria/rmf_ws/install/project_maps/share/project_maps/estce/models/WhiteCabinet/model.sdf
[54.555s] -- Symlinking: /home/maria/rmf_ws/install/project_maps/share/project_maps/estce/models/WhiteCabinet/thumbnails/1.png
[54.564s] -- Symlinking: /home/maria/rmf_ws/install/project_maps/share/project_maps/estce/models/WhiteCabinet/thumbnails/2.png
[54.574s] -- Symlinking: /home/maria/rmf_ws/install/project_maps/share/project_maps/estce/models/WhiteCabinet/thumbnails/3.png
[54.584s] -- Symlinking: /home/maria/rmf_ws/install/project_maps/share/project_maps/estce/models/WhiteCabinet/thumbnails/4.png
[54.594s] -- Symlinking: /home/maria/rmf_ws/install/project_maps/share/project_maps/estce/models/WhiteCabinet/thumbnails/5.png
[54.604s] -- Symlinking: /home/maria/rmf_ws/install/project_maps/share/project_maps/estce/models/WoodenChair/LICENSE
[54.614s] -- Symlinking: /home/maria/rmf_ws/install/project_maps/share/project_maps/estce/models/WoodenChair/meshes/WoodenChair.mtl
[54.624s] -- Symlinking: /home/maria/rmf_ws/install/project_maps/share/project_maps/estce/models/WoodenChair/meshes/WoodenChair.obj
[54.634s] -- Symlinking: /home/maria/rmf_ws/install/project_maps/share/project_maps/estce/models/WoodenChair/meshes/WoodenChair_Col.mtl
[54.645s] -- Symlinking: /home/maria/rmf_ws/install/project_maps/share/project_maps/estce/models/WoodenChair/meshes/WoodenChair_Col.obj
[54.656s] -- Symlinking: /home/maria/rmf_ws/install/project_maps/share/project_maps/estce/models/WoodenChair/meshes/WoodenChair_Diffuse.png
[54.668s] -- Symlinking: /home/maria/rmf_ws/install/project_maps/share/project_maps/estce/models/WoodenChair/meshes/WoodenChair_Rough.png
[54.678s] -- Symlinking: /home/maria/rmf_ws/install/project_maps/share/project_maps/estce/models/WoodenChair/model.config
[54.689s] -- Symlinking: /home/maria/rmf_ws/install/project_maps/share/project_maps/estce/models/WoodenChair/model.sdf
[54.700s] -- Symlinking: /home/maria/rmf_ws/install/project_maps/share/project_maps/estce/models/WoodenChair/thumbnails/1.png
[54.711s] -- Symlinking: /home/maria/rmf_ws/install/project_maps/share/project_maps/estce/models/WoodenChair/thumbnails/2.png
[54.722s] -- Symlinking: /home/maria/rmf_ws/install/project_maps/share/project_maps/estce/models/WoodenChair/thumbnails/3.png
[54.733s] -- Symlinking: /home/maria/rmf_ws/install/project_maps/share/project_maps/estce/models/WoodenChair/thumbnails/4.png
[54.745s] -- Symlinking: /home/maria/rmf_ws/install/project_maps/share/project_maps/estce/models/WoodenChair/thumbnails/5.png
[54.757s] -- Symlinking: /home/maria/rmf_ws/install/project_maps/share/project_maps/test1/models/Sofa/meshes/Sofa.mtl
[54.768s] -- Symlinking: /home/maria/rmf_ws/install/project_maps/share/project_maps/test1/models/Sofa/meshes/Sofa.obj
[54.780s] -- Symlinking: /home/maria/rmf_ws/install/project_maps/share/project_maps/test1/models/Sofa/meshes/SofaDiffuse.png
[54.791s] -- Symlinking: /home/maria/rmf_ws/install/project_maps/share/project_maps/test1/models/Sofa/model.config
[54.803s] -- Symlinking: /home/maria/rmf_ws/install/project_maps/share/project_maps/test1/models/Sofa/model.sdf
[54.814s] -- Symlinking: /home/maria/rmf_ws/install/project_maps/share/project_maps/test1/models/Sofa/thumbnails/1.png
[54.826s] -- Symlinking: /home/maria/rmf_ws/install/project_maps/share/project_maps/test1/models/Sofa/thumbnails/2.png
[54.838s] -- Symlinking: /home/maria/rmf_ws/install/project_maps/share/project_maps/test1/models/Sofa/thumbnails/3.png
[54.849s] -- Symlinking: /home/maria/rmf_ws/install/project_maps/share/project_maps/test1/models/Sofa/thumbnails/4.png
[54.866s] -- Symlinking: /home/maria/rmf_ws/install/project_maps/share/project_maps/test1/models/Sofa/thumbnails/5.png
[54.877s] -- Symlinking: /home/maria/rmf_ws/install/project_maps/share/project_maps/test1/test1.building.yaml
[54.889s] -- Symlinking: /home/maria/rmf_ws/install/project_maps/share/ament_index/resource_index/package_run_dependencies/project_maps
[54.901s] -- Symlinking: /home/maria/rmf_ws/install/project_maps/share/ament_index/resource_index/parent_prefix_path/project_maps
[54.912s] -- Symlinking: /home/maria/rmf_ws/install/project_maps/share/project_maps/environment/ament_prefix_path.sh
[54.924s] -- Symlinking: /home/maria/rmf_ws/install/project_maps/share/project_maps/environment/ament_prefix_path.dsv
[54.935s] -- Symlinking: /home/maria/rmf_ws/install/project_maps/share/project_maps/environment/path.sh
[54.947s] -- Symlinking: /home/maria/rmf_ws/install/project_maps/share/project_maps/environment/path.dsv
[54.960s] -- Symlinking: /home/maria/rmf_ws/install/project_maps/share/project_maps/local_setup.bash
[54.972s] -- Symlinking: /home/maria/rmf_ws/install/project_maps/share/project_maps/local_setup.sh
[54.984s] -- Symlinking: /home/maria/rmf_ws/install/project_maps/share/project_maps/local_setup.zsh
[54.996s] -- Symlinking: /home/maria/rmf_ws/install/project_maps/share/project_maps/local_setup.dsv
[55.008s] -- Symlinking: /home/maria/rmf_ws/install/project_maps/share/project_maps/package.dsv
[55.020s] -- Symlinking: /home/maria/rmf_ws/install/project_maps/share/ament_index/resource_index/packages/project_maps
[55.032s] -- Symlinking: /home/maria/rmf_ws/install/project_maps/share/project_maps/cmake/project_mapsConfig.cmake
[55.045s] -- Symlinking: /home/maria/rmf_ws/install/project_maps/share/project_maps/cmake/project_mapsConfig-version.cmake
[55.058s] -- Symlinking: /home/maria/rmf_ws/install/project_maps/share/project_maps/package.xml
[55.071s] -- Symlinking: /home/maria/rmf_ws/install/project_maps/share/project_maps/maps/classroom/classroom.world
[55.084s] -- Symlinking: /home/maria/rmf_ws/install/project_maps/share/project_maps/maps/classroom/models/classroom_L1/meshes/blue_linoleum.png
[55.097s] -- Symlinking: /home/maria/rmf_ws/install/project_maps/share/project_maps/maps/classroom/models/classroom_L1/meshes/default.png
[55.114s] -- Symlinking: /home/maria/rmf_ws/install/project_maps/share/project_maps/maps/classroom/models/classroom_L1/meshes/floor_1.mtl
[55.126s] -- Symlinking: /home/maria/rmf_ws/install/project_maps/share/project_maps/maps/classroom/models/classroom_L1/meshes/floor_1.obj
[55.139s] -- Symlinking: /home/maria/rmf_ws/install/project_maps/share/project_maps/maps/classroom/models/classroom_L1/meshes/model.material
[55.151s] -- Symlinking: /home/maria/rmf_ws/install/project_maps/share/project_maps/maps/classroom/models/classroom_L1/meshes/wall_1.mtl
[55.163s] -- Symlinking: /home/maria/rmf_ws/install/project_maps/share/project_maps/maps/classroom/models/classroom_L1/meshes/wall_1.obj
[55.176s] -- Symlinking: /home/maria/rmf_ws/install/project_maps/share/project_maps/maps/classroom/models/classroom_L1/model.config
[55.188s] -- Symlinking: /home/maria/rmf_ws/install/project_maps/share/project_maps/maps/classroom/models/classroom_L1/model.sdf
[55.200s] -- Symlinking: /home/maria/rmf_ws/install/project_maps/share/project_maps/maps/classroom/models/classroom_L2/meshes/blue_linoleum.png
[55.213s] -- Symlinking: /home/maria/rmf_ws/install/project_maps/share/project_maps/maps/classroom/models/classroom_L2/meshes/default.png
[55.226s] -- Symlinking: /home/maria/rmf_ws/install/project_maps/share/project_maps/maps/classroom/models/classroom_L2/meshes/floor_1.mtl
[55.240s] -- Symlinking: /home/maria/rmf_ws/install/project_maps/share/project_maps/maps/classroom/models/classroom_L2/meshes/floor_1.obj
[55.252s] -- Symlinking: /home/maria/rmf_ws/install/project_maps/share/project_maps/maps/classroom/models/classroom_L2/meshes/model.material
[55.266s] -- Symlinking: /home/maria/rmf_ws/install/project_maps/share/project_maps/maps/classroom/models/classroom_L2/meshes/wall_1.mtl
[55.279s] -- Symlinking: /home/maria/rmf_ws/install/project_maps/share/project_maps/maps/classroom/models/classroom_L2/meshes/wall_1.obj
[55.291s] -- Symlinking: /home/maria/rmf_ws/install/project_maps/share/project_maps/maps/classroom/models/classroom_L2/model.config
[55.305s] -- Symlinking: /home/maria/rmf_ws/install/project_maps/share/project_maps/maps/classroom/models/classroom_L2/model.sdf
[55.318s] -- Symlinking: /home/maria/rmf_ws/install/project_maps/share/project_maps/maps/classroom/nav_graphs/0.yaml
[55.332s] -- Symlinking: /home/maria/rmf_ws/install/project_maps/share/project_maps/maps/classroom/nav_graphs/1.yaml
[55.346s] -- Symlinking: /home/maria/rmf_ws/install/project_maps/share/project_maps/maps/estce/estce.world
[55.360s] -- Symlinking: /home/maria/rmf_ws/install/project_maps/share/project_maps/maps/estce/models/estce_L1/meshes/blue_linoleum.png
[55.373s] -- Symlinking: /home/maria/rmf_ws/install/project_maps/share/project_maps/maps/estce/models/estce_L1/meshes/default.png
[55.386s] -- Symlinking: /home/maria/rmf_ws/install/project_maps/share/project_maps/maps/estce/models/estce_L1/meshes/floor_1.mtl
[55.399s] -- Symlinking: /home/maria/rmf_ws/install/project_maps/share/project_maps/maps/estce/models/estce_L1/meshes/floor_1.obj
[55.411s] -- Symlinking: /home/maria/rmf_ws/install/project_maps/share/project_maps/maps/estce/models/estce_L1/meshes/model.material
[55.423s] -- Symlinking: /home/maria/rmf_ws/install/project_maps/share/project_maps/maps/estce/models/estce_L1/meshes/wall_1.mtl
[55.435s] -- Symlinking: /home/maria/rmf_ws/install/project_maps/share/project_maps/maps/estce/models/estce_L1/meshes/wall_1.obj
[55.447s] -- Symlinking: /home/maria/rmf_ws/install/project_maps/share/project_maps/maps/estce/models/estce_L1/model.config
[55.459s] -- Symlinking: /home/maria/rmf_ws/install/project_maps/share/project_maps/maps/estce/models/estce_L1/model.sdf
[55.471s] -- Symlinking: /home/maria/rmf_ws/install/project_maps/share/project_maps/maps/estce/models/estce_L2/meshes/blue_linoleum.png
[55.483s] -- Symlinking: /home/maria/rmf_ws/install/project_maps/share/project_maps/maps/estce/models/estce_L2/meshes/default.png
[55.493s] -- Symlinking: /home/maria/rmf_ws/install/project_maps/share/project_maps/maps/estce/models/estce_L2/meshes/floor_1.mtl
[55.505s] -- Symlinking: /home/maria/rmf_ws/install/project_maps/share/project_maps/maps/estce/models/estce_L2/meshes/floor_1.obj
[55.516s] -- Symlinking: /home/maria/rmf_ws/install/project_maps/share/project_maps/maps/estce/models/estce_L2/meshes/model.material
[55.529s] -- Symlinking: /home/maria/rmf_ws/install/project_maps/share/project_maps/maps/estce/models/estce_L2/meshes/wall_1.mtl
[55.541s] -- Symlinking: /home/maria/rmf_ws/install/project_maps/share/project_maps/maps/estce/models/estce_L2/meshes/wall_1.obj
[55.553s] -- Symlinking: /home/maria/rmf_ws/install/project_maps/share/project_maps/maps/estce/models/estce_L2/model.config
[55.564s] -- Symlinking: /home/maria/rmf_ws/install/project_maps/share/project_maps/maps/estce/models/estce_L2/model.sdf
[55.575s] -- Symlinking: /home/maria/rmf_ws/install/project_maps/share/project_maps/maps/estce/nav_graphs/0.yaml
[55.586s] -- Symlinking: /home/maria/rmf_ws/install/project_maps/share/project_maps/maps/estce/nav_graphs/1.yaml
[55.598s] -- Symlinking: /home/maria/rmf_ws/install/project_maps/share/project_maps/maps/estce/nav_graphs/2.yaml
[55.610s] -- Symlinking: /home/maria/rmf_ws/install/project_maps/share/project_maps/maps/test1/models/test1_L1/meshes/blue_linoleum.png
[55.620s] -- Symlinking: /home/maria/rmf_ws/install/project_maps/share/project_maps/maps/test1/models/test1_L1/meshes/default.png
[55.631s] -- Symlinking: /home/maria/rmf_ws/install/project_maps/share/project_maps/maps/test1/models/test1_L1/meshes/floor_1.mtl
[55.642s] -- Symlinking: /home/maria/rmf_ws/install/project_maps/share/project_maps/maps/test1/models/test1_L1/meshes/floor_1.obj
[55.652s] -- Symlinking: /home/maria/rmf_ws/install/project_maps/share/project_maps/maps/test1/models/test1_L1/meshes/model.material
[55.664s] -- Symlinking: /home/maria/rmf_ws/install/project_maps/share/project_maps/maps/test1/models/test1_L1/meshes/wall_1.mtl
[55.675s] -- Symlinking: /home/maria/rmf_ws/install/project_maps/share/project_maps/maps/test1/models/test1_L1/meshes/wall_1.obj
[55.686s] -- Symlinking: /home/maria/rmf_ws/install/project_maps/share/project_maps/maps/test1/models/test1_L1/model.config
[55.697s] -- Symlinking: /home/maria/rmf_ws/install/project_maps/share/project_maps/maps/test1/models/test1_L1/model.sdf
[55.708s] -- Symlinking: /home/maria/rmf_ws/install/project_maps/share/project_maps/maps/test1/models/test1_L2/meshes/blue_linoleum.png
[55.718s] -- Symlinking: /home/maria/rmf_ws/install/project_maps/share/project_maps/maps/test1/models/test1_L2/meshes/default.png
[55.729s] -- Symlinking: /home/maria/rmf_ws/install/project_maps/share/project_maps/maps/test1/models/test1_L2/meshes/floor_1.mtl
[55.740s] -- Symlinking: /home/maria/rmf_ws/install/project_maps/share/project_maps/maps/test1/models/test1_L2/meshes/floor_1.obj
[55.750s] -- Symlinking: /home/maria/rmf_ws/install/project_maps/share/project_maps/maps/test1/models/test1_L2/meshes/model.material
[55.762s] -- Symlinking: /home/maria/rmf_ws/install/project_maps/share/project_maps/maps/test1/models/test1_L2/meshes/wall_1.mtl
[55.773s] -- Symlinking: /home/maria/rmf_ws/install/project_maps/share/project_maps/maps/test1/models/test1_L2/meshes/wall_1.obj
[55.783s] -- Symlinking: /home/maria/rmf_ws/install/project_maps/share/project_maps/maps/test1/models/test1_L2/model.config
[55.793s] -- Symlinking: /home/maria/rmf_ws/install/project_maps/share/project_maps/maps/test1/models/test1_L2/model.sdf
[55.804s] -- Symlinking: /home/maria/rmf_ws/install/project_maps/share/project_maps/maps/test1/nav_graphs/0.yaml
[55.814s] -- Symlinking: /home/maria/rmf_ws/install/project_maps/share/project_maps/maps/test1/test1.world
[55.827s] Invoked command in '/home/maria/rmf_ws/build/project_maps' returned '0': CMAKE_PREFIX_PATH=/rmf_demos_ws/install/rmf_workcell_msgs:/rmf_demos_ws/install/rmf_demos_gz:/rmf_demos_ws/install/rmf_demos:/rmf_demos_ws/install/rmf_reservation_node:/rmf_demos_ws/install/rmf_fleet_adapter_python:/rmf_demos_ws/install/rmf_fleet_adapter:/rmf_demos_ws/install/rmf_task_ros2:/rmf_demos_ws/install/rmf_websocket:/rmf_demos_ws/install/rmf_visualization:/rmf_demos_ws/install/rmf_visualization_schedule:/rmf_demos_ws/install/rmf_visualization_rviz2_plugins:/rmf_demos_ws/install/rmf_visualization_obstacles:/rmf_demos_ws/install/rmf_visualization_navgraphs:/rmf_demos_ws/install/rmf_visualization_floorplans:/rmf_demos_ws/install/rmf_visualization_fleet_states:/rmf_demos_ws/install/rmf_visualization_msgs:/rmf_demos_ws/install/rmf_traffic_ros2:/rmf_demos_ws/install/rmf_task_sequence:/rmf_demos_ws/install/rmf_task:/rmf_demos_ws/install/rmf_battery:/rmf_demos_ws/install/rmf_traffic:/rmf_demos_ws/install/rmf_utils:/rmf_demos_ws/install/rmf_traffic_msgs:/rmf_demos_ws/install/rmf_traffic_editor_test_maps:/rmf_demos_ws/install/rmf_traffic_editor_assets:/rmf_demos_ws/install/rmf_traffic_editor:/rmf_demos_ws/install/rmf_task_msgs:/rmf_demos_ws/install/rmf_site_map_msgs:/rmf_demos_ws/install/rmf_scheduler_msgs:/rmf_demos_ws/install/rmf_robot_sim_gz_plugins:/rmf_demos_ws/install/rmf_robot_sim_common:/rmf_demos_ws/install/rmf_reservation_msgs:/rmf_demos_ws/install/rmf_obstacle_msgs:/rmf_demos_ws/install/rmf_building_sim_gz_plugins:/rmf_demos_ws/install/rmf_lift_msgs:/rmf_demos_ws/install/rmf_ingestor_msgs:/rmf_demos_ws/install/rmf_fleet_msgs:/rmf_demos_ws/install/rmf_door_msgs:/rmf_demos_ws/install/rmf_dispenser_msgs:/rmf_demos_ws/install/rmf_demos_maps:/rmf_demos_ws/install/rmf_demos_assets:/rmf_demos_ws/install/rmf_charger_msgs:/rmf_demos_ws/install/rmf_building_map_msgs:/rmf_demos_ws/install/rmf_api_msgs:/rmf_demos_ws/install/nlohmann_json_schema_validator_vendor:/rmf_demos_ws/install/rmf_demos_fleet_adapter:/rmf_demos_ws/install/rmf_visualization_building_systems:/rmf_demos_ws/install/rmf_traffic_examples:/rmf_demos_ws/install/rmf_demos_bridges:/rmf_demos_ws/install/rmf_demos_tasks:/rmf_demos_ws/install/rmf_building_map_tools:/rmf_demos_ws/install/rmf_charging_schedule:/opt/ros/jazzy:/rmf_demos_ws/install/menge_vendor:/rmf_demos_ws/install/ament_cmake_catch2:/opt/ros/jazzy/opt/gz_sim_vendor:/opt/ros/jazzy/opt/gz_sensors_vendor:/opt/ros/jazzy/opt/gz_physics_vendor:/opt/ros/jazzy/opt/sdformat_vendor:/opt/ros/jazzy/opt/gz_gui_vendor:/opt/ros/jazzy/opt/gz_transport_vendor:/opt/ros/jazzy/opt/gz_rendering_vendor:/opt/ros/jazzy/opt/gz_plugin_vendor:/opt/ros/jazzy/opt/gz_fuel_tools_vendor:/opt/ros/jazzy/opt/gz_msgs_vendor:/opt/ros/jazzy/opt/gz_common_vendor:/opt/ros/jazzy/opt/gz_math_vendor:/opt/ros/jazzy/opt/gz_utils_vendor:/opt/ros/jazzy/opt/gz_tools_vendor:/opt/ros/jazzy/opt/gz_ogre_next_vendor:/opt/ros/jazzy/opt/gz_dartsim_vendor:/opt/ros/jazzy/opt/gz_cmake_vendor /usr/bin/cmake --install /home/maria/rmf_ws/build/project_maps
