[0.077s] DEBUG:colcon:Command line arguments: ['/usr/bin/colcon', 'build', '--symlink-install']
[0.077s] DEBUG:colcon:Parsed command line arguments: Namespace(log_base=None, log_level=None, verb_name='build', build_base='build', install_base='install', merge_install=False, symlink_install=True, test_result_base=None, continue_on_error=False, executor='parallel', parallel_workers=8, event_handlers=None, ignore_user_meta=False, metas=['./colcon.meta'], base_paths=['.'], packages_ignore=None, packages_ignore_regex=None, paths=None, packages_up_to=None, packages_up_to_regex=None, packages_above=None, packages_above_and_dependencies=None, packages_above_depth=None, packages_select_by_dep=None, packages_skip_by_dep=None, packages_skip_up_to=None, packages_select_build_failed=False, packages_skip_build_finished=False, packages_select_test_failures=False, packages_skip_test_passed=False, packages_select=None, packages_skip=None, packages_select_regex=None, packages_skip_regex=None, packages_start=None, packages_end=None, cmake_args=None, cmake_target=None, cmake_target_skip_unavailable=False, cmake_clean_cache=False, cmake_clean_first=False, cmake_force_configure=False, ament_cmake_args=None, catkin_cmake_args=None, catkin_skip_building_tests=False, mixin_files=None, mixin=None, verb_parser=<colcon_mixin.mixin.mixin_argument.MixinArgumentDecorator object at 0x7aa66b083770>, verb_extension=<colcon_core.verb.build.BuildVerb object at 0x7aa66b083440>, main=<bound method BuildVerb.main of <colcon_core.verb.build.BuildVerb object at 0x7aa66b083440>>, mixin_verb=('build',))
[0.106s] Level 1:colcon.colcon_core.package_discovery:discover_packages(colcon_meta) check parameters
[0.106s] Level 1:colcon.colcon_core.package_discovery:discover_packages(recursive) check parameters
[0.106s] Level 1:colcon.colcon_core.package_discovery:discover_packages(ignore) check parameters
[0.106s] Level 1:colcon.colcon_core.package_discovery:discover_packages(path) check parameters
[0.106s] Level 1:colcon.colcon_core.package_discovery:discover_packages(colcon_meta) discover
[0.106s] Level 1:colcon.colcon_core.package_discovery:discover_packages(recursive) discover
[0.106s] INFO:colcon.colcon_core.package_discovery:Crawling recursively for packages in '/home/maria/rmf_ws'
[0.106s] Level 1:colcon.colcon_core.package_identification:_identify(.) by extensions ['ignore', 'ignore_ament_install']
[0.106s] Level 1:colcon.colcon_core.package_identification:_identify(.) by extension 'ignore'
[0.106s] Level 1:colcon.colcon_core.package_identification:_identify(.) by extension 'ignore_ament_install'
[0.106s] Level 1:colcon.colcon_core.package_identification:_identify(.) by extensions ['colcon_pkg']
[0.106s] Level 1:colcon.colcon_core.package_identification:_identify(.) by extension 'colcon_pkg'
[0.106s] Level 1:colcon.colcon_core.package_identification:_identify(.) by extensions ['colcon_meta']
[0.106s] Level 1:colcon.colcon_core.package_identification:_identify(.) by extension 'colcon_meta'
[0.106s] Level 1:colcon.colcon_core.package_identification:_identify(.) by extensions ['ros']
[0.106s] Level 1:colcon.colcon_core.package_identification:_identify(.) by extension 'ros'
[0.124s] Level 1:colcon.colcon_core.package_identification:_identify(.) by extensions ['cmake', 'python']
[0.124s] Level 1:colcon.colcon_core.package_identification:_identify(.) by extension 'cmake'
[0.124s] Level 1:colcon.colcon_core.package_identification:_identify(.) by extension 'python'
[0.124s] Level 1:colcon.colcon_core.package_identification:_identify(.) by extensions ['python_setup_py']
[0.124s] Level 1:colcon.colcon_core.package_identification:_identify(.) by extension 'python_setup_py'
[0.124s] Level 1:colcon.colcon_core.package_identification:_identify(build) by extensions ['ignore', 'ignore_ament_install']
[0.124s] Level 1:colcon.colcon_core.package_identification:_identify(build) by extension 'ignore'
[0.124s] Level 1:colcon.colcon_core.package_identification:_identify(build) ignored
[0.125s] Level 1:colcon.colcon_core.package_identification:_identify(install) by extensions ['ignore', 'ignore_ament_install']
[0.125s] Level 1:colcon.colcon_core.package_identification:_identify(install) by extension 'ignore'
[0.125s] Level 1:colcon.colcon_core.package_identification:_identify(install) ignored
[0.125s] Level 1:colcon.colcon_core.package_identification:_identify(log) by extensions ['ignore', 'ignore_ament_install']
[0.125s] Level 1:colcon.colcon_core.package_identification:_identify(log) by extension 'ignore'
[0.125s] Level 1:colcon.colcon_core.package_identification:_identify(log) ignored
[0.125s] Level 1:colcon.colcon_core.package_identification:_identify(src) by extensions ['ignore', 'ignore_ament_install']
[0.125s] Level 1:colcon.colcon_core.package_identification:_identify(src) by extension 'ignore'
[0.125s] Level 1:colcon.colcon_core.package_identification:_identify(src) by extension 'ignore_ament_install'
[0.125s] Level 1:colcon.colcon_core.package_identification:_identify(src) by extensions ['colcon_pkg']
[0.125s] Level 1:colcon.colcon_core.package_identification:_identify(src) by extension 'colcon_pkg'
[0.125s] Level 1:colcon.colcon_core.package_identification:_identify(src) by extensions ['colcon_meta']
[0.125s] Level 1:colcon.colcon_core.package_identification:_identify(src) by extension 'colcon_meta'
[0.125s] Level 1:colcon.colcon_core.package_identification:_identify(src) by extensions ['ros']
[0.125s] Level 1:colcon.colcon_core.package_identification:_identify(src) by extension 'ros'
[0.125s] Level 1:colcon.colcon_core.package_identification:_identify(src) by extensions ['cmake', 'python']
[0.125s] Level 1:colcon.colcon_core.package_identification:_identify(src) by extension 'cmake'
[0.125s] Level 1:colcon.colcon_core.package_identification:_identify(src) by extension 'python'
[0.125s] Level 1:colcon.colcon_core.package_identification:_identify(src) by extensions ['python_setup_py']
[0.125s] Level 1:colcon.colcon_core.package_identification:_identify(src) by extension 'python_setup_py'
[0.125s] Level 1:colcon.colcon_core.package_identification:_identify(src/first_project) by extensions ['ignore', 'ignore_ament_install']
[0.125s] Level 1:colcon.colcon_core.package_identification:_identify(src/first_project) by extension 'ignore'
[0.125s] Level 1:colcon.colcon_core.package_identification:_identify(src/first_project) by extension 'ignore_ament_install'
[0.125s] Level 1:colcon.colcon_core.package_identification:_identify(src/first_project) by extensions ['colcon_pkg']
[0.125s] Level 1:colcon.colcon_core.package_identification:_identify(src/first_project) by extension 'colcon_pkg'
[0.125s] Level 1:colcon.colcon_core.package_identification:_identify(src/first_project) by extensions ['colcon_meta']
[0.125s] Level 1:colcon.colcon_core.package_identification:_identify(src/first_project) by extension 'colcon_meta'
[0.125s] Level 1:colcon.colcon_core.package_identification:_identify(src/first_project) by extensions ['ros']
[0.125s] Level 1:colcon.colcon_core.package_identification:_identify(src/first_project) by extension 'ros'
[0.127s] DEBUG:colcon.colcon_core.package_identification:Package 'src/first_project' with type 'ros.ament_cmake' and name 'first_project'
[0.128s] Level 1:colcon.colcon_core.package_identification:_identify(src/large_project) by extensions ['ignore', 'ignore_ament_install']
[0.128s] Level 1:colcon.colcon_core.package_identification:_identify(src/large_project) by extension 'ignore'
[0.128s] Level 1:colcon.colcon_core.package_identification:_identify(src/large_project) by extension 'ignore_ament_install'
[0.128s] Level 1:colcon.colcon_core.package_identification:_identify(src/large_project) by extensions ['colcon_pkg']
[0.128s] Level 1:colcon.colcon_core.package_identification:_identify(src/large_project) by extension 'colcon_pkg'
[0.128s] Level 1:colcon.colcon_core.package_identification:_identify(src/large_project) by extensions ['colcon_meta']
[0.128s] Level 1:colcon.colcon_core.package_identification:_identify(src/large_project) by extension 'colcon_meta'
[0.128s] Level 1:colcon.colcon_core.package_identification:_identify(src/large_project) by extensions ['ros']
[0.128s] Level 1:colcon.colcon_core.package_identification:_identify(src/large_project) by extension 'ros'
[0.129s] DEBUG:colcon.colcon_core.package_identification:Package 'src/large_project' with type 'ros.ament_cmake' and name 'large_project'
[0.129s] Level 1:colcon.colcon_core.package_identification:_identify(src/project) by extensions ['ignore', 'ignore_ament_install']
[0.129s] Level 1:colcon.colcon_core.package_identification:_identify(src/project) by extension 'ignore'
[0.129s] Level 1:colcon.colcon_core.package_identification:_identify(src/project) by extension 'ignore_ament_install'
[0.129s] Level 1:colcon.colcon_core.package_identification:_identify(src/project) by extensions ['colcon_pkg']
[0.129s] Level 1:colcon.colcon_core.package_identification:_identify(src/project) by extension 'colcon_pkg'
[0.129s] Level 1:colcon.colcon_core.package_identification:_identify(src/project) by extensions ['colcon_meta']
[0.129s] Level 1:colcon.colcon_core.package_identification:_identify(src/project) by extension 'colcon_meta'
[0.129s] Level 1:colcon.colcon_core.package_identification:_identify(src/project) by extensions ['ros']
[0.129s] Level 1:colcon.colcon_core.package_identification:_identify(src/project) by extension 'ros'
[0.129s] Level 1:colcon.colcon_core.package_identification:_identify(src/project) by extensions ['cmake', 'python']
[0.129s] Level 1:colcon.colcon_core.package_identification:_identify(src/project) by extension 'cmake'
[0.129s] Level 1:colcon.colcon_core.package_identification:_identify(src/project) by extension 'python'
[0.129s] Level 1:colcon.colcon_core.package_identification:_identify(src/project) by extensions ['python_setup_py']
[0.129s] Level 1:colcon.colcon_core.package_identification:_identify(src/project) by extension 'python_setup_py'
[0.130s] Level 1:colcon.colcon_core.package_identification:_identify(src/project/project_assets) by extensions ['ignore', 'ignore_ament_install']
[0.130s] Level 1:colcon.colcon_core.package_identification:_identify(src/project/project_assets) by extension 'ignore'
[0.130s] Level 1:colcon.colcon_core.package_identification:_identify(src/project/project_assets) by extension 'ignore_ament_install'
[0.130s] Level 1:colcon.colcon_core.package_identification:_identify(src/project/project_assets) by extensions ['colcon_pkg']
[0.130s] Level 1:colcon.colcon_core.package_identification:_identify(src/project/project_assets) by extension 'colcon_pkg'
[0.130s] Level 1:colcon.colcon_core.package_identification:_identify(src/project/project_assets) by extensions ['colcon_meta']
[0.130s] Level 1:colcon.colcon_core.package_identification:_identify(src/project/project_assets) by extension 'colcon_meta'
[0.130s] Level 1:colcon.colcon_core.package_identification:_identify(src/project/project_assets) by extensions ['ros']
[0.130s] Level 1:colcon.colcon_core.package_identification:_identify(src/project/project_assets) by extension 'ros'
[0.130s] DEBUG:colcon.colcon_core.package_identification:Package 'src/project/project_assets' with type 'ros.ament_cmake' and name 'project_assets'
[0.131s] Level 1:colcon.colcon_core.package_identification:_identify(src/project/project_config) by extensions ['ignore', 'ignore_ament_install']
[0.131s] Level 1:colcon.colcon_core.package_identification:_identify(src/project/project_config) by extension 'ignore'
[0.131s] Level 1:colcon.colcon_core.package_identification:_identify(src/project/project_config) by extension 'ignore_ament_install'
[0.131s] Level 1:colcon.colcon_core.package_identification:_identify(src/project/project_config) by extensions ['colcon_pkg']
[0.131s] Level 1:colcon.colcon_core.package_identification:_identify(src/project/project_config) by extension 'colcon_pkg'
[0.131s] Level 1:colcon.colcon_core.package_identification:_identify(src/project/project_config) by extensions ['colcon_meta']
[0.131s] Level 1:colcon.colcon_core.package_identification:_identify(src/project/project_config) by extension 'colcon_meta'
[0.131s] Level 1:colcon.colcon_core.package_identification:_identify(src/project/project_config) by extensions ['ros']
[0.131s] Level 1:colcon.colcon_core.package_identification:_identify(src/project/project_config) by extension 'ros'
[0.131s] DEBUG:colcon.colcon_core.package_identification:Package 'src/project/project_config' with type 'ros.ament_cmake' and name 'project_config'
[0.132s] Level 1:colcon.colcon_core.package_identification:_identify(src/project/project_fleet_adapter) by extensions ['ignore', 'ignore_ament_install']
[0.132s] Level 1:colcon.colcon_core.package_identification:_identify(src/project/project_fleet_adapter) by extension 'ignore'
[0.132s] Level 1:colcon.colcon_core.package_identification:_identify(src/project/project_fleet_adapter) by extension 'ignore_ament_install'
[0.132s] Level 1:colcon.colcon_core.package_identification:_identify(src/project/project_fleet_adapter) by extensions ['colcon_pkg']
[0.132s] Level 1:colcon.colcon_core.package_identification:_identify(src/project/project_fleet_adapter) by extension 'colcon_pkg'
[0.132s] Level 1:colcon.colcon_core.package_identification:_identify(src/project/project_fleet_adapter) by extensions ['colcon_meta']
[0.132s] Level 1:colcon.colcon_core.package_identification:_identify(src/project/project_fleet_adapter) by extension 'colcon_meta'
[0.132s] Level 1:colcon.colcon_core.package_identification:_identify(src/project/project_fleet_adapter) by extensions ['ros']
[0.132s] Level 1:colcon.colcon_core.package_identification:_identify(src/project/project_fleet_adapter) by extension 'ros'
[0.133s] DEBUG:colcon.colcon_core.package_identification:Package 'src/project/project_fleet_adapter' with type 'ros.ament_python' and name 'project_fleet_adapter'
[0.133s] Level 1:colcon.colcon_core.package_identification:_identify(src/project/project_maps) by extensions ['ignore', 'ignore_ament_install']
[0.133s] Level 1:colcon.colcon_core.package_identification:_identify(src/project/project_maps) by extension 'ignore'
[0.133s] Level 1:colcon.colcon_core.package_identification:_identify(src/project/project_maps) by extension 'ignore_ament_install'
[0.133s] Level 1:colcon.colcon_core.package_identification:_identify(src/project/project_maps) by extensions ['colcon_pkg']
[0.133s] Level 1:colcon.colcon_core.package_identification:_identify(src/project/project_maps) by extension 'colcon_pkg'
[0.133s] Level 1:colcon.colcon_core.package_identification:_identify(src/project/project_maps) by extensions ['colcon_meta']
[0.133s] Level 1:colcon.colcon_core.package_identification:_identify(src/project/project_maps) by extension 'colcon_meta'
[0.133s] Level 1:colcon.colcon_core.package_identification:_identify(src/project/project_maps) by extensions ['ros']
[0.133s] Level 1:colcon.colcon_core.package_identification:_identify(src/project/project_maps) by extension 'ros'
[0.134s] DEBUG:colcon.colcon_core.package_identification:Package 'src/project/project_maps' with type 'ros.ament_cmake' and name 'project_maps'
[0.134s] Level 1:colcon.colcon_core.package_identification:_identify(src/project/project_simulation) by extensions ['ignore', 'ignore_ament_install']
[0.134s] Level 1:colcon.colcon_core.package_identification:_identify(src/project/project_simulation) by extension 'ignore'
[0.134s] Level 1:colcon.colcon_core.package_identification:_identify(src/project/project_simulation) by extension 'ignore_ament_install'
[0.134s] Level 1:colcon.colcon_core.package_identification:_identify(src/project/project_simulation) by extensions ['colcon_pkg']
[0.134s] Level 1:colcon.colcon_core.package_identification:_identify(src/project/project_simulation) by extension 'colcon_pkg'
[0.134s] Level 1:colcon.colcon_core.package_identification:_identify(src/project/project_simulation) by extensions ['colcon_meta']
[0.134s] Level 1:colcon.colcon_core.package_identification:_identify(src/project/project_simulation) by extension 'colcon_meta'
[0.134s] Level 1:colcon.colcon_core.package_identification:_identify(src/project/project_simulation) by extensions ['ros']
[0.134s] Level 1:colcon.colcon_core.package_identification:_identify(src/project/project_simulation) by extension 'ros'
[0.135s] DEBUG:colcon.colcon_core.package_identification:Package 'src/project/project_simulation' with type 'ros.ament_cmake' and name 'project_simulation'
[0.135s] Level 1:colcon.colcon_core.package_identification:_identify(src/project/project_tasks) by extensions ['ignore', 'ignore_ament_install']
[0.135s] Level 1:colcon.colcon_core.package_identification:_identify(src/project/project_tasks) by extension 'ignore'
[0.135s] Level 1:colcon.colcon_core.package_identification:_identify(src/project/project_tasks) by extension 'ignore_ament_install'
[0.135s] Level 1:colcon.colcon_core.package_identification:_identify(src/project/project_tasks) by extensions ['colcon_pkg']
[0.135s] Level 1:colcon.colcon_core.package_identification:_identify(src/project/project_tasks) by extension 'colcon_pkg'
[0.135s] Level 1:colcon.colcon_core.package_identification:_identify(src/project/project_tasks) by extensions ['colcon_meta']
[0.135s] Level 1:colcon.colcon_core.package_identification:_identify(src/project/project_tasks) by extension 'colcon_meta'
[0.135s] Level 1:colcon.colcon_core.package_identification:_identify(src/project/project_tasks) by extensions ['ros']
[0.135s] Level 1:colcon.colcon_core.package_identification:_identify(src/project/project_tasks) by extension 'ros'
[0.136s] DEBUG:colcon.colcon_core.package_identification:Package 'src/project/project_tasks' with type 'ros.ament_python' and name 'project_tasks'
[0.136s] Level 1:colcon.colcon_core.package_identification:_identify(src/rmf_simulation) by extensions ['ignore', 'ignore_ament_install']
[0.136s] Level 1:colcon.colcon_core.package_identification:_identify(src/rmf_simulation) by extension 'ignore'
[0.136s] Level 1:colcon.colcon_core.package_identification:_identify(src/rmf_simulation) by extension 'ignore_ament_install'
[0.136s] Level 1:colcon.colcon_core.package_identification:_identify(src/rmf_simulation) by extensions ['colcon_pkg']
[0.136s] Level 1:colcon.colcon_core.package_identification:_identify(src/rmf_simulation) by extension 'colcon_pkg'
[0.136s] Level 1:colcon.colcon_core.package_identification:_identify(src/rmf_simulation) by extensions ['colcon_meta']
[0.136s] Level 1:colcon.colcon_core.package_identification:_identify(src/rmf_simulation) by extension 'colcon_meta'
[0.136s] Level 1:colcon.colcon_core.package_identification:_identify(src/rmf_simulation) by extensions ['ros']
[0.136s] Level 1:colcon.colcon_core.package_identification:_identify(src/rmf_simulation) by extension 'ros'
[0.136s] Level 1:colcon.colcon_core.package_identification:_identify(src/rmf_simulation) by extensions ['cmake', 'python']
[0.136s] Level 1:colcon.colcon_core.package_identification:_identify(src/rmf_simulation) by extension 'cmake'
[0.136s] Level 1:colcon.colcon_core.package_identification:_identify(src/rmf_simulation) by extension 'python'
[0.136s] Level 1:colcon.colcon_core.package_identification:_identify(src/rmf_simulation) by extensions ['python_setup_py']
[0.136s] Level 1:colcon.colcon_core.package_identification:_identify(src/rmf_simulation) by extension 'python_setup_py'
[0.137s] Level 1:colcon.colcon_core.package_identification:_identify(src/rmf_simulation/docs) by extensions ['ignore', 'ignore_ament_install']
[0.137s] Level 1:colcon.colcon_core.package_identification:_identify(src/rmf_simulation/docs) by extension 'ignore'
[0.137s] Level 1:colcon.colcon_core.package_identification:_identify(src/rmf_simulation/docs) by extension 'ignore_ament_install'
[0.137s] Level 1:colcon.colcon_core.package_identification:_identify(src/rmf_simulation/docs) by extensions ['colcon_pkg']
[0.137s] Level 1:colcon.colcon_core.package_identification:_identify(src/rmf_simulation/docs) by extension 'colcon_pkg'
[0.137s] Level 1:colcon.colcon_core.package_identification:_identify(src/rmf_simulation/docs) by extensions ['colcon_meta']
[0.137s] Level 1:colcon.colcon_core.package_identification:_identify(src/rmf_simulation/docs) by extension 'colcon_meta'
[0.137s] Level 1:colcon.colcon_core.package_identification:_identify(src/rmf_simulation/docs) by extensions ['ros']
[0.137s] Level 1:colcon.colcon_core.package_identification:_identify(src/rmf_simulation/docs) by extension 'ros'
[0.137s] Level 1:colcon.colcon_core.package_identification:_identify(src/rmf_simulation/docs) by extensions ['cmake', 'python']
[0.137s] Level 1:colcon.colcon_core.package_identification:_identify(src/rmf_simulation/docs) by extension 'cmake'
[0.137s] Level 1:colcon.colcon_core.package_identification:_identify(src/rmf_simulation/docs) by extension 'python'
[0.137s] Level 1:colcon.colcon_core.package_identification:_identify(src/rmf_simulation/docs) by extensions ['python_setup_py']
[0.137s] Level 1:colcon.colcon_core.package_identification:_identify(src/rmf_simulation/docs) by extension 'python_setup_py'
[0.138s] Level 1:colcon.colcon_core.package_identification:_identify(src/rmf_simulation/rmf_building_sim_gz_plugins) by extensions ['ignore', 'ignore_ament_install']
[0.138s] Level 1:colcon.colcon_core.package_identification:_identify(src/rmf_simulation/rmf_building_sim_gz_plugins) by extension 'ignore'
[0.138s] Level 1:colcon.colcon_core.package_identification:_identify(src/rmf_simulation/rmf_building_sim_gz_plugins) by extension 'ignore_ament_install'
[0.138s] Level 1:colcon.colcon_core.package_identification:_identify(src/rmf_simulation/rmf_building_sim_gz_plugins) by extensions ['colcon_pkg']
[0.138s] Level 1:colcon.colcon_core.package_identification:_identify(src/rmf_simulation/rmf_building_sim_gz_plugins) by extension 'colcon_pkg'
[0.138s] Level 1:colcon.colcon_core.package_identification:_identify(src/rmf_simulation/rmf_building_sim_gz_plugins) by extensions ['colcon_meta']
[0.138s] Level 1:colcon.colcon_core.package_identification:_identify(src/rmf_simulation/rmf_building_sim_gz_plugins) by extension 'colcon_meta'
[0.138s] Level 1:colcon.colcon_core.package_identification:_identify(src/rmf_simulation/rmf_building_sim_gz_plugins) by extensions ['ros']
[0.138s] Level 1:colcon.colcon_core.package_identification:_identify(src/rmf_simulation/rmf_building_sim_gz_plugins) by extension 'ros'
[0.139s] DEBUG:colcon.colcon_core.package_identification:Package 'src/rmf_simulation/rmf_building_sim_gz_plugins' with type 'ros.ament_cmake' and name 'rmf_building_sim_gz_plugins'
[0.139s] Level 1:colcon.colcon_core.package_identification:_identify(src/rmf_simulation/rmf_robot_sim_common) by extensions ['ignore', 'ignore_ament_install']
[0.139s] Level 1:colcon.colcon_core.package_identification:_identify(src/rmf_simulation/rmf_robot_sim_common) by extension 'ignore'
[0.139s] Level 1:colcon.colcon_core.package_identification:_identify(src/rmf_simulation/rmf_robot_sim_common) by extension 'ignore_ament_install'
[0.139s] Level 1:colcon.colcon_core.package_identification:_identify(src/rmf_simulation/rmf_robot_sim_common) by extensions ['colcon_pkg']
[0.139s] Level 1:colcon.colcon_core.package_identification:_identify(src/rmf_simulation/rmf_robot_sim_common) by extension 'colcon_pkg'
[0.139s] Level 1:colcon.colcon_core.package_identification:_identify(src/rmf_simulation/rmf_robot_sim_common) by extensions ['colcon_meta']
[0.139s] Level 1:colcon.colcon_core.package_identification:_identify(src/rmf_simulation/rmf_robot_sim_common) by extension 'colcon_meta'
[0.139s] Level 1:colcon.colcon_core.package_identification:_identify(src/rmf_simulation/rmf_robot_sim_common) by extensions ['ros']
[0.139s] Level 1:colcon.colcon_core.package_identification:_identify(src/rmf_simulation/rmf_robot_sim_common) by extension 'ros'
[0.140s] DEBUG:colcon.colcon_core.package_identification:Package 'src/rmf_simulation/rmf_robot_sim_common' with type 'ros.ament_cmake' and name 'rmf_robot_sim_common'
[0.140s] Level 1:colcon.colcon_core.package_identification:_identify(src/rmf_simulation/rmf_robot_sim_gz_plugins) by extensions ['ignore', 'ignore_ament_install']
[0.140s] Level 1:colcon.colcon_core.package_identification:_identify(src/rmf_simulation/rmf_robot_sim_gz_plugins) by extension 'ignore'
[0.140s] Level 1:colcon.colcon_core.package_identification:_identify(src/rmf_simulation/rmf_robot_sim_gz_plugins) by extension 'ignore_ament_install'
[0.140s] Level 1:colcon.colcon_core.package_identification:_identify(src/rmf_simulation/rmf_robot_sim_gz_plugins) by extensions ['colcon_pkg']
[0.140s] Level 1:colcon.colcon_core.package_identification:_identify(src/rmf_simulation/rmf_robot_sim_gz_plugins) by extension 'colcon_pkg'
[0.140s] Level 1:colcon.colcon_core.package_identification:_identify(src/rmf_simulation/rmf_robot_sim_gz_plugins) by extensions ['colcon_meta']
[0.140s] Level 1:colcon.colcon_core.package_identification:_identify(src/rmf_simulation/rmf_robot_sim_gz_plugins) by extension 'colcon_meta'
[0.140s] Level 1:colcon.colcon_core.package_identification:_identify(src/rmf_simulation/rmf_robot_sim_gz_plugins) by extensions ['ros']
[0.141s] Level 1:colcon.colcon_core.package_identification:_identify(src/rmf_simulation/rmf_robot_sim_gz_plugins) by extension 'ros'
[0.141s] DEBUG:colcon.colcon_core.package_identification:Package 'src/rmf_simulation/rmf_robot_sim_gz_plugins' with type 'ros.ament_cmake' and name 'rmf_robot_sim_gz_plugins'
[0.142s] Level 1:colcon.colcon_core.package_identification:_identify(src/rmf_visualization) by extensions ['ignore', 'ignore_ament_install']
[0.142s] Level 1:colcon.colcon_core.package_identification:_identify(src/rmf_visualization) by extension 'ignore'
[0.142s] Level 1:colcon.colcon_core.package_identification:_identify(src/rmf_visualization) by extension 'ignore_ament_install'
[0.142s] Level 1:colcon.colcon_core.package_identification:_identify(src/rmf_visualization) by extensions ['colcon_pkg']
[0.142s] Level 1:colcon.colcon_core.package_identification:_identify(src/rmf_visualization) by extension 'colcon_pkg'
[0.142s] Level 1:colcon.colcon_core.package_identification:_identify(src/rmf_visualization) by extensions ['colcon_meta']
[0.142s] Level 1:colcon.colcon_core.package_identification:_identify(src/rmf_visualization) by extension 'colcon_meta'
[0.142s] Level 1:colcon.colcon_core.package_identification:_identify(src/rmf_visualization) by extensions ['ros']
[0.142s] Level 1:colcon.colcon_core.package_identification:_identify(src/rmf_visualization) by extension 'ros'
[0.142s] Level 1:colcon.colcon_core.package_identification:_identify(src/rmf_visualization) by extensions ['cmake', 'python']
[0.142s] Level 1:colcon.colcon_core.package_identification:_identify(src/rmf_visualization) by extension 'cmake'
[0.142s] Level 1:colcon.colcon_core.package_identification:_identify(src/rmf_visualization) by extension 'python'
[0.142s] Level 1:colcon.colcon_core.package_identification:_identify(src/rmf_visualization) by extensions ['python_setup_py']
[0.142s] Level 1:colcon.colcon_core.package_identification:_identify(src/rmf_visualization) by extension 'python_setup_py'
[0.142s] Level 1:colcon.colcon_core.package_identification:_identify(src/rmf_visualization/docs) by extensions ['ignore', 'ignore_ament_install']
[0.142s] Level 1:colcon.colcon_core.package_identification:_identify(src/rmf_visualization/docs) by extension 'ignore'
[0.142s] Level 1:colcon.colcon_core.package_identification:_identify(src/rmf_visualization/docs) by extension 'ignore_ament_install'
[0.142s] Level 1:colcon.colcon_core.package_identification:_identify(src/rmf_visualization/docs) by extensions ['colcon_pkg']
[0.142s] Level 1:colcon.colcon_core.package_identification:_identify(src/rmf_visualization/docs) by extension 'colcon_pkg'
[0.142s] Level 1:colcon.colcon_core.package_identification:_identify(src/rmf_visualization/docs) by extensions ['colcon_meta']
[0.142s] Level 1:colcon.colcon_core.package_identification:_identify(src/rmf_visualization/docs) by extension 'colcon_meta'
[0.142s] Level 1:colcon.colcon_core.package_identification:_identify(src/rmf_visualization/docs) by extensions ['ros']
[0.142s] Level 1:colcon.colcon_core.package_identification:_identify(src/rmf_visualization/docs) by extension 'ros'
[0.142s] Level 1:colcon.colcon_core.package_identification:_identify(src/rmf_visualization/docs) by extensions ['cmake', 'python']
[0.142s] Level 1:colcon.colcon_core.package_identification:_identify(src/rmf_visualization/docs) by extension 'cmake'
[0.142s] Level 1:colcon.colcon_core.package_identification:_identify(src/rmf_visualization/docs) by extension 'python'
[0.143s] Level 1:colcon.colcon_core.package_identification:_identify(src/rmf_visualization/docs) by extensions ['python_setup_py']
[0.143s] Level 1:colcon.colcon_core.package_identification:_identify(src/rmf_visualization/docs) by extension 'python_setup_py'
[0.143s] Level 1:colcon.colcon_core.package_identification:_identify(src/rmf_visualization/docs/media) by extensions ['ignore', 'ignore_ament_install']
[0.143s] Level 1:colcon.colcon_core.package_identification:_identify(src/rmf_visualization/docs/media) by extension 'ignore'
[0.143s] Level 1:colcon.colcon_core.package_identification:_identify(src/rmf_visualization/docs/media) by extension 'ignore_ament_install'
[0.143s] Level 1:colcon.colcon_core.package_identification:_identify(src/rmf_visualization/docs/media) by extensions ['colcon_pkg']
[0.143s] Level 1:colcon.colcon_core.package_identification:_identify(src/rmf_visualization/docs/media) by extension 'colcon_pkg'
[0.143s] Level 1:colcon.colcon_core.package_identification:_identify(src/rmf_visualization/docs/media) by extensions ['colcon_meta']
[0.143s] Level 1:colcon.colcon_core.package_identification:_identify(src/rmf_visualization/docs/media) by extension 'colcon_meta'
[0.143s] Level 1:colcon.colcon_core.package_identification:_identify(src/rmf_visualization/docs/media) by extensions ['ros']
[0.143s] Level 1:colcon.colcon_core.package_identification:_identify(src/rmf_visualization/docs/media) by extension 'ros'
[0.143s] Level 1:colcon.colcon_core.package_identification:_identify(src/rmf_visualization/docs/media) by extensions ['cmake', 'python']
[0.143s] Level 1:colcon.colcon_core.package_identification:_identify(src/rmf_visualization/docs/media) by extension 'cmake'
[0.143s] Level 1:colcon.colcon_core.package_identification:_identify(src/rmf_visualization/docs/media) by extension 'python'
[0.143s] Level 1:colcon.colcon_core.package_identification:_identify(src/rmf_visualization/docs/media) by extensions ['python_setup_py']
[0.143s] Level 1:colcon.colcon_core.package_identification:_identify(src/rmf_visualization/docs/media) by extension 'python_setup_py'
[0.143s] Level 1:colcon.colcon_core.package_identification:_identify(src/rmf_visualization/rmf_visualization) by extensions ['ignore', 'ignore_ament_install']
[0.143s] Level 1:colcon.colcon_core.package_identification:_identify(src/rmf_visualization/rmf_visualization) by extension 'ignore'
[0.143s] Level 1:colcon.colcon_core.package_identification:_identify(src/rmf_visualization/rmf_visualization) by extension 'ignore_ament_install'
[0.143s] Level 1:colcon.colcon_core.package_identification:_identify(src/rmf_visualization/rmf_visualization) by extensions ['colcon_pkg']
[0.143s] Level 1:colcon.colcon_core.package_identification:_identify(src/rmf_visualization/rmf_visualization) by extension 'colcon_pkg'
[0.144s] Level 1:colcon.colcon_core.package_identification:_identify(src/rmf_visualization/rmf_visualization) by extensions ['colcon_meta']
[0.144s] Level 1:colcon.colcon_core.package_identification:_identify(src/rmf_visualization/rmf_visualization) by extension 'colcon_meta'
[0.144s] Level 1:colcon.colcon_core.package_identification:_identify(src/rmf_visualization/rmf_visualization) by extensions ['ros']
[0.144s] Level 1:colcon.colcon_core.package_identification:_identify(src/rmf_visualization/rmf_visualization) by extension 'ros'
[0.144s] DEBUG:colcon.colcon_core.package_identification:Package 'src/rmf_visualization/rmf_visualization' with type 'ros.ament_cmake' and name 'rmf_visualization'
[0.144s] Level 1:colcon.colcon_core.package_identification:_identify(src/rmf_visualization/rmf_visualization_building_systems) by extensions ['ignore', 'ignore_ament_install']
[0.144s] Level 1:colcon.colcon_core.package_identification:_identify(src/rmf_visualization/rmf_visualization_building_systems) by extension 'ignore'
[0.144s] Level 1:colcon.colcon_core.package_identification:_identify(src/rmf_visualization/rmf_visualization_building_systems) by extension 'ignore_ament_install'
[0.144s] Level 1:colcon.colcon_core.package_identification:_identify(src/rmf_visualization/rmf_visualization_building_systems) by extensions ['colcon_pkg']
[0.144s] Level 1:colcon.colcon_core.package_identification:_identify(src/rmf_visualization/rmf_visualization_building_systems) by extension 'colcon_pkg'
[0.144s] Level 1:colcon.colcon_core.package_identification:_identify(src/rmf_visualization/rmf_visualization_building_systems) by extensions ['colcon_meta']
[0.144s] Level 1:colcon.colcon_core.package_identification:_identify(src/rmf_visualization/rmf_visualization_building_systems) by extension 'colcon_meta'
[0.144s] Level 1:colcon.colcon_core.package_identification:_identify(src/rmf_visualization/rmf_visualization_building_systems) by extensions ['ros']
[0.144s] Level 1:colcon.colcon_core.package_identification:_identify(src/rmf_visualization/rmf_visualization_building_systems) by extension 'ros'
[0.145s] DEBUG:colcon.colcon_core.package_identification:Package 'src/rmf_visualization/rmf_visualization_building_systems' with type 'ros.ament_python' and name 'rmf_visualization_building_systems'
[0.146s] Level 1:colcon.colcon_core.package_identification:_identify(src/rmf_visualization/rmf_visualization_fleet_states) by extensions ['ignore', 'ignore_ament_install']
[0.146s] Level 1:colcon.colcon_core.package_identification:_identify(src/rmf_visualization/rmf_visualization_fleet_states) by extension 'ignore'
[0.146s] Level 1:colcon.colcon_core.package_identification:_identify(src/rmf_visualization/rmf_visualization_fleet_states) by extension 'ignore_ament_install'
[0.146s] Level 1:colcon.colcon_core.package_identification:_identify(src/rmf_visualization/rmf_visualization_fleet_states) by extensions ['colcon_pkg']
[0.146s] Level 1:colcon.colcon_core.package_identification:_identify(src/rmf_visualization/rmf_visualization_fleet_states) by extension 'colcon_pkg'
[0.146s] Level 1:colcon.colcon_core.package_identification:_identify(src/rmf_visualization/rmf_visualization_fleet_states) by extensions ['colcon_meta']
[0.146s] Level 1:colcon.colcon_core.package_identification:_identify(src/rmf_visualization/rmf_visualization_fleet_states) by extension 'colcon_meta'
[0.146s] Level 1:colcon.colcon_core.package_identification:_identify(src/rmf_visualization/rmf_visualization_fleet_states) by extensions ['ros']
[0.146s] Level 1:colcon.colcon_core.package_identification:_identify(src/rmf_visualization/rmf_visualization_fleet_states) by extension 'ros'
[0.146s] DEBUG:colcon.colcon_core.package_identification:Package 'src/rmf_visualization/rmf_visualization_fleet_states' with type 'ros.ament_cmake' and name 'rmf_visualization_fleet_states'
[0.147s] Level 1:colcon.colcon_core.package_identification:_identify(src/rmf_visualization/rmf_visualization_floorplans) by extensions ['ignore', 'ignore_ament_install']
[0.147s] Level 1:colcon.colcon_core.package_identification:_identify(src/rmf_visualization/rmf_visualization_floorplans) by extension 'ignore'
[0.147s] Level 1:colcon.colcon_core.package_identification:_identify(src/rmf_visualization/rmf_visualization_floorplans) by extension 'ignore_ament_install'
[0.147s] Level 1:colcon.colcon_core.package_identification:_identify(src/rmf_visualization/rmf_visualization_floorplans) by extensions ['colcon_pkg']
[0.147s] Level 1:colcon.colcon_core.package_identification:_identify(src/rmf_visualization/rmf_visualization_floorplans) by extension 'colcon_pkg'
[0.147s] Level 1:colcon.colcon_core.package_identification:_identify(src/rmf_visualization/rmf_visualization_floorplans) by extensions ['colcon_meta']
[0.147s] Level 1:colcon.colcon_core.package_identification:_identify(src/rmf_visualization/rmf_visualization_floorplans) by extension 'colcon_meta'
[0.147s] Level 1:colcon.colcon_core.package_identification:_identify(src/rmf_visualization/rmf_visualization_floorplans) by extensions ['ros']
[0.147s] Level 1:colcon.colcon_core.package_identification:_identify(src/rmf_visualization/rmf_visualization_floorplans) by extension 'ros'
[0.148s] DEBUG:colcon.colcon_core.package_identification:Package 'src/rmf_visualization/rmf_visualization_floorplans' with type 'ros.ament_cmake' and name 'rmf_visualization_floorplans'
[0.148s] Level 1:colcon.colcon_core.package_identification:_identify(src/rmf_visualization/rmf_visualization_navgraphs) by extensions ['ignore', 'ignore_ament_install']
[0.148s] Level 1:colcon.colcon_core.package_identification:_identify(src/rmf_visualization/rmf_visualization_navgraphs) by extension 'ignore'
[0.148s] Level 1:colcon.colcon_core.package_identification:_identify(src/rmf_visualization/rmf_visualization_navgraphs) by extension 'ignore_ament_install'
[0.148s] Level 1:colcon.colcon_core.package_identification:_identify(src/rmf_visualization/rmf_visualization_navgraphs) by extensions ['colcon_pkg']
[0.148s] Level 1:colcon.colcon_core.package_identification:_identify(src/rmf_visualization/rmf_visualization_navgraphs) by extension 'colcon_pkg'
[0.148s] Level 1:colcon.colcon_core.package_identification:_identify(src/rmf_visualization/rmf_visualization_navgraphs) by extensions ['colcon_meta']
[0.148s] Level 1:colcon.colcon_core.package_identification:_identify(src/rmf_visualization/rmf_visualization_navgraphs) by extension 'colcon_meta'
[0.148s] Level 1:colcon.colcon_core.package_identification:_identify(src/rmf_visualization/rmf_visualization_navgraphs) by extensions ['ros']
[0.148s] Level 1:colcon.colcon_core.package_identification:_identify(src/rmf_visualization/rmf_visualization_navgraphs) by extension 'ros'
[0.149s] DEBUG:colcon.colcon_core.package_identification:Package 'src/rmf_visualization/rmf_visualization_navgraphs' with type 'ros.ament_cmake' and name 'rmf_visualization_navgraphs'
[0.149s] Level 1:colcon.colcon_core.package_identification:_identify(src/rmf_visualization/rmf_visualization_obstacles) by extensions ['ignore', 'ignore_ament_install']
[0.149s] Level 1:colcon.colcon_core.package_identification:_identify(src/rmf_visualization/rmf_visualization_obstacles) by extension 'ignore'
[0.149s] Level 1:colcon.colcon_core.package_identification:_identify(src/rmf_visualization/rmf_visualization_obstacles) by extension 'ignore_ament_install'
[0.149s] Level 1:colcon.colcon_core.package_identification:_identify(src/rmf_visualization/rmf_visualization_obstacles) by extensions ['colcon_pkg']
[0.149s] Level 1:colcon.colcon_core.package_identification:_identify(src/rmf_visualization/rmf_visualization_obstacles) by extension 'colcon_pkg'
[0.149s] Level 1:colcon.colcon_core.package_identification:_identify(src/rmf_visualization/rmf_visualization_obstacles) by extensions ['colcon_meta']
[0.149s] Level 1:colcon.colcon_core.package_identification:_identify(src/rmf_visualization/rmf_visualization_obstacles) by extension 'colcon_meta'
[0.149s] Level 1:colcon.colcon_core.package_identification:_identify(src/rmf_visualization/rmf_visualization_obstacles) by extensions ['ros']
[0.149s] Level 1:colcon.colcon_core.package_identification:_identify(src/rmf_visualization/rmf_visualization_obstacles) by extension 'ros'
[0.150s] DEBUG:colcon.colcon_core.package_identification:Package 'src/rmf_visualization/rmf_visualization_obstacles' with type 'ros.ament_cmake' and name 'rmf_visualization_obstacles'
[0.150s] Level 1:colcon.colcon_core.package_identification:_identify(src/rmf_visualization/rmf_visualization_rviz2_plugins) by extensions ['ignore', 'ignore_ament_install']
[0.150s] Level 1:colcon.colcon_core.package_identification:_identify(src/rmf_visualization/rmf_visualization_rviz2_plugins) by extension 'ignore'
[0.150s] Level 1:colcon.colcon_core.package_identification:_identify(src/rmf_visualization/rmf_visualization_rviz2_plugins) by extension 'ignore_ament_install'
[0.150s] Level 1:colcon.colcon_core.package_identification:_identify(src/rmf_visualization/rmf_visualization_rviz2_plugins) by extensions ['colcon_pkg']
[0.150s] Level 1:colcon.colcon_core.package_identification:_identify(src/rmf_visualization/rmf_visualization_rviz2_plugins) by extension 'colcon_pkg'
[0.150s] Level 1:colcon.colcon_core.package_identification:_identify(src/rmf_visualization/rmf_visualization_rviz2_plugins) by extensions ['colcon_meta']
[0.150s] Level 1:colcon.colcon_core.package_identification:_identify(src/rmf_visualization/rmf_visualization_rviz2_plugins) by extension 'colcon_meta'
[0.150s] Level 1:colcon.colcon_core.package_identification:_identify(src/rmf_visualization/rmf_visualization_rviz2_plugins) by extensions ['ros']
[0.150s] Level 1:colcon.colcon_core.package_identification:_identify(src/rmf_visualization/rmf_visualization_rviz2_plugins) by extension 'ros'
[0.151s] DEBUG:colcon.colcon_core.package_identification:Package 'src/rmf_visualization/rmf_visualization_rviz2_plugins' with type 'ros.ament_cmake' and name 'rmf_visualization_rviz2_plugins'
[0.152s] Level 1:colcon.colcon_core.package_identification:_identify(src/rmf_visualization/rmf_visualization_schedule) by extensions ['ignore', 'ignore_ament_install']
[0.152s] Level 1:colcon.colcon_core.package_identification:_identify(src/rmf_visualization/rmf_visualization_schedule) by extension 'ignore'
[0.152s] Level 1:colcon.colcon_core.package_identification:_identify(src/rmf_visualization/rmf_visualization_schedule) by extension 'ignore_ament_install'
[0.152s] Level 1:colcon.colcon_core.package_identification:_identify(src/rmf_visualization/rmf_visualization_schedule) by extensions ['colcon_pkg']
[0.152s] Level 1:colcon.colcon_core.package_identification:_identify(src/rmf_visualization/rmf_visualization_schedule) by extension 'colcon_pkg'
[0.152s] Level 1:colcon.colcon_core.package_identification:_identify(src/rmf_visualization/rmf_visualization_schedule) by extensions ['colcon_meta']
[0.152s] Level 1:colcon.colcon_core.package_identification:_identify(src/rmf_visualization/rmf_visualization_schedule) by extension 'colcon_meta'
[0.152s] Level 1:colcon.colcon_core.package_identification:_identify(src/rmf_visualization/rmf_visualization_schedule) by extensions ['ros']
[0.152s] Level 1:colcon.colcon_core.package_identification:_identify(src/rmf_visualization/rmf_visualization_schedule) by extension 'ros'
[0.153s] DEBUG:colcon.colcon_core.package_identification:Package 'src/rmf_visualization/rmf_visualization_schedule' with type 'ros.ament_cmake' and name 'rmf_visualization_schedule'
[0.153s] Level 1:colcon.colcon_core.package_discovery:discover_packages(recursive) using defaults
[0.153s] Level 1:colcon.colcon_core.package_discovery:discover_packages(ignore) discover
[0.153s] Level 1:colcon.colcon_core.package_discovery:discover_packages(ignore) using defaults
[0.153s] Level 1:colcon.colcon_core.package_discovery:discover_packages(path) discover
[0.153s] Level 1:colcon.colcon_core.package_discovery:discover_packages(path) using defaults
[0.171s] Level 5:colcon.colcon_core.verb:set package 'project_assets' build argument 'cmake_args' from command line to 'None'
[0.171s] Level 5:colcon.colcon_core.verb:set package 'project_assets' build argument 'cmake_target' from command line to 'None'
[0.171s] Level 5:colcon.colcon_core.verb:set package 'project_assets' build argument 'cmake_target_skip_unavailable' from command line to 'False'
[0.171s] Level 5:colcon.colcon_core.verb:set package 'project_assets' build argument 'cmake_clean_cache' from command line to 'False'
[0.171s] Level 5:colcon.colcon_core.verb:set package 'project_assets' build argument 'cmake_clean_first' from command line to 'False'
[0.171s] Level 5:colcon.colcon_core.verb:set package 'project_assets' build argument 'cmake_force_configure' from command line to 'False'
[0.171s] Level 5:colcon.colcon_core.verb:set package 'project_assets' build argument 'ament_cmake_args' from command line to 'None'
[0.171s] Level 5:colcon.colcon_core.verb:set package 'project_assets' build argument 'catkin_cmake_args' from command line to 'None'
[0.171s] Level 5:colcon.colcon_core.verb:set package 'project_assets' build argument 'catkin_skip_building_tests' from command line to 'False'
[0.171s] DEBUG:colcon.colcon_core.verb:Building package 'project_assets' with the following arguments: {'ament_cmake_args': None, 'build_base': '/home/maria/rmf_ws/build/project_assets', 'catkin_cmake_args': None, 'catkin_skip_building_tests': False, 'cmake_args': None, 'cmake_clean_cache': False, 'cmake_clean_first': False, 'cmake_force_configure': False, 'cmake_target': None, 'cmake_target_skip_unavailable': False, 'install_base': '/home/maria/rmf_ws/install/project_assets', 'merge_install': False, 'path': '/home/maria/rmf_ws/src/project/project_assets', 'symlink_install': True, 'test_result_base': None}
[0.171s] Level 5:colcon.colcon_core.verb:set package 'project_fleet_adapter' build argument 'cmake_args' from command line to 'None'
[0.171s] Level 5:colcon.colcon_core.verb:set package 'project_fleet_adapter' build argument 'cmake_target' from command line to 'None'
[0.171s] Level 5:colcon.colcon_core.verb:set package 'project_fleet_adapter' build argument 'cmake_target_skip_unavailable' from command line to 'False'
[0.171s] Level 5:colcon.colcon_core.verb:set package 'project_fleet_adapter' build argument 'cmake_clean_cache' from command line to 'False'
[0.171s] Level 5:colcon.colcon_core.verb:set package 'project_fleet_adapter' build argument 'cmake_clean_first' from command line to 'False'
[0.171s] Level 5:colcon.colcon_core.verb:set package 'project_fleet_adapter' build argument 'cmake_force_configure' from command line to 'False'
[0.171s] Level 5:colcon.colcon_core.verb:set package 'project_fleet_adapter' build argument 'ament_cmake_args' from command line to 'None'
[0.171s] Level 5:colcon.colcon_core.verb:set package 'project_fleet_adapter' build argument 'catkin_cmake_args' from command line to 'None'
[0.171s] Level 5:colcon.colcon_core.verb:set package 'project_fleet_adapter' build argument 'catkin_skip_building_tests' from command line to 'False'
[0.171s] DEBUG:colcon.colcon_core.verb:Building package 'project_fleet_adapter' with the following arguments: {'ament_cmake_args': None, 'build_base': '/home/maria/rmf_ws/build/project_fleet_adapter', 'catkin_cmake_args': None, 'catkin_skip_building_tests': False, 'cmake_args': None, 'cmake_clean_cache': False, 'cmake_clean_first': False, 'cmake_force_configure': False, 'cmake_target': None, 'cmake_target_skip_unavailable': False, 'install_base': '/home/maria/rmf_ws/install/project_fleet_adapter', 'merge_install': False, 'path': '/home/maria/rmf_ws/src/project/project_fleet_adapter', 'symlink_install': True, 'test_result_base': None}
[0.171s] Level 5:colcon.colcon_core.verb:set package 'project_maps' build argument 'cmake_args' from command line to 'None'
[0.171s] Level 5:colcon.colcon_core.verb:set package 'project_maps' build argument 'cmake_target' from command line to 'None'
[0.171s] Level 5:colcon.colcon_core.verb:set package 'project_maps' build argument 'cmake_target_skip_unavailable' from command line to 'False'
[0.171s] Level 5:colcon.colcon_core.verb:set package 'project_maps' build argument 'cmake_clean_cache' from command line to 'False'
[0.171s] Level 5:colcon.colcon_core.verb:set package 'project_maps' build argument 'cmake_clean_first' from command line to 'False'
[0.171s] Level 5:colcon.colcon_core.verb:set package 'project_maps' build argument 'cmake_force_configure' from command line to 'False'
[0.171s] Level 5:colcon.colcon_core.verb:set package 'project_maps' build argument 'ament_cmake_args' from command line to 'None'
[0.171s] Level 5:colcon.colcon_core.verb:set package 'project_maps' build argument 'catkin_cmake_args' from command line to 'None'
[0.171s] Level 5:colcon.colcon_core.verb:set package 'project_maps' build argument 'catkin_skip_building_tests' from command line to 'False'
[0.171s] DEBUG:colcon.colcon_core.verb:Building package 'project_maps' with the following arguments: {'ament_cmake_args': None, 'build_base': '/home/maria/rmf_ws/build/project_maps', 'catkin_cmake_args': None, 'catkin_skip_building_tests': False, 'cmake_args': None, 'cmake_clean_cache': False, 'cmake_clean_first': False, 'cmake_force_configure': False, 'cmake_target': None, 'cmake_target_skip_unavailable': False, 'install_base': '/home/maria/rmf_ws/install/project_maps', 'merge_install': False, 'path': '/home/maria/rmf_ws/src/project/project_maps', 'symlink_install': True, 'test_result_base': None}
[0.172s] Level 5:colcon.colcon_core.verb:set package 'project_simulation' build argument 'cmake_args' from command line to 'None'
[0.172s] Level 5:colcon.colcon_core.verb:set package 'project_simulation' build argument 'cmake_target' from command line to 'None'
[0.172s] Level 5:colcon.colcon_core.verb:set package 'project_simulation' build argument 'cmake_target_skip_unavailable' from command line to 'False'
[0.172s] Level 5:colcon.colcon_core.verb:set package 'project_simulation' build argument 'cmake_clean_cache' from command line to 'False'
[0.172s] Level 5:colcon.colcon_core.verb:set package 'project_simulation' build argument 'cmake_clean_first' from command line to 'False'
[0.172s] Level 5:colcon.colcon_core.verb:set package 'project_simulation' build argument 'cmake_force_configure' from command line to 'False'
[0.172s] Level 5:colcon.colcon_core.verb:set package 'project_simulation' build argument 'ament_cmake_args' from command line to 'None'
[0.172s] Level 5:colcon.colcon_core.verb:set package 'project_simulation' build argument 'catkin_cmake_args' from command line to 'None'
[0.172s] Level 5:colcon.colcon_core.verb:set package 'project_simulation' build argument 'catkin_skip_building_tests' from command line to 'False'
[0.172s] DEBUG:colcon.colcon_core.verb:Building package 'project_simulation' with the following arguments: {'ament_cmake_args': None, 'build_base': '/home/maria/rmf_ws/build/project_simulation', 'catkin_cmake_args': None, 'catkin_skip_building_tests': False, 'cmake_args': None, 'cmake_clean_cache': False, 'cmake_clean_first': False, 'cmake_force_configure': False, 'cmake_target': None, 'cmake_target_skip_unavailable': False, 'install_base': '/home/maria/rmf_ws/install/project_simulation', 'merge_install': False, 'path': '/home/maria/rmf_ws/src/project/project_simulation', 'symlink_install': True, 'test_result_base': None}
[0.172s] Level 5:colcon.colcon_core.verb:set package 'project_tasks' build argument 'cmake_args' from command line to 'None'
[0.172s] Level 5:colcon.colcon_core.verb:set package 'project_tasks' build argument 'cmake_target' from command line to 'None'
[0.172s] Level 5:colcon.colcon_core.verb:set package 'project_tasks' build argument 'cmake_target_skip_unavailable' from command line to 'False'
[0.172s] Level 5:colcon.colcon_core.verb:set package 'project_tasks' build argument 'cmake_clean_cache' from command line to 'False'
[0.172s] Level 5:colcon.colcon_core.verb:set package 'project_tasks' build argument 'cmake_clean_first' from command line to 'False'
[0.172s] Level 5:colcon.colcon_core.verb:set package 'project_tasks' build argument 'cmake_force_configure' from command line to 'False'
[0.172s] Level 5:colcon.colcon_core.verb:set package 'project_tasks' build argument 'ament_cmake_args' from command line to 'None'
[0.172s] Level 5:colcon.colcon_core.verb:set package 'project_tasks' build argument 'catkin_cmake_args' from command line to 'None'
[0.172s] Level 5:colcon.colcon_core.verb:set package 'project_tasks' build argument 'catkin_skip_building_tests' from command line to 'False'
[0.172s] DEBUG:colcon.colcon_core.verb:Building package 'project_tasks' with the following arguments: {'ament_cmake_args': None, 'build_base': '/home/maria/rmf_ws/build/project_tasks', 'catkin_cmake_args': None, 'catkin_skip_building_tests': False, 'cmake_args': None, 'cmake_clean_cache': False, 'cmake_clean_first': False, 'cmake_force_configure': False, 'cmake_target': None, 'cmake_target_skip_unavailable': False, 'install_base': '/home/maria/rmf_ws/install/project_tasks', 'merge_install': False, 'path': '/home/maria/rmf_ws/src/project/project_tasks', 'symlink_install': True, 'test_result_base': None}
[0.172s] Level 5:colcon.colcon_core.verb:set package 'rmf_building_sim_gz_plugins' build argument 'cmake_args' from command line to 'None'
[0.172s] Level 5:colcon.colcon_core.verb:set package 'rmf_building_sim_gz_plugins' build argument 'cmake_target' from command line to 'None'
[0.172s] Level 5:colcon.colcon_core.verb:set package 'rmf_building_sim_gz_plugins' build argument 'cmake_target_skip_unavailable' from command line to 'False'
[0.172s] Level 5:colcon.colcon_core.verb:set package 'rmf_building_sim_gz_plugins' build argument 'cmake_clean_cache' from command line to 'False'
[0.172s] Level 5:colcon.colcon_core.verb:set package 'rmf_building_sim_gz_plugins' build argument 'cmake_clean_first' from command line to 'False'
[0.172s] Level 5:colcon.colcon_core.verb:set package 'rmf_building_sim_gz_plugins' build argument 'cmake_force_configure' from command line to 'False'
[0.172s] Level 5:colcon.colcon_core.verb:set package 'rmf_building_sim_gz_plugins' build argument 'ament_cmake_args' from command line to 'None'
[0.172s] Level 5:colcon.colcon_core.verb:set package 'rmf_building_sim_gz_plugins' build argument 'catkin_cmake_args' from command line to 'None'
[0.172s] Level 5:colcon.colcon_core.verb:set package 'rmf_building_sim_gz_plugins' build argument 'catkin_skip_building_tests' from command line to 'False'
[0.172s] DEBUG:colcon.colcon_core.verb:Building package 'rmf_building_sim_gz_plugins' with the following arguments: {'ament_cmake_args': None, 'build_base': '/home/maria/rmf_ws/build/rmf_building_sim_gz_plugins', 'catkin_cmake_args': None, 'catkin_skip_building_tests': False, 'cmake_args': None, 'cmake_clean_cache': False, 'cmake_clean_first': False, 'cmake_force_configure': False, 'cmake_target': None, 'cmake_target_skip_unavailable': False, 'install_base': '/home/maria/rmf_ws/install/rmf_building_sim_gz_plugins', 'merge_install': False, 'path': '/home/maria/rmf_ws/src/rmf_simulation/rmf_building_sim_gz_plugins', 'symlink_install': True, 'test_result_base': None}
[0.172s] Level 5:colcon.colcon_core.verb:set package 'rmf_robot_sim_common' build argument 'cmake_args' from command line to 'None'
[0.172s] Level 5:colcon.colcon_core.verb:set package 'rmf_robot_sim_common' build argument 'cmake_target' from command line to 'None'
[0.172s] Level 5:colcon.colcon_core.verb:set package 'rmf_robot_sim_common' build argument 'cmake_target_skip_unavailable' from command line to 'False'
[0.172s] Level 5:colcon.colcon_core.verb:set package 'rmf_robot_sim_common' build argument 'cmake_clean_cache' from command line to 'False'
[0.172s] Level 5:colcon.colcon_core.verb:set package 'rmf_robot_sim_common' build argument 'cmake_clean_first' from command line to 'False'
[0.172s] Level 5:colcon.colcon_core.verb:set package 'rmf_robot_sim_common' build argument 'cmake_force_configure' from command line to 'False'
[0.172s] Level 5:colcon.colcon_core.verb:set package 'rmf_robot_sim_common' build argument 'ament_cmake_args' from command line to 'None'
[0.172s] Level 5:colcon.colcon_core.verb:set package 'rmf_robot_sim_common' build argument 'catkin_cmake_args' from command line to 'None'
[0.172s] Level 5:colcon.colcon_core.verb:set package 'rmf_robot_sim_common' build argument 'catkin_skip_building_tests' from command line to 'False'
[0.172s] DEBUG:colcon.colcon_core.verb:Building package 'rmf_robot_sim_common' with the following arguments: {'ament_cmake_args': None, 'build_base': '/home/maria/rmf_ws/build/rmf_robot_sim_common', 'catkin_cmake_args': None, 'catkin_skip_building_tests': False, 'cmake_args': None, 'cmake_clean_cache': False, 'cmake_clean_first': False, 'cmake_force_configure': False, 'cmake_target': None, 'cmake_target_skip_unavailable': False, 'install_base': '/home/maria/rmf_ws/install/rmf_robot_sim_common', 'merge_install': False, 'path': '/home/maria/rmf_ws/src/rmf_simulation/rmf_robot_sim_common', 'symlink_install': True, 'test_result_base': None}
[0.173s] Level 5:colcon.colcon_core.verb:set package 'rmf_visualization_building_systems' build argument 'cmake_args' from command line to 'None'
[0.173s] Level 5:colcon.colcon_core.verb:set package 'rmf_visualization_building_systems' build argument 'cmake_target' from command line to 'None'
[0.173s] Level 5:colcon.colcon_core.verb:set package 'rmf_visualization_building_systems' build argument 'cmake_target_skip_unavailable' from command line to 'False'
[0.173s] Level 5:colcon.colcon_core.verb:set package 'rmf_visualization_building_systems' build argument 'cmake_clean_cache' from command line to 'False'
[0.173s] Level 5:colcon.colcon_core.verb:set package 'rmf_visualization_building_systems' build argument 'cmake_clean_first' from command line to 'False'
[0.173s] Level 5:colcon.colcon_core.verb:set package 'rmf_visualization_building_systems' build argument 'cmake_force_configure' from command line to 'False'
[0.173s] Level 5:colcon.colcon_core.verb:set package 'rmf_visualization_building_systems' build argument 'ament_cmake_args' from command line to 'None'
[0.173s] Level 5:colcon.colcon_core.verb:set package 'rmf_visualization_building_systems' build argument 'catkin_cmake_args' from command line to 'None'
[0.173s] Level 5:colcon.colcon_core.verb:set package 'rmf_visualization_building_systems' build argument 'catkin_skip_building_tests' from command line to 'False'
[0.173s] DEBUG:colcon.colcon_core.verb:Building package 'rmf_visualization_building_systems' with the following arguments: {'ament_cmake_args': None, 'build_base': '/home/maria/rmf_ws/build/rmf_visualization_building_systems', 'catkin_cmake_args': None, 'catkin_skip_building_tests': False, 'cmake_args': None, 'cmake_clean_cache': False, 'cmake_clean_first': False, 'cmake_force_configure': False, 'cmake_target': None, 'cmake_target_skip_unavailable': False, 'install_base': '/home/maria/rmf_ws/install/rmf_visualization_building_systems', 'merge_install': False, 'path': '/home/maria/rmf_ws/src/rmf_visualization/rmf_visualization_building_systems', 'symlink_install': True, 'test_result_base': None}
[0.173s] Level 5:colcon.colcon_core.verb:set package 'rmf_visualization_fleet_states' build argument 'cmake_args' from command line to 'None'
[0.173s] Level 5:colcon.colcon_core.verb:set package 'rmf_visualization_fleet_states' build argument 'cmake_target' from command line to 'None'
[0.173s] Level 5:colcon.colcon_core.verb:set package 'rmf_visualization_fleet_states' build argument 'cmake_target_skip_unavailable' from command line to 'False'
[0.173s] Level 5:colcon.colcon_core.verb:set package 'rmf_visualization_fleet_states' build argument 'cmake_clean_cache' from command line to 'False'
[0.173s] Level 5:colcon.colcon_core.verb:set package 'rmf_visualization_fleet_states' build argument 'cmake_clean_first' from command line to 'False'
[0.173s] Level 5:colcon.colcon_core.verb:set package 'rmf_visualization_fleet_states' build argument 'cmake_force_configure' from command line to 'False'
[0.173s] Level 5:colcon.colcon_core.verb:set package 'rmf_visualization_fleet_states' build argument 'ament_cmake_args' from command line to 'None'
[0.173s] Level 5:colcon.colcon_core.verb:set package 'rmf_visualization_fleet_states' build argument 'catkin_cmake_args' from command line to 'None'
[0.173s] Level 5:colcon.colcon_core.verb:set package 'rmf_visualization_fleet_states' build argument 'catkin_skip_building_tests' from command line to 'False'
[0.173s] DEBUG:colcon.colcon_core.verb:Building package 'rmf_visualization_fleet_states' with the following arguments: {'ament_cmake_args': None, 'build_base': '/home/maria/rmf_ws/build/rmf_visualization_fleet_states', 'catkin_cmake_args': None, 'catkin_skip_building_tests': False, 'cmake_args': None, 'cmake_clean_cache': False, 'cmake_clean_first': False, 'cmake_force_configure': False, 'cmake_target': None, 'cmake_target_skip_unavailable': False, 'install_base': '/home/maria/rmf_ws/install/rmf_visualization_fleet_states', 'merge_install': False, 'path': '/home/maria/rmf_ws/src/rmf_visualization/rmf_visualization_fleet_states', 'symlink_install': True, 'test_result_base': None}
[0.173s] Level 5:colcon.colcon_core.verb:set package 'rmf_visualization_floorplans' build argument 'cmake_args' from command line to 'None'
[0.173s] Level 5:colcon.colcon_core.verb:set package 'rmf_visualization_floorplans' build argument 'cmake_target' from command line to 'None'
[0.173s] Level 5:colcon.colcon_core.verb:set package 'rmf_visualization_floorplans' build argument 'cmake_target_skip_unavailable' from command line to 'False'
[0.173s] Level 5:colcon.colcon_core.verb:set package 'rmf_visualization_floorplans' build argument 'cmake_clean_cache' from command line to 'False'
[0.173s] Level 5:colcon.colcon_core.verb:set package 'rmf_visualization_floorplans' build argument 'cmake_clean_first' from command line to 'False'
[0.173s] Level 5:colcon.colcon_core.verb:set package 'rmf_visualization_floorplans' build argument 'cmake_force_configure' from command line to 'False'
[0.173s] Level 5:colcon.colcon_core.verb:set package 'rmf_visualization_floorplans' build argument 'ament_cmake_args' from command line to 'None'
[0.173s] Level 5:colcon.colcon_core.verb:set package 'rmf_visualization_floorplans' build argument 'catkin_cmake_args' from command line to 'None'
[0.173s] Level 5:colcon.colcon_core.verb:set package 'rmf_visualization_floorplans' build argument 'catkin_skip_building_tests' from command line to 'False'
[0.173s] DEBUG:colcon.colcon_core.verb:Building package 'rmf_visualization_floorplans' with the following arguments: {'ament_cmake_args': None, 'build_base': '/home/maria/rmf_ws/build/rmf_visualization_floorplans', 'catkin_cmake_args': None, 'catkin_skip_building_tests': False, 'cmake_args': None, 'cmake_clean_cache': False, 'cmake_clean_first': False, 'cmake_force_configure': False, 'cmake_target': None, 'cmake_target_skip_unavailable': False, 'install_base': '/home/maria/rmf_ws/install/rmf_visualization_floorplans', 'merge_install': False, 'path': '/home/maria/rmf_ws/src/rmf_visualization/rmf_visualization_floorplans', 'symlink_install': True, 'test_result_base': None}
[0.173s] Level 5:colcon.colcon_core.verb:set package 'rmf_visualization_navgraphs' build argument 'cmake_args' from command line to 'None'
[0.173s] Level 5:colcon.colcon_core.verb:set package 'rmf_visualization_navgraphs' build argument 'cmake_target' from command line to 'None'
[0.173s] Level 5:colcon.colcon_core.verb:set package 'rmf_visualization_navgraphs' build argument 'cmake_target_skip_unavailable' from command line to 'False'
[0.173s] Level 5:colcon.colcon_core.verb:set package 'rmf_visualization_navgraphs' build argument 'cmake_clean_cache' from command line to 'False'
[0.173s] Level 5:colcon.colcon_core.verb:set package 'rmf_visualization_navgraphs' build argument 'cmake_clean_first' from command line to 'False'
[0.173s] Level 5:colcon.colcon_core.verb:set package 'rmf_visualization_navgraphs' build argument 'cmake_force_configure' from command line to 'False'
[0.173s] Level 5:colcon.colcon_core.verb:set package 'rmf_visualization_navgraphs' build argument 'ament_cmake_args' from command line to 'None'
[0.173s] Level 5:colcon.colcon_core.verb:set package 'rmf_visualization_navgraphs' build argument 'catkin_cmake_args' from command line to 'None'
[0.173s] Level 5:colcon.colcon_core.verb:set package 'rmf_visualization_navgraphs' build argument 'catkin_skip_building_tests' from command line to 'False'
[0.173s] DEBUG:colcon.colcon_core.verb:Building package 'rmf_visualization_navgraphs' with the following arguments: {'ament_cmake_args': None, 'build_base': '/home/maria/rmf_ws/build/rmf_visualization_navgraphs', 'catkin_cmake_args': None, 'catkin_skip_building_tests': False, 'cmake_args': None, 'cmake_clean_cache': False, 'cmake_clean_first': False, 'cmake_force_configure': False, 'cmake_target': None, 'cmake_target_skip_unavailable': False, 'install_base': '/home/maria/rmf_ws/install/rmf_visualization_navgraphs', 'merge_install': False, 'path': '/home/maria/rmf_ws/src/rmf_visualization/rmf_visualization_navgraphs', 'symlink_install': True, 'test_result_base': None}
[0.174s] Level 5:colcon.colcon_core.verb:set package 'rmf_visualization_obstacles' build argument 'cmake_args' from command line to 'None'
[0.174s] Level 5:colcon.colcon_core.verb:set package 'rmf_visualization_obstacles' build argument 'cmake_target' from command line to 'None'
[0.174s] Level 5:colcon.colcon_core.verb:set package 'rmf_visualization_obstacles' build argument 'cmake_target_skip_unavailable' from command line to 'False'
[0.174s] Level 5:colcon.colcon_core.verb:set package 'rmf_visualization_obstacles' build argument 'cmake_clean_cache' from command line to 'False'
[0.174s] Level 5:colcon.colcon_core.verb:set package 'rmf_visualization_obstacles' build argument 'cmake_clean_first' from command line to 'False'
[0.174s] Level 5:colcon.colcon_core.verb:set package 'rmf_visualization_obstacles' build argument 'cmake_force_configure' from command line to 'False'
[0.174s] Level 5:colcon.colcon_core.verb:set package 'rmf_visualization_obstacles' build argument 'ament_cmake_args' from command line to 'None'
[0.174s] Level 5:colcon.colcon_core.verb:set package 'rmf_visualization_obstacles' build argument 'catkin_cmake_args' from command line to 'None'
[0.174s] Level 5:colcon.colcon_core.verb:set package 'rmf_visualization_obstacles' build argument 'catkin_skip_building_tests' from command line to 'False'
[0.174s] DEBUG:colcon.colcon_core.verb:Building package 'rmf_visualization_obstacles' with the following arguments: {'ament_cmake_args': None, 'build_base': '/home/maria/rmf_ws/build/rmf_visualization_obstacles', 'catkin_cmake_args': None, 'catkin_skip_building_tests': False, 'cmake_args': None, 'cmake_clean_cache': False, 'cmake_clean_first': False, 'cmake_force_configure': False, 'cmake_target': None, 'cmake_target_skip_unavailable': False, 'install_base': '/home/maria/rmf_ws/install/rmf_visualization_obstacles', 'merge_install': False, 'path': '/home/maria/rmf_ws/src/rmf_visualization/rmf_visualization_obstacles', 'symlink_install': True, 'test_result_base': None}
[0.174s] Level 5:colcon.colcon_core.verb:set package 'rmf_visualization_rviz2_plugins' build argument 'cmake_args' from command line to 'None'
[0.174s] Level 5:colcon.colcon_core.verb:set package 'rmf_visualization_rviz2_plugins' build argument 'cmake_target' from command line to 'None'
[0.174s] Level 5:colcon.colcon_core.verb:set package 'rmf_visualization_rviz2_plugins' build argument 'cmake_target_skip_unavailable' from command line to 'False'
[0.174s] Level 5:colcon.colcon_core.verb:set package 'rmf_visualization_rviz2_plugins' build argument 'cmake_clean_cache' from command line to 'False'
[0.174s] Level 5:colcon.colcon_core.verb:set package 'rmf_visualization_rviz2_plugins' build argument 'cmake_clean_first' from command line to 'False'
[0.174s] Level 5:colcon.colcon_core.verb:set package 'rmf_visualization_rviz2_plugins' build argument 'cmake_force_configure' from command line to 'False'
[0.174s] Level 5:colcon.colcon_core.verb:set package 'rmf_visualization_rviz2_plugins' build argument 'ament_cmake_args' from command line to 'None'
[0.174s] Level 5:colcon.colcon_core.verb:set package 'rmf_visualization_rviz2_plugins' build argument 'catkin_cmake_args' from command line to 'None'
[0.174s] Level 5:colcon.colcon_core.verb:set package 'rmf_visualization_rviz2_plugins' build argument 'catkin_skip_building_tests' from command line to 'False'
[0.174s] DEBUG:colcon.colcon_core.verb:Building package 'rmf_visualization_rviz2_plugins' with the following arguments: {'ament_cmake_args': None, 'build_base': '/home/maria/rmf_ws/build/rmf_visualization_rviz2_plugins', 'catkin_cmake_args': None, 'catkin_skip_building_tests': False, 'cmake_args': None, 'cmake_clean_cache': False, 'cmake_clean_first': False, 'cmake_force_configure': False, 'cmake_target': None, 'cmake_target_skip_unavailable': False, 'install_base': '/home/maria/rmf_ws/install/rmf_visualization_rviz2_plugins', 'merge_install': False, 'path': '/home/maria/rmf_ws/src/rmf_visualization/rmf_visualization_rviz2_plugins', 'symlink_install': True, 'test_result_base': None}
[0.174s] Level 5:colcon.colcon_core.verb:set package 'rmf_visualization_schedule' build argument 'cmake_args' from command line to 'None'
[0.174s] Level 5:colcon.colcon_core.verb:set package 'rmf_visualization_schedule' build argument 'cmake_target' from command line to 'None'
[0.174s] Level 5:colcon.colcon_core.verb:set package 'rmf_visualization_schedule' build argument 'cmake_target_skip_unavailable' from command line to 'False'
[0.174s] Level 5:colcon.colcon_core.verb:set package 'rmf_visualization_schedule' build argument 'cmake_clean_cache' from command line to 'False'
[0.174s] Level 5:colcon.colcon_core.verb:set package 'rmf_visualization_schedule' build argument 'cmake_clean_first' from command line to 'False'
[0.174s] Level 5:colcon.colcon_core.verb:set package 'rmf_visualization_schedule' build argument 'cmake_force_configure' from command line to 'False'
[0.174s] Level 5:colcon.colcon_core.verb:set package 'rmf_visualization_schedule' build argument 'ament_cmake_args' from command line to 'None'
[0.174s] Level 5:colcon.colcon_core.verb:set package 'rmf_visualization_schedule' build argument 'catkin_cmake_args' from command line to 'None'
[0.174s] Level 5:colcon.colcon_core.verb:set package 'rmf_visualization_schedule' build argument 'catkin_skip_building_tests' from command line to 'False'
[0.174s] DEBUG:colcon.colcon_core.verb:Building package 'rmf_visualization_schedule' with the following arguments: {'ament_cmake_args': None, 'build_base': '/home/maria/rmf_ws/build/rmf_visualization_schedule', 'catkin_cmake_args': None, 'catkin_skip_building_tests': False, 'cmake_args': None, 'cmake_clean_cache': False, 'cmake_clean_first': False, 'cmake_force_configure': False, 'cmake_target': None, 'cmake_target_skip_unavailable': False, 'install_base': '/home/maria/rmf_ws/install/rmf_visualization_schedule', 'merge_install': False, 'path': '/home/maria/rmf_ws/src/rmf_visualization/rmf_visualization_schedule', 'symlink_install': True, 'test_result_base': None}
[0.174s] Level 5:colcon.colcon_core.verb:set package 'rmf_robot_sim_gz_plugins' build argument 'cmake_args' from command line to 'None'
[0.174s] Level 5:colcon.colcon_core.verb:set package 'rmf_robot_sim_gz_plugins' build argument 'cmake_target' from command line to 'None'
[0.174s] Level 5:colcon.colcon_core.verb:set package 'rmf_robot_sim_gz_plugins' build argument 'cmake_target_skip_unavailable' from command line to 'False'
[0.174s] Level 5:colcon.colcon_core.verb:set package 'rmf_robot_sim_gz_plugins' build argument 'cmake_clean_cache' from command line to 'False'
[0.174s] Level 5:colcon.colcon_core.verb:set package 'rmf_robot_sim_gz_plugins' build argument 'cmake_clean_first' from command line to 'False'
[0.174s] Level 5:colcon.colcon_core.verb:set package 'rmf_robot_sim_gz_plugins' build argument 'cmake_force_configure' from command line to 'False'
[0.174s] Level 5:colcon.colcon_core.verb:set package 'rmf_robot_sim_gz_plugins' build argument 'ament_cmake_args' from command line to 'None'
[0.174s] Level 5:colcon.colcon_core.verb:set package 'rmf_robot_sim_gz_plugins' build argument 'catkin_cmake_args' from command line to 'None'
[0.174s] Level 5:colcon.colcon_core.verb:set package 'rmf_robot_sim_gz_plugins' build argument 'catkin_skip_building_tests' from command line to 'False'
[0.174s] DEBUG:colcon.colcon_core.verb:Building package 'rmf_robot_sim_gz_plugins' with the following arguments: {'ament_cmake_args': None, 'build_base': '/home/maria/rmf_ws/build/rmf_robot_sim_gz_plugins', 'catkin_cmake_args': None, 'catkin_skip_building_tests': False, 'cmake_args': None, 'cmake_clean_cache': False, 'cmake_clean_first': False, 'cmake_force_configure': False, 'cmake_target': None, 'cmake_target_skip_unavailable': False, 'install_base': '/home/maria/rmf_ws/install/rmf_robot_sim_gz_plugins', 'merge_install': False, 'path': '/home/maria/rmf_ws/src/rmf_simulation/rmf_robot_sim_gz_plugins', 'symlink_install': True, 'test_result_base': None}
[0.175s] Level 5:colcon.colcon_core.verb:set package 'rmf_visualization' build argument 'cmake_args' from command line to 'None'
[0.175s] Level 5:colcon.colcon_core.verb:set package 'rmf_visualization' build argument 'cmake_target' from command line to 'None'
[0.175s] Level 5:colcon.colcon_core.verb:set package 'rmf_visualization' build argument 'cmake_target_skip_unavailable' from command line to 'False'
[0.175s] Level 5:colcon.colcon_core.verb:set package 'rmf_visualization' build argument 'cmake_clean_cache' from command line to 'False'
[0.175s] Level 5:colcon.colcon_core.verb:set package 'rmf_visualization' build argument 'cmake_clean_first' from command line to 'False'
[0.175s] Level 5:colcon.colcon_core.verb:set package 'rmf_visualization' build argument 'cmake_force_configure' from command line to 'False'
[0.175s] Level 5:colcon.colcon_core.verb:set package 'rmf_visualization' build argument 'ament_cmake_args' from command line to 'None'
[0.175s] Level 5:colcon.colcon_core.verb:set package 'rmf_visualization' build argument 'catkin_cmake_args' from command line to 'None'
[0.175s] Level 5:colcon.colcon_core.verb:set package 'rmf_visualization' build argument 'catkin_skip_building_tests' from command line to 'False'
[0.175s] DEBUG:colcon.colcon_core.verb:Building package 'rmf_visualization' with the following arguments: {'ament_cmake_args': None, 'build_base': '/home/maria/rmf_ws/build/rmf_visualization', 'catkin_cmake_args': None, 'catkin_skip_building_tests': False, 'cmake_args': None, 'cmake_clean_cache': False, 'cmake_clean_first': False, 'cmake_force_configure': False, 'cmake_target': None, 'cmake_target_skip_unavailable': False, 'install_base': '/home/maria/rmf_ws/install/rmf_visualization', 'merge_install': False, 'path': '/home/maria/rmf_ws/src/rmf_visualization/rmf_visualization', 'symlink_install': True, 'test_result_base': None}
[0.175s] Level 5:colcon.colcon_core.verb:set package 'first_project' build argument 'cmake_args' from command line to 'None'
[0.175s] Level 5:colcon.colcon_core.verb:set package 'first_project' build argument 'cmake_target' from command line to 'None'
[0.175s] Level 5:colcon.colcon_core.verb:set package 'first_project' build argument 'cmake_target_skip_unavailable' from command line to 'False'
[0.175s] Level 5:colcon.colcon_core.verb:set package 'first_project' build argument 'cmake_clean_cache' from command line to 'False'
[0.175s] Level 5:colcon.colcon_core.verb:set package 'first_project' build argument 'cmake_clean_first' from command line to 'False'
[0.175s] Level 5:colcon.colcon_core.verb:set package 'first_project' build argument 'cmake_force_configure' from command line to 'False'
[0.175s] Level 5:colcon.colcon_core.verb:set package 'first_project' build argument 'ament_cmake_args' from command line to 'None'
[0.175s] Level 5:colcon.colcon_core.verb:set package 'first_project' build argument 'catkin_cmake_args' from command line to 'None'
[0.175s] Level 5:colcon.colcon_core.verb:set package 'first_project' build argument 'catkin_skip_building_tests' from command line to 'False'
[0.175s] DEBUG:colcon.colcon_core.verb:Building package 'first_project' with the following arguments: {'ament_cmake_args': None, 'build_base': '/home/maria/rmf_ws/build/first_project', 'catkin_cmake_args': None, 'catkin_skip_building_tests': False, 'cmake_args': None, 'cmake_clean_cache': False, 'cmake_clean_first': False, 'cmake_force_configure': False, 'cmake_target': None, 'cmake_target_skip_unavailable': False, 'install_base': '/home/maria/rmf_ws/install/first_project', 'merge_install': False, 'path': '/home/maria/rmf_ws/src/first_project', 'symlink_install': True, 'test_result_base': None}
[0.175s] Level 5:colcon.colcon_core.verb:set package 'large_project' build argument 'cmake_args' from command line to 'None'
[0.175s] Level 5:colcon.colcon_core.verb:set package 'large_project' build argument 'cmake_target' from command line to 'None'
[0.175s] Level 5:colcon.colcon_core.verb:set package 'large_project' build argument 'cmake_target_skip_unavailable' from command line to 'False'
[0.175s] Level 5:colcon.colcon_core.verb:set package 'large_project' build argument 'cmake_clean_cache' from command line to 'False'
[0.175s] Level 5:colcon.colcon_core.verb:set package 'large_project' build argument 'cmake_clean_first' from command line to 'False'
[0.175s] Level 5:colcon.colcon_core.verb:set package 'large_project' build argument 'cmake_force_configure' from command line to 'False'
[0.175s] Level 5:colcon.colcon_core.verb:set package 'large_project' build argument 'ament_cmake_args' from command line to 'None'
[0.175s] Level 5:colcon.colcon_core.verb:set package 'large_project' build argument 'catkin_cmake_args' from command line to 'None'
[0.175s] Level 5:colcon.colcon_core.verb:set package 'large_project' build argument 'catkin_skip_building_tests' from command line to 'False'
[0.175s] DEBUG:colcon.colcon_core.verb:Building package 'large_project' with the following arguments: {'ament_cmake_args': None, 'build_base': '/home/maria/rmf_ws/build/large_project', 'catkin_cmake_args': None, 'catkin_skip_building_tests': False, 'cmake_args': None, 'cmake_clean_cache': False, 'cmake_clean_first': False, 'cmake_force_configure': False, 'cmake_target': None, 'cmake_target_skip_unavailable': False, 'install_base': '/home/maria/rmf_ws/install/large_project', 'merge_install': False, 'path': '/home/maria/rmf_ws/src/large_project', 'symlink_install': True, 'test_result_base': None}
[0.175s] Level 5:colcon.colcon_core.verb:set package 'project_config' build argument 'cmake_args' from command line to 'None'
[0.175s] Level 5:colcon.colcon_core.verb:set package 'project_config' build argument 'cmake_target' from command line to 'None'
[0.175s] Level 5:colcon.colcon_core.verb:set package 'project_config' build argument 'cmake_target_skip_unavailable' from command line to 'False'
[0.175s] Level 5:colcon.colcon_core.verb:set package 'project_config' build argument 'cmake_clean_cache' from command line to 'False'
[0.175s] Level 5:colcon.colcon_core.verb:set package 'project_config' build argument 'cmake_clean_first' from command line to 'False'
[0.175s] Level 5:colcon.colcon_core.verb:set package 'project_config' build argument 'cmake_force_configure' from command line to 'False'
[0.175s] Level 5:colcon.colcon_core.verb:set package 'project_config' build argument 'ament_cmake_args' from command line to 'None'
[0.175s] Level 5:colcon.colcon_core.verb:set package 'project_config' build argument 'catkin_cmake_args' from command line to 'None'
[0.175s] Level 5:colcon.colcon_core.verb:set package 'project_config' build argument 'catkin_skip_building_tests' from command line to 'False'
[0.175s] DEBUG:colcon.colcon_core.verb:Building package 'project_config' with the following arguments: {'ament_cmake_args': None, 'build_base': '/home/maria/rmf_ws/build/project_config', 'catkin_cmake_args': None, 'catkin_skip_building_tests': False, 'cmake_args': None, 'cmake_clean_cache': False, 'cmake_clean_first': False, 'cmake_force_configure': False, 'cmake_target': None, 'cmake_target_skip_unavailable': False, 'install_base': '/home/maria/rmf_ws/install/project_config', 'merge_install': False, 'path': '/home/maria/rmf_ws/src/project/project_config', 'symlink_install': True, 'test_result_base': None}
[0.176s] INFO:colcon.colcon_core.executor:Executing jobs using 'parallel' executor
[0.176s] DEBUG:colcon.colcon_parallel_executor.executor.parallel:run_until_complete
[0.177s] INFO:colcon.colcon_ros.task.ament_python.build:Building ROS package in '/home/maria/rmf_ws/src/rmf_visualization/rmf_visualization_building_systems' with build type 'ament_python'
[0.177s] Level 1:colcon.colcon_core.shell:create_environment_hook('rmf_visualization_building_systems', 'ament_prefix_path')
[0.179s] INFO:colcon.colcon_core.plugin_system:Skipping extension 'colcon_core.shell.bat': Not used on non-Windows systems
[0.179s] INFO:colcon.colcon_core.shell:Creating environment hook '/home/maria/rmf_ws/install/rmf_visualization_building_systems/share/rmf_visualization_building_systems/hook/ament_prefix_path.ps1'
[0.179s] INFO:colcon.colcon_core.shell:Creating environment descriptor '/home/maria/rmf_ws/install/rmf_visualization_building_systems/share/rmf_visualization_building_systems/hook/ament_prefix_path.dsv'
[0.179s] INFO:colcon.colcon_core.shell:Creating environment hook '/home/maria/rmf_ws/install/rmf_visualization_building_systems/share/rmf_visualization_building_systems/hook/ament_prefix_path.sh'
[0.180s] INFO:colcon.colcon_core.shell:Skip shell extension 'powershell' for command environment: Not usable outside of PowerShell
[0.180s] DEBUG:colcon.colcon_core.shell:Skip shell extension 'dsv' for command environment
[0.185s] INFO:colcon.colcon_ros.task.ament_cmake.build:Building ROS package in '/home/maria/rmf_ws/src/rmf_visualization/rmf_visualization_fleet_states' with build type 'ament_cmake'
[0.185s] INFO:colcon.colcon_cmake.task.cmake.build:Building CMake package in '/home/maria/rmf_ws/src/rmf_visualization/rmf_visualization_fleet_states'
[0.186s] INFO:colcon.colcon_core.shell:Skip shell extension 'powershell' for command environment: Not usable outside of PowerShell
[0.186s] DEBUG:colcon.colcon_core.shell:Skip shell extension 'dsv' for command environment
[0.191s] INFO:colcon.colcon_ros.task.ament_cmake.build:Building ROS package in '/home/maria/rmf_ws/src/rmf_visualization/rmf_visualization_floorplans' with build type 'ament_cmake'
[0.191s] INFO:colcon.colcon_cmake.task.cmake.build:Building CMake package in '/home/maria/rmf_ws/src/rmf_visualization/rmf_visualization_floorplans'
[0.191s] INFO:colcon.colcon_core.shell:Skip shell extension 'powershell' for command environment: Not usable outside of PowerShell
[0.191s] DEBUG:colcon.colcon_core.shell:Skip shell extension 'dsv' for command environment
[0.196s] INFO:colcon.colcon_ros.task.ament_cmake.build:Building ROS package in '/home/maria/rmf_ws/src/rmf_visualization/rmf_visualization_navgraphs' with build type 'ament_cmake'
[0.196s] INFO:colcon.colcon_cmake.task.cmake.build:Building CMake package in '/home/maria/rmf_ws/src/rmf_visualization/rmf_visualization_navgraphs'
[0.197s] INFO:colcon.colcon_core.shell:Skip shell extension 'powershell' for command environment: Not usable outside of PowerShell
[0.197s] DEBUG:colcon.colcon_core.shell:Skip shell extension 'dsv' for command environment
[0.201s] INFO:colcon.colcon_ros.task.ament_cmake.build:Building ROS package in '/home/maria/rmf_ws/src/rmf_visualization/rmf_visualization_obstacles' with build type 'ament_cmake'
[0.201s] INFO:colcon.colcon_cmake.task.cmake.build:Building CMake package in '/home/maria/rmf_ws/src/rmf_visualization/rmf_visualization_obstacles'
[0.201s] INFO:colcon.colcon_core.shell:Skip shell extension 'powershell' for command environment: Not usable outside of PowerShell
[0.201s] DEBUG:colcon.colcon_core.shell:Skip shell extension 'dsv' for command environment
[0.206s] INFO:colcon.colcon_ros.task.ament_cmake.build:Building ROS package in '/home/maria/rmf_ws/src/rmf_visualization/rmf_visualization_rviz2_plugins' with build type 'ament_cmake'
[0.206s] INFO:colcon.colcon_cmake.task.cmake.build:Building CMake package in '/home/maria/rmf_ws/src/rmf_visualization/rmf_visualization_rviz2_plugins'
[0.206s] INFO:colcon.colcon_core.shell:Skip shell extension 'powershell' for command environment: Not usable outside of PowerShell
[0.206s] DEBUG:colcon.colcon_core.shell:Skip shell extension 'dsv' for command environment
[0.211s] INFO:colcon.colcon_ros.task.ament_cmake.build:Building ROS package in '/home/maria/rmf_ws/src/rmf_visualization/rmf_visualization_schedule' with build type 'ament_cmake'
[0.211s] INFO:colcon.colcon_cmake.task.cmake.build:Building CMake package in '/home/maria/rmf_ws/src/rmf_visualization/rmf_visualization_schedule'
[0.211s] INFO:colcon.colcon_core.shell:Skip shell extension 'powershell' for command environment: Not usable outside of PowerShell
[0.211s] DEBUG:colcon.colcon_core.shell:Skip shell extension 'dsv' for command environment
[0.215s] INFO:colcon.colcon_ros.task.ament_cmake.build:Building ROS package in '/home/maria/rmf_ws/src/rmf_simulation/rmf_building_sim_gz_plugins' with build type 'ament_cmake'
[0.216s] INFO:colcon.colcon_cmake.task.cmake.build:Building CMake package in '/home/maria/rmf_ws/src/rmf_simulation/rmf_building_sim_gz_plugins'
[0.216s] INFO:colcon.colcon_core.shell:Skip shell extension 'powershell' for command environment: Not usable outside of PowerShell
[0.216s] DEBUG:colcon.colcon_core.shell:Skip shell extension 'dsv' for command environment
[0.376s] INFO:colcon.colcon_core.task.python.build:Building Python package in '/home/maria/rmf_ws/src/rmf_visualization/rmf_visualization_building_systems'
[0.376s] INFO:colcon.colcon_core.shell:Skip shell extension 'powershell' for command environment: Not usable outside of PowerShell
[0.376s] DEBUG:colcon.colcon_core.shell:Skip shell extension 'dsv' for command environment
[0.382s] DEBUG:colcon.colcon_core.event_handler.log_command:Invoking command in '/home/maria/rmf_ws/build/rmf_visualization_fleet_states': CMAKE_PREFIX_PATH=/rmf_demos_ws/install/rmf_workcell_msgs:/rmf_demos_ws/install/rmf_demos_gz:/rmf_demos_ws/install/rmf_demos:/rmf_demos_ws/install/rmf_reservation_node:/rmf_demos_ws/install/rmf_fleet_adapter_python:/rmf_demos_ws/install/rmf_fleet_adapter:/rmf_demos_ws/install/rmf_task_ros2:/rmf_demos_ws/install/rmf_websocket:/rmf_demos_ws/install/rmf_visualization:/rmf_demos_ws/install/rmf_visualization_schedule:/rmf_demos_ws/install/rmf_visualization_rviz2_plugins:/rmf_demos_ws/install/rmf_visualization_obstacles:/rmf_demos_ws/install/rmf_visualization_navgraphs:/rmf_demos_ws/install/rmf_visualization_floorplans:/rmf_demos_ws/install/rmf_visualization_fleet_states:/rmf_demos_ws/install/rmf_visualization_msgs:/rmf_demos_ws/install/rmf_traffic_ros2:/rmf_demos_ws/install/rmf_task_sequence:/rmf_demos_ws/install/rmf_task:/rmf_demos_ws/install/rmf_battery:/rmf_demos_ws/install/rmf_traffic:/rmf_demos_ws/install/rmf_utils:/rmf_demos_ws/install/rmf_traffic_msgs:/rmf_demos_ws/install/rmf_traffic_editor_test_maps:/rmf_demos_ws/install/rmf_traffic_editor_assets:/rmf_demos_ws/install/rmf_traffic_editor:/rmf_demos_ws/install/rmf_task_msgs:/rmf_demos_ws/install/rmf_site_map_msgs:/rmf_demos_ws/install/rmf_scheduler_msgs:/rmf_demos_ws/install/rmf_robot_sim_gz_plugins:/rmf_demos_ws/install/rmf_robot_sim_common:/rmf_demos_ws/install/rmf_reservation_msgs:/rmf_demos_ws/install/rmf_obstacle_msgs:/rmf_demos_ws/install/rmf_building_sim_gz_plugins:/rmf_demos_ws/install/rmf_lift_msgs:/rmf_demos_ws/install/rmf_ingestor_msgs:/rmf_demos_ws/install/rmf_fleet_msgs:/rmf_demos_ws/install/rmf_door_msgs:/rmf_demos_ws/install/rmf_dispenser_msgs:/rmf_demos_ws/install/rmf_demos_maps:/rmf_demos_ws/install/rmf_demos_assets:/rmf_demos_ws/install/rmf_charger_msgs:/rmf_demos_ws/install/rmf_building_map_msgs:/rmf_demos_ws/install/rmf_api_msgs:/rmf_demos_ws/install/nlohmann_json_schema_validator_vendor:/rmf_demos_ws/install/rmf_demos_fleet_adapter:/rmf_demos_ws/install/rmf_visualization_building_systems:/rmf_demos_ws/install/rmf_traffic_examples:/rmf_demos_ws/install/rmf_demos_bridges:/rmf_demos_ws/install/rmf_demos_tasks:/rmf_demos_ws/install/rmf_building_map_tools:/rmf_demos_ws/install/rmf_charging_schedule:/opt/ros/jazzy:/rmf_demos_ws/install/menge_vendor:/rmf_demos_ws/install/ament_cmake_catch2:/opt/ros/jazzy/opt/gz_sim_vendor:/opt/ros/jazzy/opt/gz_sensors_vendor:/opt/ros/jazzy/opt/gz_physics_vendor:/opt/ros/jazzy/opt/sdformat_vendor:/opt/ros/jazzy/opt/gz_gui_vendor:/opt/ros/jazzy/opt/gz_transport_vendor:/opt/ros/jazzy/opt/gz_rendering_vendor:/opt/ros/jazzy/opt/gz_plugin_vendor:/opt/ros/jazzy/opt/gz_fuel_tools_vendor:/opt/ros/jazzy/opt/gz_msgs_vendor:/opt/ros/jazzy/opt/gz_common_vendor:/opt/ros/jazzy/opt/gz_math_vendor:/opt/ros/jazzy/opt/gz_utils_vendor:/opt/ros/jazzy/opt/gz_tools_vendor:/opt/ros/jazzy/opt/gz_ogre_next_vendor:/opt/ros/jazzy/opt/gz_dartsim_vendor:/opt/ros/jazzy/opt/gz_cmake_vendor /usr/bin/cmake /home/maria/rmf_ws/src/rmf_visualization/rmf_visualization_fleet_states -DAMENT_CMAKE_SYMLINK_INSTALL=1 -DCMAKE_INSTALL_PREFIX=/home/maria/rmf_ws/install/rmf_visualization_fleet_states
[0.385s] DEBUG:colcon.colcon_core.event_handler.log_command:Invoking command in '/home/maria/rmf_ws/build/rmf_visualization_floorplans': CMAKE_PREFIX_PATH=/rmf_demos_ws/install/rmf_workcell_msgs:/rmf_demos_ws/install/rmf_demos_gz:/rmf_demos_ws/install/rmf_demos:/rmf_demos_ws/install/rmf_reservation_node:/rmf_demos_ws/install/rmf_fleet_adapter_python:/rmf_demos_ws/install/rmf_fleet_adapter:/rmf_demos_ws/install/rmf_task_ros2:/rmf_demos_ws/install/rmf_websocket:/rmf_demos_ws/install/rmf_visualization:/rmf_demos_ws/install/rmf_visualization_schedule:/rmf_demos_ws/install/rmf_visualization_rviz2_plugins:/rmf_demos_ws/install/rmf_visualization_obstacles:/rmf_demos_ws/install/rmf_visualization_navgraphs:/rmf_demos_ws/install/rmf_visualization_floorplans:/rmf_demos_ws/install/rmf_visualization_fleet_states:/rmf_demos_ws/install/rmf_visualization_msgs:/rmf_demos_ws/install/rmf_traffic_ros2:/rmf_demos_ws/install/rmf_task_sequence:/rmf_demos_ws/install/rmf_task:/rmf_demos_ws/install/rmf_battery:/rmf_demos_ws/install/rmf_traffic:/rmf_demos_ws/install/rmf_utils:/rmf_demos_ws/install/rmf_traffic_msgs:/rmf_demos_ws/install/rmf_traffic_editor_test_maps:/rmf_demos_ws/install/rmf_traffic_editor_assets:/rmf_demos_ws/install/rmf_traffic_editor:/rmf_demos_ws/install/rmf_task_msgs:/rmf_demos_ws/install/rmf_site_map_msgs:/rmf_demos_ws/install/rmf_scheduler_msgs:/rmf_demos_ws/install/rmf_robot_sim_gz_plugins:/rmf_demos_ws/install/rmf_robot_sim_common:/rmf_demos_ws/install/rmf_reservation_msgs:/rmf_demos_ws/install/rmf_obstacle_msgs:/rmf_demos_ws/install/rmf_building_sim_gz_plugins:/rmf_demos_ws/install/rmf_lift_msgs:/rmf_demos_ws/install/rmf_ingestor_msgs:/rmf_demos_ws/install/rmf_fleet_msgs:/rmf_demos_ws/install/rmf_door_msgs:/rmf_demos_ws/install/rmf_dispenser_msgs:/rmf_demos_ws/install/rmf_demos_maps:/rmf_demos_ws/install/rmf_demos_assets:/rmf_demos_ws/install/rmf_charger_msgs:/rmf_demos_ws/install/rmf_building_map_msgs:/rmf_demos_ws/install/rmf_api_msgs:/rmf_demos_ws/install/nlohmann_json_schema_validator_vendor:/rmf_demos_ws/install/rmf_demos_fleet_adapter:/rmf_demos_ws/install/rmf_visualization_building_systems:/rmf_demos_ws/install/rmf_traffic_examples:/rmf_demos_ws/install/rmf_demos_bridges:/rmf_demos_ws/install/rmf_demos_tasks:/rmf_demos_ws/install/rmf_building_map_tools:/rmf_demos_ws/install/rmf_charging_schedule:/opt/ros/jazzy:/rmf_demos_ws/install/menge_vendor:/rmf_demos_ws/install/ament_cmake_catch2:/opt/ros/jazzy/opt/gz_sim_vendor:/opt/ros/jazzy/opt/gz_sensors_vendor:/opt/ros/jazzy/opt/gz_physics_vendor:/opt/ros/jazzy/opt/sdformat_vendor:/opt/ros/jazzy/opt/gz_gui_vendor:/opt/ros/jazzy/opt/gz_transport_vendor:/opt/ros/jazzy/opt/gz_rendering_vendor:/opt/ros/jazzy/opt/gz_plugin_vendor:/opt/ros/jazzy/opt/gz_fuel_tools_vendor:/opt/ros/jazzy/opt/gz_msgs_vendor:/opt/ros/jazzy/opt/gz_common_vendor:/opt/ros/jazzy/opt/gz_math_vendor:/opt/ros/jazzy/opt/gz_utils_vendor:/opt/ros/jazzy/opt/gz_tools_vendor:/opt/ros/jazzy/opt/gz_ogre_next_vendor:/opt/ros/jazzy/opt/gz_dartsim_vendor:/opt/ros/jazzy/opt/gz_cmake_vendor /usr/bin/cmake /home/maria/rmf_ws/src/rmf_visualization/rmf_visualization_floorplans -DAMENT_CMAKE_SYMLINK_INSTALL=1 -DCMAKE_INSTALL_PREFIX=/home/maria/rmf_ws/install/rmf_visualization_floorplans
[0.386s] DEBUG:colcon.colcon_core.event_handler.log_command:Invoking command in '/home/maria/rmf_ws/build/rmf_visualization_navgraphs': CMAKE_PREFIX_PATH=/rmf_demos_ws/install/rmf_workcell_msgs:/rmf_demos_ws/install/rmf_demos_gz:/rmf_demos_ws/install/rmf_demos:/rmf_demos_ws/install/rmf_reservation_node:/rmf_demos_ws/install/rmf_fleet_adapter_python:/rmf_demos_ws/install/rmf_fleet_adapter:/rmf_demos_ws/install/rmf_task_ros2:/rmf_demos_ws/install/rmf_websocket:/rmf_demos_ws/install/rmf_visualization:/rmf_demos_ws/install/rmf_visualization_schedule:/rmf_demos_ws/install/rmf_visualization_rviz2_plugins:/rmf_demos_ws/install/rmf_visualization_obstacles:/rmf_demos_ws/install/rmf_visualization_navgraphs:/rmf_demos_ws/install/rmf_visualization_floorplans:/rmf_demos_ws/install/rmf_visualization_fleet_states:/rmf_demos_ws/install/rmf_visualization_msgs:/rmf_demos_ws/install/rmf_traffic_ros2:/rmf_demos_ws/install/rmf_task_sequence:/rmf_demos_ws/install/rmf_task:/rmf_demos_ws/install/rmf_battery:/rmf_demos_ws/install/rmf_traffic:/rmf_demos_ws/install/rmf_utils:/rmf_demos_ws/install/rmf_traffic_msgs:/rmf_demos_ws/install/rmf_traffic_editor_test_maps:/rmf_demos_ws/install/rmf_traffic_editor_assets:/rmf_demos_ws/install/rmf_traffic_editor:/rmf_demos_ws/install/rmf_task_msgs:/rmf_demos_ws/install/rmf_site_map_msgs:/rmf_demos_ws/install/rmf_scheduler_msgs:/rmf_demos_ws/install/rmf_robot_sim_gz_plugins:/rmf_demos_ws/install/rmf_robot_sim_common:/rmf_demos_ws/install/rmf_reservation_msgs:/rmf_demos_ws/install/rmf_obstacle_msgs:/rmf_demos_ws/install/rmf_building_sim_gz_plugins:/rmf_demos_ws/install/rmf_lift_msgs:/rmf_demos_ws/install/rmf_ingestor_msgs:/rmf_demos_ws/install/rmf_fleet_msgs:/rmf_demos_ws/install/rmf_door_msgs:/rmf_demos_ws/install/rmf_dispenser_msgs:/rmf_demos_ws/install/rmf_demos_maps:/rmf_demos_ws/install/rmf_demos_assets:/rmf_demos_ws/install/rmf_charger_msgs:/rmf_demos_ws/install/rmf_building_map_msgs:/rmf_demos_ws/install/rmf_api_msgs:/rmf_demos_ws/install/nlohmann_json_schema_validator_vendor:/rmf_demos_ws/install/rmf_demos_fleet_adapter:/rmf_demos_ws/install/rmf_visualization_building_systems:/rmf_demos_ws/install/rmf_traffic_examples:/rmf_demos_ws/install/rmf_demos_bridges:/rmf_demos_ws/install/rmf_demos_tasks:/rmf_demos_ws/install/rmf_building_map_tools:/rmf_demos_ws/install/rmf_charging_schedule:/opt/ros/jazzy:/rmf_demos_ws/install/menge_vendor:/rmf_demos_ws/install/ament_cmake_catch2:/opt/ros/jazzy/opt/gz_sim_vendor:/opt/ros/jazzy/opt/gz_sensors_vendor:/opt/ros/jazzy/opt/gz_physics_vendor:/opt/ros/jazzy/opt/sdformat_vendor:/opt/ros/jazzy/opt/gz_gui_vendor:/opt/ros/jazzy/opt/gz_transport_vendor:/opt/ros/jazzy/opt/gz_rendering_vendor:/opt/ros/jazzy/opt/gz_plugin_vendor:/opt/ros/jazzy/opt/gz_fuel_tools_vendor:/opt/ros/jazzy/opt/gz_msgs_vendor:/opt/ros/jazzy/opt/gz_common_vendor:/opt/ros/jazzy/opt/gz_math_vendor:/opt/ros/jazzy/opt/gz_utils_vendor:/opt/ros/jazzy/opt/gz_tools_vendor:/opt/ros/jazzy/opt/gz_ogre_next_vendor:/opt/ros/jazzy/opt/gz_dartsim_vendor:/opt/ros/jazzy/opt/gz_cmake_vendor /usr/bin/cmake /home/maria/rmf_ws/src/rmf_visualization/rmf_visualization_navgraphs -DAMENT_CMAKE_SYMLINK_INSTALL=1 -DCMAKE_INSTALL_PREFIX=/home/maria/rmf_ws/install/rmf_visualization_navgraphs
[0.388s] DEBUG:colcon.colcon_core.event_handler.log_command:Invoking command in '/home/maria/rmf_ws/build/rmf_visualization_obstacles': CMAKE_PREFIX_PATH=/rmf_demos_ws/install/rmf_workcell_msgs:/rmf_demos_ws/install/rmf_demos_gz:/rmf_demos_ws/install/rmf_demos:/rmf_demos_ws/install/rmf_reservation_node:/rmf_demos_ws/install/rmf_fleet_adapter_python:/rmf_demos_ws/install/rmf_fleet_adapter:/rmf_demos_ws/install/rmf_task_ros2:/rmf_demos_ws/install/rmf_websocket:/rmf_demos_ws/install/rmf_visualization:/rmf_demos_ws/install/rmf_visualization_schedule:/rmf_demos_ws/install/rmf_visualization_rviz2_plugins:/rmf_demos_ws/install/rmf_visualization_obstacles:/rmf_demos_ws/install/rmf_visualization_navgraphs:/rmf_demos_ws/install/rmf_visualization_floorplans:/rmf_demos_ws/install/rmf_visualization_fleet_states:/rmf_demos_ws/install/rmf_visualization_msgs:/rmf_demos_ws/install/rmf_traffic_ros2:/rmf_demos_ws/install/rmf_task_sequence:/rmf_demos_ws/install/rmf_task:/rmf_demos_ws/install/rmf_battery:/rmf_demos_ws/install/rmf_traffic:/rmf_demos_ws/install/rmf_utils:/rmf_demos_ws/install/rmf_traffic_msgs:/rmf_demos_ws/install/rmf_traffic_editor_test_maps:/rmf_demos_ws/install/rmf_traffic_editor_assets:/rmf_demos_ws/install/rmf_traffic_editor:/rmf_demos_ws/install/rmf_task_msgs:/rmf_demos_ws/install/rmf_site_map_msgs:/rmf_demos_ws/install/rmf_scheduler_msgs:/rmf_demos_ws/install/rmf_robot_sim_gz_plugins:/rmf_demos_ws/install/rmf_robot_sim_common:/rmf_demos_ws/install/rmf_reservation_msgs:/rmf_demos_ws/install/rmf_obstacle_msgs:/rmf_demos_ws/install/rmf_building_sim_gz_plugins:/rmf_demos_ws/install/rmf_lift_msgs:/rmf_demos_ws/install/rmf_ingestor_msgs:/rmf_demos_ws/install/rmf_fleet_msgs:/rmf_demos_ws/install/rmf_door_msgs:/rmf_demos_ws/install/rmf_dispenser_msgs:/rmf_demos_ws/install/rmf_demos_maps:/rmf_demos_ws/install/rmf_demos_assets:/rmf_demos_ws/install/rmf_charger_msgs:/rmf_demos_ws/install/rmf_building_map_msgs:/rmf_demos_ws/install/rmf_api_msgs:/rmf_demos_ws/install/nlohmann_json_schema_validator_vendor:/rmf_demos_ws/install/rmf_demos_fleet_adapter:/rmf_demos_ws/install/rmf_visualization_building_systems:/rmf_demos_ws/install/rmf_traffic_examples:/rmf_demos_ws/install/rmf_demos_bridges:/rmf_demos_ws/install/rmf_demos_tasks:/rmf_demos_ws/install/rmf_building_map_tools:/rmf_demos_ws/install/rmf_charging_schedule:/opt/ros/jazzy:/rmf_demos_ws/install/menge_vendor:/rmf_demos_ws/install/ament_cmake_catch2:/opt/ros/jazzy/opt/gz_sim_vendor:/opt/ros/jazzy/opt/gz_sensors_vendor:/opt/ros/jazzy/opt/gz_physics_vendor:/opt/ros/jazzy/opt/sdformat_vendor:/opt/ros/jazzy/opt/gz_gui_vendor:/opt/ros/jazzy/opt/gz_transport_vendor:/opt/ros/jazzy/opt/gz_rendering_vendor:/opt/ros/jazzy/opt/gz_plugin_vendor:/opt/ros/jazzy/opt/gz_fuel_tools_vendor:/opt/ros/jazzy/opt/gz_msgs_vendor:/opt/ros/jazzy/opt/gz_common_vendor:/opt/ros/jazzy/opt/gz_math_vendor:/opt/ros/jazzy/opt/gz_utils_vendor:/opt/ros/jazzy/opt/gz_tools_vendor:/opt/ros/jazzy/opt/gz_ogre_next_vendor:/opt/ros/jazzy/opt/gz_dartsim_vendor:/opt/ros/jazzy/opt/gz_cmake_vendor /usr/bin/cmake /home/maria/rmf_ws/src/rmf_visualization/rmf_visualization_obstacles -DAMENT_CMAKE_SYMLINK_INSTALL=1 -DCMAKE_INSTALL_PREFIX=/home/maria/rmf_ws/install/rmf_visualization_obstacles
[0.390s] DEBUG:colcon.colcon_core.event_handler.log_command:Invoking command in '/home/maria/rmf_ws/build/rmf_visualization_rviz2_plugins': CMAKE_PREFIX_PATH=/rmf_demos_ws/install/rmf_workcell_msgs:/rmf_demos_ws/install/rmf_demos_gz:/rmf_demos_ws/install/rmf_demos:/rmf_demos_ws/install/rmf_reservation_node:/rmf_demos_ws/install/rmf_fleet_adapter_python:/rmf_demos_ws/install/rmf_fleet_adapter:/rmf_demos_ws/install/rmf_task_ros2:/rmf_demos_ws/install/rmf_websocket:/rmf_demos_ws/install/rmf_visualization:/rmf_demos_ws/install/rmf_visualization_schedule:/rmf_demos_ws/install/rmf_visualization_rviz2_plugins:/rmf_demos_ws/install/rmf_visualization_obstacles:/rmf_demos_ws/install/rmf_visualization_navgraphs:/rmf_demos_ws/install/rmf_visualization_floorplans:/rmf_demos_ws/install/rmf_visualization_fleet_states:/rmf_demos_ws/install/rmf_visualization_msgs:/rmf_demos_ws/install/rmf_traffic_ros2:/rmf_demos_ws/install/rmf_task_sequence:/rmf_demos_ws/install/rmf_task:/rmf_demos_ws/install/rmf_battery:/rmf_demos_ws/install/rmf_traffic:/rmf_demos_ws/install/rmf_utils:/rmf_demos_ws/install/rmf_traffic_msgs:/rmf_demos_ws/install/rmf_traffic_editor_test_maps:/rmf_demos_ws/install/rmf_traffic_editor_assets:/rmf_demos_ws/install/rmf_traffic_editor:/rmf_demos_ws/install/rmf_task_msgs:/rmf_demos_ws/install/rmf_site_map_msgs:/rmf_demos_ws/install/rmf_scheduler_msgs:/rmf_demos_ws/install/rmf_robot_sim_gz_plugins:/rmf_demos_ws/install/rmf_robot_sim_common:/rmf_demos_ws/install/rmf_reservation_msgs:/rmf_demos_ws/install/rmf_obstacle_msgs:/rmf_demos_ws/install/rmf_building_sim_gz_plugins:/rmf_demos_ws/install/rmf_lift_msgs:/rmf_demos_ws/install/rmf_ingestor_msgs:/rmf_demos_ws/install/rmf_fleet_msgs:/rmf_demos_ws/install/rmf_door_msgs:/rmf_demos_ws/install/rmf_dispenser_msgs:/rmf_demos_ws/install/rmf_demos_maps:/rmf_demos_ws/install/rmf_demos_assets:/rmf_demos_ws/install/rmf_charger_msgs:/rmf_demos_ws/install/rmf_building_map_msgs:/rmf_demos_ws/install/rmf_api_msgs:/rmf_demos_ws/install/nlohmann_json_schema_validator_vendor:/rmf_demos_ws/install/rmf_demos_fleet_adapter:/rmf_demos_ws/install/rmf_visualization_building_systems:/rmf_demos_ws/install/rmf_traffic_examples:/rmf_demos_ws/install/rmf_demos_bridges:/rmf_demos_ws/install/rmf_demos_tasks:/rmf_demos_ws/install/rmf_building_map_tools:/rmf_demos_ws/install/rmf_charging_schedule:/opt/ros/jazzy:/rmf_demos_ws/install/menge_vendor:/rmf_demos_ws/install/ament_cmake_catch2:/opt/ros/jazzy/opt/gz_sim_vendor:/opt/ros/jazzy/opt/gz_sensors_vendor:/opt/ros/jazzy/opt/gz_physics_vendor:/opt/ros/jazzy/opt/sdformat_vendor:/opt/ros/jazzy/opt/gz_gui_vendor:/opt/ros/jazzy/opt/gz_transport_vendor:/opt/ros/jazzy/opt/gz_rendering_vendor:/opt/ros/jazzy/opt/gz_plugin_vendor:/opt/ros/jazzy/opt/gz_fuel_tools_vendor:/opt/ros/jazzy/opt/gz_msgs_vendor:/opt/ros/jazzy/opt/gz_common_vendor:/opt/ros/jazzy/opt/gz_math_vendor:/opt/ros/jazzy/opt/gz_utils_vendor:/opt/ros/jazzy/opt/gz_tools_vendor:/opt/ros/jazzy/opt/gz_ogre_next_vendor:/opt/ros/jazzy/opt/gz_dartsim_vendor:/opt/ros/jazzy/opt/gz_cmake_vendor /usr/bin/cmake /home/maria/rmf_ws/src/rmf_visualization/rmf_visualization_rviz2_plugins -DAMENT_CMAKE_SYMLINK_INSTALL=1 -DCMAKE_INSTALL_PREFIX=/home/maria/rmf_ws/install/rmf_visualization_rviz2_plugins
[0.391s] DEBUG:colcon.colcon_core.event_handler.log_command:Invoking command in '/home/maria/rmf_ws/build/rmf_visualization_schedule': CMAKE_PREFIX_PATH=/rmf_demos_ws/install/rmf_workcell_msgs:/rmf_demos_ws/install/rmf_demos_gz:/rmf_demos_ws/install/rmf_demos:/rmf_demos_ws/install/rmf_reservation_node:/rmf_demos_ws/install/rmf_fleet_adapter_python:/rmf_demos_ws/install/rmf_fleet_adapter:/rmf_demos_ws/install/rmf_task_ros2:/rmf_demos_ws/install/rmf_websocket:/rmf_demos_ws/install/rmf_visualization:/rmf_demos_ws/install/rmf_visualization_schedule:/rmf_demos_ws/install/rmf_visualization_rviz2_plugins:/rmf_demos_ws/install/rmf_visualization_obstacles:/rmf_demos_ws/install/rmf_visualization_navgraphs:/rmf_demos_ws/install/rmf_visualization_floorplans:/rmf_demos_ws/install/rmf_visualization_fleet_states:/rmf_demos_ws/install/rmf_visualization_msgs:/rmf_demos_ws/install/rmf_traffic_ros2:/rmf_demos_ws/install/rmf_task_sequence:/rmf_demos_ws/install/rmf_task:/rmf_demos_ws/install/rmf_battery:/rmf_demos_ws/install/rmf_traffic:/rmf_demos_ws/install/rmf_utils:/rmf_demos_ws/install/rmf_traffic_msgs:/rmf_demos_ws/install/rmf_traffic_editor_test_maps:/rmf_demos_ws/install/rmf_traffic_editor_assets:/rmf_demos_ws/install/rmf_traffic_editor:/rmf_demos_ws/install/rmf_task_msgs:/rmf_demos_ws/install/rmf_site_map_msgs:/rmf_demos_ws/install/rmf_scheduler_msgs:/rmf_demos_ws/install/rmf_robot_sim_gz_plugins:/rmf_demos_ws/install/rmf_robot_sim_common:/rmf_demos_ws/install/rmf_reservation_msgs:/rmf_demos_ws/install/rmf_obstacle_msgs:/rmf_demos_ws/install/rmf_building_sim_gz_plugins:/rmf_demos_ws/install/rmf_lift_msgs:/rmf_demos_ws/install/rmf_ingestor_msgs:/rmf_demos_ws/install/rmf_fleet_msgs:/rmf_demos_ws/install/rmf_door_msgs:/rmf_demos_ws/install/rmf_dispenser_msgs:/rmf_demos_ws/install/rmf_demos_maps:/rmf_demos_ws/install/rmf_demos_assets:/rmf_demos_ws/install/rmf_charger_msgs:/rmf_demos_ws/install/rmf_building_map_msgs:/rmf_demos_ws/install/rmf_api_msgs:/rmf_demos_ws/install/nlohmann_json_schema_validator_vendor:/rmf_demos_ws/install/rmf_demos_fleet_adapter:/rmf_demos_ws/install/rmf_visualization_building_systems:/rmf_demos_ws/install/rmf_traffic_examples:/rmf_demos_ws/install/rmf_demos_bridges:/rmf_demos_ws/install/rmf_demos_tasks:/rmf_demos_ws/install/rmf_building_map_tools:/rmf_demos_ws/install/rmf_charging_schedule:/opt/ros/jazzy:/rmf_demos_ws/install/menge_vendor:/rmf_demos_ws/install/ament_cmake_catch2:/opt/ros/jazzy/opt/gz_sim_vendor:/opt/ros/jazzy/opt/gz_sensors_vendor:/opt/ros/jazzy/opt/gz_physics_vendor:/opt/ros/jazzy/opt/sdformat_vendor:/opt/ros/jazzy/opt/gz_gui_vendor:/opt/ros/jazzy/opt/gz_transport_vendor:/opt/ros/jazzy/opt/gz_rendering_vendor:/opt/ros/jazzy/opt/gz_plugin_vendor:/opt/ros/jazzy/opt/gz_fuel_tools_vendor:/opt/ros/jazzy/opt/gz_msgs_vendor:/opt/ros/jazzy/opt/gz_common_vendor:/opt/ros/jazzy/opt/gz_math_vendor:/opt/ros/jazzy/opt/gz_utils_vendor:/opt/ros/jazzy/opt/gz_tools_vendor:/opt/ros/jazzy/opt/gz_ogre_next_vendor:/opt/ros/jazzy/opt/gz_dartsim_vendor:/opt/ros/jazzy/opt/gz_cmake_vendor /usr/bin/cmake /home/maria/rmf_ws/src/rmf_visualization/rmf_visualization_schedule -DAMENT_CMAKE_SYMLINK_INSTALL=1 -DCMAKE_INSTALL_PREFIX=/home/maria/rmf_ws/install/rmf_visualization_schedule
[0.396s] DEBUG:colcon.colcon_core.event_handler.log_command:Invoking command in '/home/maria/rmf_ws/build/rmf_building_sim_gz_plugins': CMAKE_PREFIX_PATH=/rmf_demos_ws/install/rmf_workcell_msgs:/rmf_demos_ws/install/rmf_demos_gz:/rmf_demos_ws/install/rmf_demos:/rmf_demos_ws/install/rmf_reservation_node:/rmf_demos_ws/install/rmf_fleet_adapter_python:/rmf_demos_ws/install/rmf_fleet_adapter:/rmf_demos_ws/install/rmf_task_ros2:/rmf_demos_ws/install/rmf_websocket:/rmf_demos_ws/install/rmf_visualization:/rmf_demos_ws/install/rmf_visualization_schedule:/rmf_demos_ws/install/rmf_visualization_rviz2_plugins:/rmf_demos_ws/install/rmf_visualization_obstacles:/rmf_demos_ws/install/rmf_visualization_navgraphs:/rmf_demos_ws/install/rmf_visualization_floorplans:/rmf_demos_ws/install/rmf_visualization_fleet_states:/rmf_demos_ws/install/rmf_visualization_msgs:/rmf_demos_ws/install/rmf_traffic_ros2:/rmf_demos_ws/install/rmf_task_sequence:/rmf_demos_ws/install/rmf_task:/rmf_demos_ws/install/rmf_battery:/rmf_demos_ws/install/rmf_traffic:/rmf_demos_ws/install/rmf_utils:/rmf_demos_ws/install/rmf_traffic_msgs:/rmf_demos_ws/install/rmf_traffic_editor_test_maps:/rmf_demos_ws/install/rmf_traffic_editor_assets:/rmf_demos_ws/install/rmf_traffic_editor:/rmf_demos_ws/install/rmf_task_msgs:/rmf_demos_ws/install/rmf_site_map_msgs:/rmf_demos_ws/install/rmf_scheduler_msgs:/rmf_demos_ws/install/rmf_robot_sim_gz_plugins:/rmf_demos_ws/install/rmf_robot_sim_common:/rmf_demos_ws/install/rmf_reservation_msgs:/rmf_demos_ws/install/rmf_obstacle_msgs:/rmf_demos_ws/install/rmf_building_sim_gz_plugins:/rmf_demos_ws/install/rmf_lift_msgs:/rmf_demos_ws/install/rmf_ingestor_msgs:/rmf_demos_ws/install/rmf_fleet_msgs:/rmf_demos_ws/install/rmf_door_msgs:/rmf_demos_ws/install/rmf_dispenser_msgs:/rmf_demos_ws/install/rmf_demos_maps:/rmf_demos_ws/install/rmf_demos_assets:/rmf_demos_ws/install/rmf_charger_msgs:/rmf_demos_ws/install/rmf_building_map_msgs:/rmf_demos_ws/install/rmf_api_msgs:/rmf_demos_ws/install/nlohmann_json_schema_validator_vendor:/rmf_demos_ws/install/rmf_demos_fleet_adapter:/rmf_demos_ws/install/rmf_visualization_building_systems:/rmf_demos_ws/install/rmf_traffic_examples:/rmf_demos_ws/install/rmf_demos_bridges:/rmf_demos_ws/install/rmf_demos_tasks:/rmf_demos_ws/install/rmf_building_map_tools:/rmf_demos_ws/install/rmf_charging_schedule:/opt/ros/jazzy:/rmf_demos_ws/install/menge_vendor:/rmf_demos_ws/install/ament_cmake_catch2:/opt/ros/jazzy/opt/gz_sim_vendor:/opt/ros/jazzy/opt/gz_sensors_vendor:/opt/ros/jazzy/opt/gz_physics_vendor:/opt/ros/jazzy/opt/sdformat_vendor:/opt/ros/jazzy/opt/gz_gui_vendor:/opt/ros/jazzy/opt/gz_transport_vendor:/opt/ros/jazzy/opt/gz_rendering_vendor:/opt/ros/jazzy/opt/gz_plugin_vendor:/opt/ros/jazzy/opt/gz_fuel_tools_vendor:/opt/ros/jazzy/opt/gz_msgs_vendor:/opt/ros/jazzy/opt/gz_common_vendor:/opt/ros/jazzy/opt/gz_math_vendor:/opt/ros/jazzy/opt/gz_utils_vendor:/opt/ros/jazzy/opt/gz_tools_vendor:/opt/ros/jazzy/opt/gz_ogre_next_vendor:/opt/ros/jazzy/opt/gz_dartsim_vendor:/opt/ros/jazzy/opt/gz_cmake_vendor /usr/bin/cmake /home/maria/rmf_ws/src/rmf_simulation/rmf_building_sim_gz_plugins -DAMENT_CMAKE_SYMLINK_INSTALL=1 -DCMAKE_INSTALL_PREFIX=/home/maria/rmf_ws/install/rmf_building_sim_gz_plugins
[1.228s] DEBUG:colcon.colcon_core.event_handler.log_command:Invoking command in '/home/maria/rmf_ws/build/rmf_visualization_building_systems': PYTHONPATH=/home/maria/rmf_ws/build/rmf_visualization_building_systems/prefix_override:/usr/lib/python3/dist-packages/colcon_core/task/python/colcon_distutils_commands:/home/maria/rmf_ws/install/rmf_visualization_building_systems/lib/python3.12/site-packages:${PYTHONPATH} /usr/bin/python3 -W ignore:setup.py install is deprecated -W ignore:easy_install command is deprecated setup.py develop --editable --build-directory /home/maria/rmf_ws/build/rmf_visualization_building_systems/build --no-deps symlink_data
[2.964s] DEBUG:colcon.colcon_core.event_handler.log_command:Invoked command in '/home/maria/rmf_ws/build/rmf_visualization_floorplans' returned '0': CMAKE_PREFIX_PATH=/rmf_demos_ws/install/rmf_workcell_msgs:/rmf_demos_ws/install/rmf_demos_gz:/rmf_demos_ws/install/rmf_demos:/rmf_demos_ws/install/rmf_reservation_node:/rmf_demos_ws/install/rmf_fleet_adapter_python:/rmf_demos_ws/install/rmf_fleet_adapter:/rmf_demos_ws/install/rmf_task_ros2:/rmf_demos_ws/install/rmf_websocket:/rmf_demos_ws/install/rmf_visualization:/rmf_demos_ws/install/rmf_visualization_schedule:/rmf_demos_ws/install/rmf_visualization_rviz2_plugins:/rmf_demos_ws/install/rmf_visualization_obstacles:/rmf_demos_ws/install/rmf_visualization_navgraphs:/rmf_demos_ws/install/rmf_visualization_floorplans:/rmf_demos_ws/install/rmf_visualization_fleet_states:/rmf_demos_ws/install/rmf_visualization_msgs:/rmf_demos_ws/install/rmf_traffic_ros2:/rmf_demos_ws/install/rmf_task_sequence:/rmf_demos_ws/install/rmf_task:/rmf_demos_ws/install/rmf_battery:/rmf_demos_ws/install/rmf_traffic:/rmf_demos_ws/install/rmf_utils:/rmf_demos_ws/install/rmf_traffic_msgs:/rmf_demos_ws/install/rmf_traffic_editor_test_maps:/rmf_demos_ws/install/rmf_traffic_editor_assets:/rmf_demos_ws/install/rmf_traffic_editor:/rmf_demos_ws/install/rmf_task_msgs:/rmf_demos_ws/install/rmf_site_map_msgs:/rmf_demos_ws/install/rmf_scheduler_msgs:/rmf_demos_ws/install/rmf_robot_sim_gz_plugins:/rmf_demos_ws/install/rmf_robot_sim_common:/rmf_demos_ws/install/rmf_reservation_msgs:/rmf_demos_ws/install/rmf_obstacle_msgs:/rmf_demos_ws/install/rmf_building_sim_gz_plugins:/rmf_demos_ws/install/rmf_lift_msgs:/rmf_demos_ws/install/rmf_ingestor_msgs:/rmf_demos_ws/install/rmf_fleet_msgs:/rmf_demos_ws/install/rmf_door_msgs:/rmf_demos_ws/install/rmf_dispenser_msgs:/rmf_demos_ws/install/rmf_demos_maps:/rmf_demos_ws/install/rmf_demos_assets:/rmf_demos_ws/install/rmf_charger_msgs:/rmf_demos_ws/install/rmf_building_map_msgs:/rmf_demos_ws/install/rmf_api_msgs:/rmf_demos_ws/install/nlohmann_json_schema_validator_vendor:/rmf_demos_ws/install/rmf_demos_fleet_adapter:/rmf_demos_ws/install/rmf_visualization_building_systems:/rmf_demos_ws/install/rmf_traffic_examples:/rmf_demos_ws/install/rmf_demos_bridges:/rmf_demos_ws/install/rmf_demos_tasks:/rmf_demos_ws/install/rmf_building_map_tools:/rmf_demos_ws/install/rmf_charging_schedule:/opt/ros/jazzy:/rmf_demos_ws/install/menge_vendor:/rmf_demos_ws/install/ament_cmake_catch2:/opt/ros/jazzy/opt/gz_sim_vendor:/opt/ros/jazzy/opt/gz_sensors_vendor:/opt/ros/jazzy/opt/gz_physics_vendor:/opt/ros/jazzy/opt/sdformat_vendor:/opt/ros/jazzy/opt/gz_gui_vendor:/opt/ros/jazzy/opt/gz_transport_vendor:/opt/ros/jazzy/opt/gz_rendering_vendor:/opt/ros/jazzy/opt/gz_plugin_vendor:/opt/ros/jazzy/opt/gz_fuel_tools_vendor:/opt/ros/jazzy/opt/gz_msgs_vendor:/opt/ros/jazzy/opt/gz_common_vendor:/opt/ros/jazzy/opt/gz_math_vendor:/opt/ros/jazzy/opt/gz_utils_vendor:/opt/ros/jazzy/opt/gz_tools_vendor:/opt/ros/jazzy/opt/gz_ogre_next_vendor:/opt/ros/jazzy/opt/gz_dartsim_vendor:/opt/ros/jazzy/opt/gz_cmake_vendor /usr/bin/cmake /home/maria/rmf_ws/src/rmf_visualization/rmf_visualization_floorplans -DAMENT_CMAKE_SYMLINK_INSTALL=1 -DCMAKE_INSTALL_PREFIX=/home/maria/rmf_ws/install/rmf_visualization_floorplans
[2.964s] DEBUG:colcon.colcon_core.event_handler.log_command:Invoking command in '/home/maria/rmf_ws/build/rmf_visualization_floorplans': CMAKE_PREFIX_PATH=/rmf_demos_ws/install/rmf_workcell_msgs:/rmf_demos_ws/install/rmf_demos_gz:/rmf_demos_ws/install/rmf_demos:/rmf_demos_ws/install/rmf_reservation_node:/rmf_demos_ws/install/rmf_fleet_adapter_python:/rmf_demos_ws/install/rmf_fleet_adapter:/rmf_demos_ws/install/rmf_task_ros2:/rmf_demos_ws/install/rmf_websocket:/rmf_demos_ws/install/rmf_visualization:/rmf_demos_ws/install/rmf_visualization_schedule:/rmf_demos_ws/install/rmf_visualization_rviz2_plugins:/rmf_demos_ws/install/rmf_visualization_obstacles:/rmf_demos_ws/install/rmf_visualization_navgraphs:/rmf_demos_ws/install/rmf_visualization_floorplans:/rmf_demos_ws/install/rmf_visualization_fleet_states:/rmf_demos_ws/install/rmf_visualization_msgs:/rmf_demos_ws/install/rmf_traffic_ros2:/rmf_demos_ws/install/rmf_task_sequence:/rmf_demos_ws/install/rmf_task:/rmf_demos_ws/install/rmf_battery:/rmf_demos_ws/install/rmf_traffic:/rmf_demos_ws/install/rmf_utils:/rmf_demos_ws/install/rmf_traffic_msgs:/rmf_demos_ws/install/rmf_traffic_editor_test_maps:/rmf_demos_ws/install/rmf_traffic_editor_assets:/rmf_demos_ws/install/rmf_traffic_editor:/rmf_demos_ws/install/rmf_task_msgs:/rmf_demos_ws/install/rmf_site_map_msgs:/rmf_demos_ws/install/rmf_scheduler_msgs:/rmf_demos_ws/install/rmf_robot_sim_gz_plugins:/rmf_demos_ws/install/rmf_robot_sim_common:/rmf_demos_ws/install/rmf_reservation_msgs:/rmf_demos_ws/install/rmf_obstacle_msgs:/rmf_demos_ws/install/rmf_building_sim_gz_plugins:/rmf_demos_ws/install/rmf_lift_msgs:/rmf_demos_ws/install/rmf_ingestor_msgs:/rmf_demos_ws/install/rmf_fleet_msgs:/rmf_demos_ws/install/rmf_door_msgs:/rmf_demos_ws/install/rmf_dispenser_msgs:/rmf_demos_ws/install/rmf_demos_maps:/rmf_demos_ws/install/rmf_demos_assets:/rmf_demos_ws/install/rmf_charger_msgs:/rmf_demos_ws/install/rmf_building_map_msgs:/rmf_demos_ws/install/rmf_api_msgs:/rmf_demos_ws/install/nlohmann_json_schema_validator_vendor:/rmf_demos_ws/install/rmf_demos_fleet_adapter:/rmf_demos_ws/install/rmf_visualization_building_systems:/rmf_demos_ws/install/rmf_traffic_examples:/rmf_demos_ws/install/rmf_demos_bridges:/rmf_demos_ws/install/rmf_demos_tasks:/rmf_demos_ws/install/rmf_building_map_tools:/rmf_demos_ws/install/rmf_charging_schedule:/opt/ros/jazzy:/rmf_demos_ws/install/menge_vendor:/rmf_demos_ws/install/ament_cmake_catch2:/opt/ros/jazzy/opt/gz_sim_vendor:/opt/ros/jazzy/opt/gz_sensors_vendor:/opt/ros/jazzy/opt/gz_physics_vendor:/opt/ros/jazzy/opt/sdformat_vendor:/opt/ros/jazzy/opt/gz_gui_vendor:/opt/ros/jazzy/opt/gz_transport_vendor:/opt/ros/jazzy/opt/gz_rendering_vendor:/opt/ros/jazzy/opt/gz_plugin_vendor:/opt/ros/jazzy/opt/gz_fuel_tools_vendor:/opt/ros/jazzy/opt/gz_msgs_vendor:/opt/ros/jazzy/opt/gz_common_vendor:/opt/ros/jazzy/opt/gz_math_vendor:/opt/ros/jazzy/opt/gz_utils_vendor:/opt/ros/jazzy/opt/gz_tools_vendor:/opt/ros/jazzy/opt/gz_ogre_next_vendor:/opt/ros/jazzy/opt/gz_dartsim_vendor:/opt/ros/jazzy/opt/gz_cmake_vendor /usr/bin/cmake --build /home/maria/rmf_ws/build/rmf_visualization_floorplans -- -j8 -l8
[2.967s] Level 1:colcon.colcon_core.shell:create_environment_hook('rmf_visualization_building_systems', 'pythonpath_develop')
[2.968s] INFO:colcon.colcon_core.shell:Creating environment hook '/home/maria/rmf_ws/build/rmf_visualization_building_systems/share/rmf_visualization_building_systems/hook/pythonpath_develop.ps1'
[2.969s] DEBUG:colcon.colcon_core.event_handler.log_command:Invoked command in '/home/maria/rmf_ws/build/rmf_visualization_building_systems' returned '0': PYTHONPATH=/home/maria/rmf_ws/build/rmf_visualization_building_systems/prefix_override:/usr/lib/python3/dist-packages/colcon_core/task/python/colcon_distutils_commands:/home/maria/rmf_ws/install/rmf_visualization_building_systems/lib/python3.12/site-packages:${PYTHONPATH} /usr/bin/python3 -W ignore:setup.py install is deprecated -W ignore:easy_install command is deprecated setup.py develop --editable --build-directory /home/maria/rmf_ws/build/rmf_visualization_building_systems/build --no-deps symlink_data
[2.969s] INFO:colcon.colcon_core.shell:Creating environment descriptor '/home/maria/rmf_ws/build/rmf_visualization_building_systems/share/rmf_visualization_building_systems/hook/pythonpath_develop.dsv'
[2.970s] INFO:colcon.colcon_core.shell:Creating environment hook '/home/maria/rmf_ws/build/rmf_visualization_building_systems/share/rmf_visualization_building_systems/hook/pythonpath_develop.sh'
[2.972s] Level 1:colcon.colcon_core.environment:checking '/home/maria/rmf_ws/install/rmf_visualization_building_systems' for CMake module files
[2.973s] Level 1:colcon.colcon_core.environment:checking '/home/maria/rmf_ws/install/rmf_visualization_building_systems' for CMake config files
[2.973s] Level 1:colcon.colcon_core.environment:checking '/home/maria/rmf_ws/install/rmf_visualization_building_systems/lib'
[2.973s] Level 1:colcon.colcon_core.environment:checking '/home/maria/rmf_ws/install/rmf_visualization_building_systems/bin'
[2.973s] Level 1:colcon.colcon_core.environment:checking '/home/maria/rmf_ws/install/rmf_visualization_building_systems/lib/pkgconfig/rmf_visualization_building_systems.pc'
[2.974s] Level 1:colcon.colcon_core.environment:checking '/home/maria/rmf_ws/install/rmf_visualization_building_systems/lib/python3.12/site-packages'
[2.974s] Level 1:colcon.colcon_core.shell:create_environment_hook('rmf_visualization_building_systems', 'pythonpath')
[2.974s] INFO:colcon.colcon_core.shell:Creating environment hook '/home/maria/rmf_ws/install/rmf_visualization_building_systems/share/rmf_visualization_building_systems/hook/pythonpath.ps1'
[2.974s] INFO:colcon.colcon_core.shell:Creating environment descriptor '/home/maria/rmf_ws/install/rmf_visualization_building_systems/share/rmf_visualization_building_systems/hook/pythonpath.dsv'
[2.975s] INFO:colcon.colcon_core.shell:Creating environment hook '/home/maria/rmf_ws/install/rmf_visualization_building_systems/share/rmf_visualization_building_systems/hook/pythonpath.sh'
[2.976s] Level 1:colcon.colcon_core.environment:checking '/home/maria/rmf_ws/install/rmf_visualization_building_systems/bin'
[2.976s] Level 1:colcon.colcon_core.environment:create_environment_scripts_only(rmf_visualization_building_systems)
[2.976s] INFO:colcon.colcon_core.shell:Creating package script '/home/maria/rmf_ws/install/rmf_visualization_building_systems/share/rmf_visualization_building_systems/package.ps1'
[2.977s] INFO:colcon.colcon_core.shell:Creating package descriptor '/home/maria/rmf_ws/install/rmf_visualization_building_systems/share/rmf_visualization_building_systems/package.dsv'
[2.978s] INFO:colcon.colcon_core.shell:Creating package script '/home/maria/rmf_ws/install/rmf_visualization_building_systems/share/rmf_visualization_building_systems/package.sh'
[2.979s] INFO:colcon.colcon_core.shell:Creating package script '/home/maria/rmf_ws/install/rmf_visualization_building_systems/share/rmf_visualization_building_systems/package.bash'
[2.979s] INFO:colcon.colcon_core.shell:Creating package script '/home/maria/rmf_ws/install/rmf_visualization_building_systems/share/rmf_visualization_building_systems/package.zsh'
[2.980s] Level 1:colcon.colcon_core.environment:create_file_with_runtime_dependencies(/home/maria/rmf_ws/install/rmf_visualization_building_systems/share/colcon-core/packages/rmf_visualization_building_systems)
[2.981s] INFO:colcon.colcon_ros.task.ament_cmake.build:Building ROS package in '/home/maria/rmf_ws/src/rmf_simulation/rmf_robot_sim_common' with build type 'ament_cmake'
[2.981s] INFO:colcon.colcon_cmake.task.cmake.build:Building CMake package in '/home/maria/rmf_ws/src/rmf_simulation/rmf_robot_sim_common'
[2.981s] INFO:colcon.colcon_core.shell:Skip shell extension 'powershell' for command environment: Not usable outside of PowerShell
[2.981s] DEBUG:colcon.colcon_core.shell:Skip shell extension 'dsv' for command environment
[2.991s] DEBUG:colcon.colcon_core.event_handler.log_command:Invoked command in '/home/maria/rmf_ws/build/rmf_visualization_fleet_states' returned '0': CMAKE_PREFIX_PATH=/rmf_demos_ws/install/rmf_workcell_msgs:/rmf_demos_ws/install/rmf_demos_gz:/rmf_demos_ws/install/rmf_demos:/rmf_demos_ws/install/rmf_reservation_node:/rmf_demos_ws/install/rmf_fleet_adapter_python:/rmf_demos_ws/install/rmf_fleet_adapter:/rmf_demos_ws/install/rmf_task_ros2:/rmf_demos_ws/install/rmf_websocket:/rmf_demos_ws/install/rmf_visualization:/rmf_demos_ws/install/rmf_visualization_schedule:/rmf_demos_ws/install/rmf_visualization_rviz2_plugins:/rmf_demos_ws/install/rmf_visualization_obstacles:/rmf_demos_ws/install/rmf_visualization_navgraphs:/rmf_demos_ws/install/rmf_visualization_floorplans:/rmf_demos_ws/install/rmf_visualization_fleet_states:/rmf_demos_ws/install/rmf_visualization_msgs:/rmf_demos_ws/install/rmf_traffic_ros2:/rmf_demos_ws/install/rmf_task_sequence:/rmf_demos_ws/install/rmf_task:/rmf_demos_ws/install/rmf_battery:/rmf_demos_ws/install/rmf_traffic:/rmf_demos_ws/install/rmf_utils:/rmf_demos_ws/install/rmf_traffic_msgs:/rmf_demos_ws/install/rmf_traffic_editor_test_maps:/rmf_demos_ws/install/rmf_traffic_editor_assets:/rmf_demos_ws/install/rmf_traffic_editor:/rmf_demos_ws/install/rmf_task_msgs:/rmf_demos_ws/install/rmf_site_map_msgs:/rmf_demos_ws/install/rmf_scheduler_msgs:/rmf_demos_ws/install/rmf_robot_sim_gz_plugins:/rmf_demos_ws/install/rmf_robot_sim_common:/rmf_demos_ws/install/rmf_reservation_msgs:/rmf_demos_ws/install/rmf_obstacle_msgs:/rmf_demos_ws/install/rmf_building_sim_gz_plugins:/rmf_demos_ws/install/rmf_lift_msgs:/rmf_demos_ws/install/rmf_ingestor_msgs:/rmf_demos_ws/install/rmf_fleet_msgs:/rmf_demos_ws/install/rmf_door_msgs:/rmf_demos_ws/install/rmf_dispenser_msgs:/rmf_demos_ws/install/rmf_demos_maps:/rmf_demos_ws/install/rmf_demos_assets:/rmf_demos_ws/install/rmf_charger_msgs:/rmf_demos_ws/install/rmf_building_map_msgs:/rmf_demos_ws/install/rmf_api_msgs:/rmf_demos_ws/install/nlohmann_json_schema_validator_vendor:/rmf_demos_ws/install/rmf_demos_fleet_adapter:/rmf_demos_ws/install/rmf_visualization_building_systems:/rmf_demos_ws/install/rmf_traffic_examples:/rmf_demos_ws/install/rmf_demos_bridges:/rmf_demos_ws/install/rmf_demos_tasks:/rmf_demos_ws/install/rmf_building_map_tools:/rmf_demos_ws/install/rmf_charging_schedule:/opt/ros/jazzy:/rmf_demos_ws/install/menge_vendor:/rmf_demos_ws/install/ament_cmake_catch2:/opt/ros/jazzy/opt/gz_sim_vendor:/opt/ros/jazzy/opt/gz_sensors_vendor:/opt/ros/jazzy/opt/gz_physics_vendor:/opt/ros/jazzy/opt/sdformat_vendor:/opt/ros/jazzy/opt/gz_gui_vendor:/opt/ros/jazzy/opt/gz_transport_vendor:/opt/ros/jazzy/opt/gz_rendering_vendor:/opt/ros/jazzy/opt/gz_plugin_vendor:/opt/ros/jazzy/opt/gz_fuel_tools_vendor:/opt/ros/jazzy/opt/gz_msgs_vendor:/opt/ros/jazzy/opt/gz_common_vendor:/opt/ros/jazzy/opt/gz_math_vendor:/opt/ros/jazzy/opt/gz_utils_vendor:/opt/ros/jazzy/opt/gz_tools_vendor:/opt/ros/jazzy/opt/gz_ogre_next_vendor:/opt/ros/jazzy/opt/gz_dartsim_vendor:/opt/ros/jazzy/opt/gz_cmake_vendor /usr/bin/cmake /home/maria/rmf_ws/src/rmf_visualization/rmf_visualization_fleet_states -DAMENT_CMAKE_SYMLINK_INSTALL=1 -DCMAKE_INSTALL_PREFIX=/home/maria/rmf_ws/install/rmf_visualization_fleet_states
[2.991s] DEBUG:colcon.colcon_core.event_handler.log_command:Invoking command in '/home/maria/rmf_ws/build/rmf_visualization_fleet_states': CMAKE_PREFIX_PATH=/rmf_demos_ws/install/rmf_workcell_msgs:/rmf_demos_ws/install/rmf_demos_gz:/rmf_demos_ws/install/rmf_demos:/rmf_demos_ws/install/rmf_reservation_node:/rmf_demos_ws/install/rmf_fleet_adapter_python:/rmf_demos_ws/install/rmf_fleet_adapter:/rmf_demos_ws/install/rmf_task_ros2:/rmf_demos_ws/install/rmf_websocket:/rmf_demos_ws/install/rmf_visualization:/rmf_demos_ws/install/rmf_visualization_schedule:/rmf_demos_ws/install/rmf_visualization_rviz2_plugins:/rmf_demos_ws/install/rmf_visualization_obstacles:/rmf_demos_ws/install/rmf_visualization_navgraphs:/rmf_demos_ws/install/rmf_visualization_floorplans:/rmf_demos_ws/install/rmf_visualization_fleet_states:/rmf_demos_ws/install/rmf_visualization_msgs:/rmf_demos_ws/install/rmf_traffic_ros2:/rmf_demos_ws/install/rmf_task_sequence:/rmf_demos_ws/install/rmf_task:/rmf_demos_ws/install/rmf_battery:/rmf_demos_ws/install/rmf_traffic:/rmf_demos_ws/install/rmf_utils:/rmf_demos_ws/install/rmf_traffic_msgs:/rmf_demos_ws/install/rmf_traffic_editor_test_maps:/rmf_demos_ws/install/rmf_traffic_editor_assets:/rmf_demos_ws/install/rmf_traffic_editor:/rmf_demos_ws/install/rmf_task_msgs:/rmf_demos_ws/install/rmf_site_map_msgs:/rmf_demos_ws/install/rmf_scheduler_msgs:/rmf_demos_ws/install/rmf_robot_sim_gz_plugins:/rmf_demos_ws/install/rmf_robot_sim_common:/rmf_demos_ws/install/rmf_reservation_msgs:/rmf_demos_ws/install/rmf_obstacle_msgs:/rmf_demos_ws/install/rmf_building_sim_gz_plugins:/rmf_demos_ws/install/rmf_lift_msgs:/rmf_demos_ws/install/rmf_ingestor_msgs:/rmf_demos_ws/install/rmf_fleet_msgs:/rmf_demos_ws/install/rmf_door_msgs:/rmf_demos_ws/install/rmf_dispenser_msgs:/rmf_demos_ws/install/rmf_demos_maps:/rmf_demos_ws/install/rmf_demos_assets:/rmf_demos_ws/install/rmf_charger_msgs:/rmf_demos_ws/install/rmf_building_map_msgs:/rmf_demos_ws/install/rmf_api_msgs:/rmf_demos_ws/install/nlohmann_json_schema_validator_vendor:/rmf_demos_ws/install/rmf_demos_fleet_adapter:/rmf_demos_ws/install/rmf_visualization_building_systems:/rmf_demos_ws/install/rmf_traffic_examples:/rmf_demos_ws/install/rmf_demos_bridges:/rmf_demos_ws/install/rmf_demos_tasks:/rmf_demos_ws/install/rmf_building_map_tools:/rmf_demos_ws/install/rmf_charging_schedule:/opt/ros/jazzy:/rmf_demos_ws/install/menge_vendor:/rmf_demos_ws/install/ament_cmake_catch2:/opt/ros/jazzy/opt/gz_sim_vendor:/opt/ros/jazzy/opt/gz_sensors_vendor:/opt/ros/jazzy/opt/gz_physics_vendor:/opt/ros/jazzy/opt/sdformat_vendor:/opt/ros/jazzy/opt/gz_gui_vendor:/opt/ros/jazzy/opt/gz_transport_vendor:/opt/ros/jazzy/opt/gz_rendering_vendor:/opt/ros/jazzy/opt/gz_plugin_vendor:/opt/ros/jazzy/opt/gz_fuel_tools_vendor:/opt/ros/jazzy/opt/gz_msgs_vendor:/opt/ros/jazzy/opt/gz_common_vendor:/opt/ros/jazzy/opt/gz_math_vendor:/opt/ros/jazzy/opt/gz_utils_vendor:/opt/ros/jazzy/opt/gz_tools_vendor:/opt/ros/jazzy/opt/gz_ogre_next_vendor:/opt/ros/jazzy/opt/gz_dartsim_vendor:/opt/ros/jazzy/opt/gz_cmake_vendor /usr/bin/cmake --build /home/maria/rmf_ws/build/rmf_visualization_fleet_states -- -j8 -l8
[2.992s] DEBUG:colcon.colcon_core.event_handler.log_command:Invoked command in '/home/maria/rmf_ws/build/rmf_visualization_obstacles' returned '0': CMAKE_PREFIX_PATH=/rmf_demos_ws/install/rmf_workcell_msgs:/rmf_demos_ws/install/rmf_demos_gz:/rmf_demos_ws/install/rmf_demos:/rmf_demos_ws/install/rmf_reservation_node:/rmf_demos_ws/install/rmf_fleet_adapter_python:/rmf_demos_ws/install/rmf_fleet_adapter:/rmf_demos_ws/install/rmf_task_ros2:/rmf_demos_ws/install/rmf_websocket:/rmf_demos_ws/install/rmf_visualization:/rmf_demos_ws/install/rmf_visualization_schedule:/rmf_demos_ws/install/rmf_visualization_rviz2_plugins:/rmf_demos_ws/install/rmf_visualization_obstacles:/rmf_demos_ws/install/rmf_visualization_navgraphs:/rmf_demos_ws/install/rmf_visualization_floorplans:/rmf_demos_ws/install/rmf_visualization_fleet_states:/rmf_demos_ws/install/rmf_visualization_msgs:/rmf_demos_ws/install/rmf_traffic_ros2:/rmf_demos_ws/install/rmf_task_sequence:/rmf_demos_ws/install/rmf_task:/rmf_demos_ws/install/rmf_battery:/rmf_demos_ws/install/rmf_traffic:/rmf_demos_ws/install/rmf_utils:/rmf_demos_ws/install/rmf_traffic_msgs:/rmf_demos_ws/install/rmf_traffic_editor_test_maps:/rmf_demos_ws/install/rmf_traffic_editor_assets:/rmf_demos_ws/install/rmf_traffic_editor:/rmf_demos_ws/install/rmf_task_msgs:/rmf_demos_ws/install/rmf_site_map_msgs:/rmf_demos_ws/install/rmf_scheduler_msgs:/rmf_demos_ws/install/rmf_robot_sim_gz_plugins:/rmf_demos_ws/install/rmf_robot_sim_common:/rmf_demos_ws/install/rmf_reservation_msgs:/rmf_demos_ws/install/rmf_obstacle_msgs:/rmf_demos_ws/install/rmf_building_sim_gz_plugins:/rmf_demos_ws/install/rmf_lift_msgs:/rmf_demos_ws/install/rmf_ingestor_msgs:/rmf_demos_ws/install/rmf_fleet_msgs:/rmf_demos_ws/install/rmf_door_msgs:/rmf_demos_ws/install/rmf_dispenser_msgs:/rmf_demos_ws/install/rmf_demos_maps:/rmf_demos_ws/install/rmf_demos_assets:/rmf_demos_ws/install/rmf_charger_msgs:/rmf_demos_ws/install/rmf_building_map_msgs:/rmf_demos_ws/install/rmf_api_msgs:/rmf_demos_ws/install/nlohmann_json_schema_validator_vendor:/rmf_demos_ws/install/rmf_demos_fleet_adapter:/rmf_demos_ws/install/rmf_visualization_building_systems:/rmf_demos_ws/install/rmf_traffic_examples:/rmf_demos_ws/install/rmf_demos_bridges:/rmf_demos_ws/install/rmf_demos_tasks:/rmf_demos_ws/install/rmf_building_map_tools:/rmf_demos_ws/install/rmf_charging_schedule:/opt/ros/jazzy:/rmf_demos_ws/install/menge_vendor:/rmf_demos_ws/install/ament_cmake_catch2:/opt/ros/jazzy/opt/gz_sim_vendor:/opt/ros/jazzy/opt/gz_sensors_vendor:/opt/ros/jazzy/opt/gz_physics_vendor:/opt/ros/jazzy/opt/sdformat_vendor:/opt/ros/jazzy/opt/gz_gui_vendor:/opt/ros/jazzy/opt/gz_transport_vendor:/opt/ros/jazzy/opt/gz_rendering_vendor:/opt/ros/jazzy/opt/gz_plugin_vendor:/opt/ros/jazzy/opt/gz_fuel_tools_vendor:/opt/ros/jazzy/opt/gz_msgs_vendor:/opt/ros/jazzy/opt/gz_common_vendor:/opt/ros/jazzy/opt/gz_math_vendor:/opt/ros/jazzy/opt/gz_utils_vendor:/opt/ros/jazzy/opt/gz_tools_vendor:/opt/ros/jazzy/opt/gz_ogre_next_vendor:/opt/ros/jazzy/opt/gz_dartsim_vendor:/opt/ros/jazzy/opt/gz_cmake_vendor /usr/bin/cmake /home/maria/rmf_ws/src/rmf_visualization/rmf_visualization_obstacles -DAMENT_CMAKE_SYMLINK_INSTALL=1 -DCMAKE_INSTALL_PREFIX=/home/maria/rmf_ws/install/rmf_visualization_obstacles
[2.993s] DEBUG:colcon.colcon_core.event_handler.log_command:Invoking command in '/home/maria/rmf_ws/build/rmf_visualization_obstacles': CMAKE_PREFIX_PATH=/rmf_demos_ws/install/rmf_workcell_msgs:/rmf_demos_ws/install/rmf_demos_gz:/rmf_demos_ws/install/rmf_demos:/rmf_demos_ws/install/rmf_reservation_node:/rmf_demos_ws/install/rmf_fleet_adapter_python:/rmf_demos_ws/install/rmf_fleet_adapter:/rmf_demos_ws/install/rmf_task_ros2:/rmf_demos_ws/install/rmf_websocket:/rmf_demos_ws/install/rmf_visualization:/rmf_demos_ws/install/rmf_visualization_schedule:/rmf_demos_ws/install/rmf_visualization_rviz2_plugins:/rmf_demos_ws/install/rmf_visualization_obstacles:/rmf_demos_ws/install/rmf_visualization_navgraphs:/rmf_demos_ws/install/rmf_visualization_floorplans:/rmf_demos_ws/install/rmf_visualization_fleet_states:/rmf_demos_ws/install/rmf_visualization_msgs:/rmf_demos_ws/install/rmf_traffic_ros2:/rmf_demos_ws/install/rmf_task_sequence:/rmf_demos_ws/install/rmf_task:/rmf_demos_ws/install/rmf_battery:/rmf_demos_ws/install/rmf_traffic:/rmf_demos_ws/install/rmf_utils:/rmf_demos_ws/install/rmf_traffic_msgs:/rmf_demos_ws/install/rmf_traffic_editor_test_maps:/rmf_demos_ws/install/rmf_traffic_editor_assets:/rmf_demos_ws/install/rmf_traffic_editor:/rmf_demos_ws/install/rmf_task_msgs:/rmf_demos_ws/install/rmf_site_map_msgs:/rmf_demos_ws/install/rmf_scheduler_msgs:/rmf_demos_ws/install/rmf_robot_sim_gz_plugins:/rmf_demos_ws/install/rmf_robot_sim_common:/rmf_demos_ws/install/rmf_reservation_msgs:/rmf_demos_ws/install/rmf_obstacle_msgs:/rmf_demos_ws/install/rmf_building_sim_gz_plugins:/rmf_demos_ws/install/rmf_lift_msgs:/rmf_demos_ws/install/rmf_ingestor_msgs:/rmf_demos_ws/install/rmf_fleet_msgs:/rmf_demos_ws/install/rmf_door_msgs:/rmf_demos_ws/install/rmf_dispenser_msgs:/rmf_demos_ws/install/rmf_demos_maps:/rmf_demos_ws/install/rmf_demos_assets:/rmf_demos_ws/install/rmf_charger_msgs:/rmf_demos_ws/install/rmf_building_map_msgs:/rmf_demos_ws/install/rmf_api_msgs:/rmf_demos_ws/install/nlohmann_json_schema_validator_vendor:/rmf_demos_ws/install/rmf_demos_fleet_adapter:/rmf_demos_ws/install/rmf_visualization_building_systems:/rmf_demos_ws/install/rmf_traffic_examples:/rmf_demos_ws/install/rmf_demos_bridges:/rmf_demos_ws/install/rmf_demos_tasks:/rmf_demos_ws/install/rmf_building_map_tools:/rmf_demos_ws/install/rmf_charging_schedule:/opt/ros/jazzy:/rmf_demos_ws/install/menge_vendor:/rmf_demos_ws/install/ament_cmake_catch2:/opt/ros/jazzy/opt/gz_sim_vendor:/opt/ros/jazzy/opt/gz_sensors_vendor:/opt/ros/jazzy/opt/gz_physics_vendor:/opt/ros/jazzy/opt/sdformat_vendor:/opt/ros/jazzy/opt/gz_gui_vendor:/opt/ros/jazzy/opt/gz_transport_vendor:/opt/ros/jazzy/opt/gz_rendering_vendor:/opt/ros/jazzy/opt/gz_plugin_vendor:/opt/ros/jazzy/opt/gz_fuel_tools_vendor:/opt/ros/jazzy/opt/gz_msgs_vendor:/opt/ros/jazzy/opt/gz_common_vendor:/opt/ros/jazzy/opt/gz_math_vendor:/opt/ros/jazzy/opt/gz_utils_vendor:/opt/ros/jazzy/opt/gz_tools_vendor:/opt/ros/jazzy/opt/gz_ogre_next_vendor:/opt/ros/jazzy/opt/gz_dartsim_vendor:/opt/ros/jazzy/opt/gz_cmake_vendor /usr/bin/cmake --build /home/maria/rmf_ws/build/rmf_visualization_obstacles -- -j8 -l8
[2.999s] DEBUG:colcon.colcon_core.event_handler.log_command:Invoking command in '/home/maria/rmf_ws/build/rmf_robot_sim_common': CMAKE_PREFIX_PATH=/rmf_demos_ws/install/rmf_workcell_msgs:/rmf_demos_ws/install/rmf_demos_gz:/rmf_demos_ws/install/rmf_demos:/rmf_demos_ws/install/rmf_reservation_node:/rmf_demos_ws/install/rmf_fleet_adapter_python:/rmf_demos_ws/install/rmf_fleet_adapter:/rmf_demos_ws/install/rmf_task_ros2:/rmf_demos_ws/install/rmf_websocket:/rmf_demos_ws/install/rmf_visualization:/rmf_demos_ws/install/rmf_visualization_schedule:/rmf_demos_ws/install/rmf_visualization_rviz2_plugins:/rmf_demos_ws/install/rmf_visualization_obstacles:/rmf_demos_ws/install/rmf_visualization_navgraphs:/rmf_demos_ws/install/rmf_visualization_floorplans:/rmf_demos_ws/install/rmf_visualization_fleet_states:/rmf_demos_ws/install/rmf_visualization_msgs:/rmf_demos_ws/install/rmf_traffic_ros2:/rmf_demos_ws/install/rmf_task_sequence:/rmf_demos_ws/install/rmf_task:/rmf_demos_ws/install/rmf_battery:/rmf_demos_ws/install/rmf_traffic:/rmf_demos_ws/install/rmf_utils:/rmf_demos_ws/install/rmf_traffic_msgs:/rmf_demos_ws/install/rmf_traffic_editor_test_maps:/rmf_demos_ws/install/rmf_traffic_editor_assets:/rmf_demos_ws/install/rmf_traffic_editor:/rmf_demos_ws/install/rmf_task_msgs:/rmf_demos_ws/install/rmf_site_map_msgs:/rmf_demos_ws/install/rmf_scheduler_msgs:/rmf_demos_ws/install/rmf_robot_sim_gz_plugins:/rmf_demos_ws/install/rmf_robot_sim_common:/rmf_demos_ws/install/rmf_reservation_msgs:/rmf_demos_ws/install/rmf_obstacle_msgs:/rmf_demos_ws/install/rmf_building_sim_gz_plugins:/rmf_demos_ws/install/rmf_lift_msgs:/rmf_demos_ws/install/rmf_ingestor_msgs:/rmf_demos_ws/install/rmf_fleet_msgs:/rmf_demos_ws/install/rmf_door_msgs:/rmf_demos_ws/install/rmf_dispenser_msgs:/rmf_demos_ws/install/rmf_demos_maps:/rmf_demos_ws/install/rmf_demos_assets:/rmf_demos_ws/install/rmf_charger_msgs:/rmf_demos_ws/install/rmf_building_map_msgs:/rmf_demos_ws/install/rmf_api_msgs:/rmf_demos_ws/install/nlohmann_json_schema_validator_vendor:/rmf_demos_ws/install/rmf_demos_fleet_adapter:/rmf_demos_ws/install/rmf_visualization_building_systems:/rmf_demos_ws/install/rmf_traffic_examples:/rmf_demos_ws/install/rmf_demos_bridges:/rmf_demos_ws/install/rmf_demos_tasks:/rmf_demos_ws/install/rmf_building_map_tools:/rmf_demos_ws/install/rmf_charging_schedule:/opt/ros/jazzy:/rmf_demos_ws/install/menge_vendor:/rmf_demos_ws/install/ament_cmake_catch2:/opt/ros/jazzy/opt/gz_sim_vendor:/opt/ros/jazzy/opt/gz_sensors_vendor:/opt/ros/jazzy/opt/gz_physics_vendor:/opt/ros/jazzy/opt/sdformat_vendor:/opt/ros/jazzy/opt/gz_gui_vendor:/opt/ros/jazzy/opt/gz_transport_vendor:/opt/ros/jazzy/opt/gz_rendering_vendor:/opt/ros/jazzy/opt/gz_plugin_vendor:/opt/ros/jazzy/opt/gz_fuel_tools_vendor:/opt/ros/jazzy/opt/gz_msgs_vendor:/opt/ros/jazzy/opt/gz_common_vendor:/opt/ros/jazzy/opt/gz_math_vendor:/opt/ros/jazzy/opt/gz_utils_vendor:/opt/ros/jazzy/opt/gz_tools_vendor:/opt/ros/jazzy/opt/gz_ogre_next_vendor:/opt/ros/jazzy/opt/gz_dartsim_vendor:/opt/ros/jazzy/opt/gz_cmake_vendor /usr/bin/cmake /home/maria/rmf_ws/src/rmf_simulation/rmf_robot_sim_common -DAMENT_CMAKE_SYMLINK_INSTALL=1 -DCMAKE_INSTALL_PREFIX=/home/maria/rmf_ws/install/rmf_robot_sim_common
[3.865s] DEBUG:colcon.colcon_core.event_handler.log_command:Invoked command in '/home/maria/rmf_ws/build/rmf_visualization_navgraphs' returned '0': CMAKE_PREFIX_PATH=/rmf_demos_ws/install/rmf_workcell_msgs:/rmf_demos_ws/install/rmf_demos_gz:/rmf_demos_ws/install/rmf_demos:/rmf_demos_ws/install/rmf_reservation_node:/rmf_demos_ws/install/rmf_fleet_adapter_python:/rmf_demos_ws/install/rmf_fleet_adapter:/rmf_demos_ws/install/rmf_task_ros2:/rmf_demos_ws/install/rmf_websocket:/rmf_demos_ws/install/rmf_visualization:/rmf_demos_ws/install/rmf_visualization_schedule:/rmf_demos_ws/install/rmf_visualization_rviz2_plugins:/rmf_demos_ws/install/rmf_visualization_obstacles:/rmf_demos_ws/install/rmf_visualization_navgraphs:/rmf_demos_ws/install/rmf_visualization_floorplans:/rmf_demos_ws/install/rmf_visualization_fleet_states:/rmf_demos_ws/install/rmf_visualization_msgs:/rmf_demos_ws/install/rmf_traffic_ros2:/rmf_demos_ws/install/rmf_task_sequence:/rmf_demos_ws/install/rmf_task:/rmf_demos_ws/install/rmf_battery:/rmf_demos_ws/install/rmf_traffic:/rmf_demos_ws/install/rmf_utils:/rmf_demos_ws/install/rmf_traffic_msgs:/rmf_demos_ws/install/rmf_traffic_editor_test_maps:/rmf_demos_ws/install/rmf_traffic_editor_assets:/rmf_demos_ws/install/rmf_traffic_editor:/rmf_demos_ws/install/rmf_task_msgs:/rmf_demos_ws/install/rmf_site_map_msgs:/rmf_demos_ws/install/rmf_scheduler_msgs:/rmf_demos_ws/install/rmf_robot_sim_gz_plugins:/rmf_demos_ws/install/rmf_robot_sim_common:/rmf_demos_ws/install/rmf_reservation_msgs:/rmf_demos_ws/install/rmf_obstacle_msgs:/rmf_demos_ws/install/rmf_building_sim_gz_plugins:/rmf_demos_ws/install/rmf_lift_msgs:/rmf_demos_ws/install/rmf_ingestor_msgs:/rmf_demos_ws/install/rmf_fleet_msgs:/rmf_demos_ws/install/rmf_door_msgs:/rmf_demos_ws/install/rmf_dispenser_msgs:/rmf_demos_ws/install/rmf_demos_maps:/rmf_demos_ws/install/rmf_demos_assets:/rmf_demos_ws/install/rmf_charger_msgs:/rmf_demos_ws/install/rmf_building_map_msgs:/rmf_demos_ws/install/rmf_api_msgs:/rmf_demos_ws/install/nlohmann_json_schema_validator_vendor:/rmf_demos_ws/install/rmf_demos_fleet_adapter:/rmf_demos_ws/install/rmf_visualization_building_systems:/rmf_demos_ws/install/rmf_traffic_examples:/rmf_demos_ws/install/rmf_demos_bridges:/rmf_demos_ws/install/rmf_demos_tasks:/rmf_demos_ws/install/rmf_building_map_tools:/rmf_demos_ws/install/rmf_charging_schedule:/opt/ros/jazzy:/rmf_demos_ws/install/menge_vendor:/rmf_demos_ws/install/ament_cmake_catch2:/opt/ros/jazzy/opt/gz_sim_vendor:/opt/ros/jazzy/opt/gz_sensors_vendor:/opt/ros/jazzy/opt/gz_physics_vendor:/opt/ros/jazzy/opt/sdformat_vendor:/opt/ros/jazzy/opt/gz_gui_vendor:/opt/ros/jazzy/opt/gz_transport_vendor:/opt/ros/jazzy/opt/gz_rendering_vendor:/opt/ros/jazzy/opt/gz_plugin_vendor:/opt/ros/jazzy/opt/gz_fuel_tools_vendor:/opt/ros/jazzy/opt/gz_msgs_vendor:/opt/ros/jazzy/opt/gz_common_vendor:/opt/ros/jazzy/opt/gz_math_vendor:/opt/ros/jazzy/opt/gz_utils_vendor:/opt/ros/jazzy/opt/gz_tools_vendor:/opt/ros/jazzy/opt/gz_ogre_next_vendor:/opt/ros/jazzy/opt/gz_dartsim_vendor:/opt/ros/jazzy/opt/gz_cmake_vendor /usr/bin/cmake /home/maria/rmf_ws/src/rmf_visualization/rmf_visualization_navgraphs -DAMENT_CMAKE_SYMLINK_INSTALL=1 -DCMAKE_INSTALL_PREFIX=/home/maria/rmf_ws/install/rmf_visualization_navgraphs
[3.866s] DEBUG:colcon.colcon_core.event_handler.log_command:Invoking command in '/home/maria/rmf_ws/build/rmf_visualization_navgraphs': CMAKE_PREFIX_PATH=/rmf_demos_ws/install/rmf_workcell_msgs:/rmf_demos_ws/install/rmf_demos_gz:/rmf_demos_ws/install/rmf_demos:/rmf_demos_ws/install/rmf_reservation_node:/rmf_demos_ws/install/rmf_fleet_adapter_python:/rmf_demos_ws/install/rmf_fleet_adapter:/rmf_demos_ws/install/rmf_task_ros2:/rmf_demos_ws/install/rmf_websocket:/rmf_demos_ws/install/rmf_visualization:/rmf_demos_ws/install/rmf_visualization_schedule:/rmf_demos_ws/install/rmf_visualization_rviz2_plugins:/rmf_demos_ws/install/rmf_visualization_obstacles:/rmf_demos_ws/install/rmf_visualization_navgraphs:/rmf_demos_ws/install/rmf_visualization_floorplans:/rmf_demos_ws/install/rmf_visualization_fleet_states:/rmf_demos_ws/install/rmf_visualization_msgs:/rmf_demos_ws/install/rmf_traffic_ros2:/rmf_demos_ws/install/rmf_task_sequence:/rmf_demos_ws/install/rmf_task:/rmf_demos_ws/install/rmf_battery:/rmf_demos_ws/install/rmf_traffic:/rmf_demos_ws/install/rmf_utils:/rmf_demos_ws/install/rmf_traffic_msgs:/rmf_demos_ws/install/rmf_traffic_editor_test_maps:/rmf_demos_ws/install/rmf_traffic_editor_assets:/rmf_demos_ws/install/rmf_traffic_editor:/rmf_demos_ws/install/rmf_task_msgs:/rmf_demos_ws/install/rmf_site_map_msgs:/rmf_demos_ws/install/rmf_scheduler_msgs:/rmf_demos_ws/install/rmf_robot_sim_gz_plugins:/rmf_demos_ws/install/rmf_robot_sim_common:/rmf_demos_ws/install/rmf_reservation_msgs:/rmf_demos_ws/install/rmf_obstacle_msgs:/rmf_demos_ws/install/rmf_building_sim_gz_plugins:/rmf_demos_ws/install/rmf_lift_msgs:/rmf_demos_ws/install/rmf_ingestor_msgs:/rmf_demos_ws/install/rmf_fleet_msgs:/rmf_demos_ws/install/rmf_door_msgs:/rmf_demos_ws/install/rmf_dispenser_msgs:/rmf_demos_ws/install/rmf_demos_maps:/rmf_demos_ws/install/rmf_demos_assets:/rmf_demos_ws/install/rmf_charger_msgs:/rmf_demos_ws/install/rmf_building_map_msgs:/rmf_demos_ws/install/rmf_api_msgs:/rmf_demos_ws/install/nlohmann_json_schema_validator_vendor:/rmf_demos_ws/install/rmf_demos_fleet_adapter:/rmf_demos_ws/install/rmf_visualization_building_systems:/rmf_demos_ws/install/rmf_traffic_examples:/rmf_demos_ws/install/rmf_demos_bridges:/rmf_demos_ws/install/rmf_demos_tasks:/rmf_demos_ws/install/rmf_building_map_tools:/rmf_demos_ws/install/rmf_charging_schedule:/opt/ros/jazzy:/rmf_demos_ws/install/menge_vendor:/rmf_demos_ws/install/ament_cmake_catch2:/opt/ros/jazzy/opt/gz_sim_vendor:/opt/ros/jazzy/opt/gz_sensors_vendor:/opt/ros/jazzy/opt/gz_physics_vendor:/opt/ros/jazzy/opt/sdformat_vendor:/opt/ros/jazzy/opt/gz_gui_vendor:/opt/ros/jazzy/opt/gz_transport_vendor:/opt/ros/jazzy/opt/gz_rendering_vendor:/opt/ros/jazzy/opt/gz_plugin_vendor:/opt/ros/jazzy/opt/gz_fuel_tools_vendor:/opt/ros/jazzy/opt/gz_msgs_vendor:/opt/ros/jazzy/opt/gz_common_vendor:/opt/ros/jazzy/opt/gz_math_vendor:/opt/ros/jazzy/opt/gz_utils_vendor:/opt/ros/jazzy/opt/gz_tools_vendor:/opt/ros/jazzy/opt/gz_ogre_next_vendor:/opt/ros/jazzy/opt/gz_dartsim_vendor:/opt/ros/jazzy/opt/gz_cmake_vendor /usr/bin/cmake --build /home/maria/rmf_ws/build/rmf_visualization_navgraphs -- -j8 -l8
[4.095s] DEBUG:colcon.colcon_core.event_handler.log_command:Invoked command in '/home/maria/rmf_ws/build/rmf_visualization_schedule' returned '0': CMAKE_PREFIX_PATH=/rmf_demos_ws/install/rmf_workcell_msgs:/rmf_demos_ws/install/rmf_demos_gz:/rmf_demos_ws/install/rmf_demos:/rmf_demos_ws/install/rmf_reservation_node:/rmf_demos_ws/install/rmf_fleet_adapter_python:/rmf_demos_ws/install/rmf_fleet_adapter:/rmf_demos_ws/install/rmf_task_ros2:/rmf_demos_ws/install/rmf_websocket:/rmf_demos_ws/install/rmf_visualization:/rmf_demos_ws/install/rmf_visualization_schedule:/rmf_demos_ws/install/rmf_visualization_rviz2_plugins:/rmf_demos_ws/install/rmf_visualization_obstacles:/rmf_demos_ws/install/rmf_visualization_navgraphs:/rmf_demos_ws/install/rmf_visualization_floorplans:/rmf_demos_ws/install/rmf_visualization_fleet_states:/rmf_demos_ws/install/rmf_visualization_msgs:/rmf_demos_ws/install/rmf_traffic_ros2:/rmf_demos_ws/install/rmf_task_sequence:/rmf_demos_ws/install/rmf_task:/rmf_demos_ws/install/rmf_battery:/rmf_demos_ws/install/rmf_traffic:/rmf_demos_ws/install/rmf_utils:/rmf_demos_ws/install/rmf_traffic_msgs:/rmf_demos_ws/install/rmf_traffic_editor_test_maps:/rmf_demos_ws/install/rmf_traffic_editor_assets:/rmf_demos_ws/install/rmf_traffic_editor:/rmf_demos_ws/install/rmf_task_msgs:/rmf_demos_ws/install/rmf_site_map_msgs:/rmf_demos_ws/install/rmf_scheduler_msgs:/rmf_demos_ws/install/rmf_robot_sim_gz_plugins:/rmf_demos_ws/install/rmf_robot_sim_common:/rmf_demos_ws/install/rmf_reservation_msgs:/rmf_demos_ws/install/rmf_obstacle_msgs:/rmf_demos_ws/install/rmf_building_sim_gz_plugins:/rmf_demos_ws/install/rmf_lift_msgs:/rmf_demos_ws/install/rmf_ingestor_msgs:/rmf_demos_ws/install/rmf_fleet_msgs:/rmf_demos_ws/install/rmf_door_msgs:/rmf_demos_ws/install/rmf_dispenser_msgs:/rmf_demos_ws/install/rmf_demos_maps:/rmf_demos_ws/install/rmf_demos_assets:/rmf_demos_ws/install/rmf_charger_msgs:/rmf_demos_ws/install/rmf_building_map_msgs:/rmf_demos_ws/install/rmf_api_msgs:/rmf_demos_ws/install/nlohmann_json_schema_validator_vendor:/rmf_demos_ws/install/rmf_demos_fleet_adapter:/rmf_demos_ws/install/rmf_visualization_building_systems:/rmf_demos_ws/install/rmf_traffic_examples:/rmf_demos_ws/install/rmf_demos_bridges:/rmf_demos_ws/install/rmf_demos_tasks:/rmf_demos_ws/install/rmf_building_map_tools:/rmf_demos_ws/install/rmf_charging_schedule:/opt/ros/jazzy:/rmf_demos_ws/install/menge_vendor:/rmf_demos_ws/install/ament_cmake_catch2:/opt/ros/jazzy/opt/gz_sim_vendor:/opt/ros/jazzy/opt/gz_sensors_vendor:/opt/ros/jazzy/opt/gz_physics_vendor:/opt/ros/jazzy/opt/sdformat_vendor:/opt/ros/jazzy/opt/gz_gui_vendor:/opt/ros/jazzy/opt/gz_transport_vendor:/opt/ros/jazzy/opt/gz_rendering_vendor:/opt/ros/jazzy/opt/gz_plugin_vendor:/opt/ros/jazzy/opt/gz_fuel_tools_vendor:/opt/ros/jazzy/opt/gz_msgs_vendor:/opt/ros/jazzy/opt/gz_common_vendor:/opt/ros/jazzy/opt/gz_math_vendor:/opt/ros/jazzy/opt/gz_utils_vendor:/opt/ros/jazzy/opt/gz_tools_vendor:/opt/ros/jazzy/opt/gz_ogre_next_vendor:/opt/ros/jazzy/opt/gz_dartsim_vendor:/opt/ros/jazzy/opt/gz_cmake_vendor /usr/bin/cmake /home/maria/rmf_ws/src/rmf_visualization/rmf_visualization_schedule -DAMENT_CMAKE_SYMLINK_INSTALL=1 -DCMAKE_INSTALL_PREFIX=/home/maria/rmf_ws/install/rmf_visualization_schedule
[4.096s] DEBUG:colcon.colcon_core.event_handler.log_command:Invoking command in '/home/maria/rmf_ws/build/rmf_visualization_schedule': CMAKE_PREFIX_PATH=/rmf_demos_ws/install/rmf_workcell_msgs:/rmf_demos_ws/install/rmf_demos_gz:/rmf_demos_ws/install/rmf_demos:/rmf_demos_ws/install/rmf_reservation_node:/rmf_demos_ws/install/rmf_fleet_adapter_python:/rmf_demos_ws/install/rmf_fleet_adapter:/rmf_demos_ws/install/rmf_task_ros2:/rmf_demos_ws/install/rmf_websocket:/rmf_demos_ws/install/rmf_visualization:/rmf_demos_ws/install/rmf_visualization_schedule:/rmf_demos_ws/install/rmf_visualization_rviz2_plugins:/rmf_demos_ws/install/rmf_visualization_obstacles:/rmf_demos_ws/install/rmf_visualization_navgraphs:/rmf_demos_ws/install/rmf_visualization_floorplans:/rmf_demos_ws/install/rmf_visualization_fleet_states:/rmf_demos_ws/install/rmf_visualization_msgs:/rmf_demos_ws/install/rmf_traffic_ros2:/rmf_demos_ws/install/rmf_task_sequence:/rmf_demos_ws/install/rmf_task:/rmf_demos_ws/install/rmf_battery:/rmf_demos_ws/install/rmf_traffic:/rmf_demos_ws/install/rmf_utils:/rmf_demos_ws/install/rmf_traffic_msgs:/rmf_demos_ws/install/rmf_traffic_editor_test_maps:/rmf_demos_ws/install/rmf_traffic_editor_assets:/rmf_demos_ws/install/rmf_traffic_editor:/rmf_demos_ws/install/rmf_task_msgs:/rmf_demos_ws/install/rmf_site_map_msgs:/rmf_demos_ws/install/rmf_scheduler_msgs:/rmf_demos_ws/install/rmf_robot_sim_gz_plugins:/rmf_demos_ws/install/rmf_robot_sim_common:/rmf_demos_ws/install/rmf_reservation_msgs:/rmf_demos_ws/install/rmf_obstacle_msgs:/rmf_demos_ws/install/rmf_building_sim_gz_plugins:/rmf_demos_ws/install/rmf_lift_msgs:/rmf_demos_ws/install/rmf_ingestor_msgs:/rmf_demos_ws/install/rmf_fleet_msgs:/rmf_demos_ws/install/rmf_door_msgs:/rmf_demos_ws/install/rmf_dispenser_msgs:/rmf_demos_ws/install/rmf_demos_maps:/rmf_demos_ws/install/rmf_demos_assets:/rmf_demos_ws/install/rmf_charger_msgs:/rmf_demos_ws/install/rmf_building_map_msgs:/rmf_demos_ws/install/rmf_api_msgs:/rmf_demos_ws/install/nlohmann_json_schema_validator_vendor:/rmf_demos_ws/install/rmf_demos_fleet_adapter:/rmf_demos_ws/install/rmf_visualization_building_systems:/rmf_demos_ws/install/rmf_traffic_examples:/rmf_demos_ws/install/rmf_demos_bridges:/rmf_demos_ws/install/rmf_demos_tasks:/rmf_demos_ws/install/rmf_building_map_tools:/rmf_demos_ws/install/rmf_charging_schedule:/opt/ros/jazzy:/rmf_demos_ws/install/menge_vendor:/rmf_demos_ws/install/ament_cmake_catch2:/opt/ros/jazzy/opt/gz_sim_vendor:/opt/ros/jazzy/opt/gz_sensors_vendor:/opt/ros/jazzy/opt/gz_physics_vendor:/opt/ros/jazzy/opt/sdformat_vendor:/opt/ros/jazzy/opt/gz_gui_vendor:/opt/ros/jazzy/opt/gz_transport_vendor:/opt/ros/jazzy/opt/gz_rendering_vendor:/opt/ros/jazzy/opt/gz_plugin_vendor:/opt/ros/jazzy/opt/gz_fuel_tools_vendor:/opt/ros/jazzy/opt/gz_msgs_vendor:/opt/ros/jazzy/opt/gz_common_vendor:/opt/ros/jazzy/opt/gz_math_vendor:/opt/ros/jazzy/opt/gz_utils_vendor:/opt/ros/jazzy/opt/gz_tools_vendor:/opt/ros/jazzy/opt/gz_ogre_next_vendor:/opt/ros/jazzy/opt/gz_dartsim_vendor:/opt/ros/jazzy/opt/gz_cmake_vendor /usr/bin/cmake --build /home/maria/rmf_ws/build/rmf_visualization_schedule -- -j8 -l8
[8.330s] DEBUG:colcon.colcon_core.event_handler.log_command:Invoked command in '/home/maria/rmf_ws/build/rmf_visualization_rviz2_plugins' returned '0': CMAKE_PREFIX_PATH=/rmf_demos_ws/install/rmf_workcell_msgs:/rmf_demos_ws/install/rmf_demos_gz:/rmf_demos_ws/install/rmf_demos:/rmf_demos_ws/install/rmf_reservation_node:/rmf_demos_ws/install/rmf_fleet_adapter_python:/rmf_demos_ws/install/rmf_fleet_adapter:/rmf_demos_ws/install/rmf_task_ros2:/rmf_demos_ws/install/rmf_websocket:/rmf_demos_ws/install/rmf_visualization:/rmf_demos_ws/install/rmf_visualization_schedule:/rmf_demos_ws/install/rmf_visualization_rviz2_plugins:/rmf_demos_ws/install/rmf_visualization_obstacles:/rmf_demos_ws/install/rmf_visualization_navgraphs:/rmf_demos_ws/install/rmf_visualization_floorplans:/rmf_demos_ws/install/rmf_visualization_fleet_states:/rmf_demos_ws/install/rmf_visualization_msgs:/rmf_demos_ws/install/rmf_traffic_ros2:/rmf_demos_ws/install/rmf_task_sequence:/rmf_demos_ws/install/rmf_task:/rmf_demos_ws/install/rmf_battery:/rmf_demos_ws/install/rmf_traffic:/rmf_demos_ws/install/rmf_utils:/rmf_demos_ws/install/rmf_traffic_msgs:/rmf_demos_ws/install/rmf_traffic_editor_test_maps:/rmf_demos_ws/install/rmf_traffic_editor_assets:/rmf_demos_ws/install/rmf_traffic_editor:/rmf_demos_ws/install/rmf_task_msgs:/rmf_demos_ws/install/rmf_site_map_msgs:/rmf_demos_ws/install/rmf_scheduler_msgs:/rmf_demos_ws/install/rmf_robot_sim_gz_plugins:/rmf_demos_ws/install/rmf_robot_sim_common:/rmf_demos_ws/install/rmf_reservation_msgs:/rmf_demos_ws/install/rmf_obstacle_msgs:/rmf_demos_ws/install/rmf_building_sim_gz_plugins:/rmf_demos_ws/install/rmf_lift_msgs:/rmf_demos_ws/install/rmf_ingestor_msgs:/rmf_demos_ws/install/rmf_fleet_msgs:/rmf_demos_ws/install/rmf_door_msgs:/rmf_demos_ws/install/rmf_dispenser_msgs:/rmf_demos_ws/install/rmf_demos_maps:/rmf_demos_ws/install/rmf_demos_assets:/rmf_demos_ws/install/rmf_charger_msgs:/rmf_demos_ws/install/rmf_building_map_msgs:/rmf_demos_ws/install/rmf_api_msgs:/rmf_demos_ws/install/nlohmann_json_schema_validator_vendor:/rmf_demos_ws/install/rmf_demos_fleet_adapter:/rmf_demos_ws/install/rmf_visualization_building_systems:/rmf_demos_ws/install/rmf_traffic_examples:/rmf_demos_ws/install/rmf_demos_bridges:/rmf_demos_ws/install/rmf_demos_tasks:/rmf_demos_ws/install/rmf_building_map_tools:/rmf_demos_ws/install/rmf_charging_schedule:/opt/ros/jazzy:/rmf_demos_ws/install/menge_vendor:/rmf_demos_ws/install/ament_cmake_catch2:/opt/ros/jazzy/opt/gz_sim_vendor:/opt/ros/jazzy/opt/gz_sensors_vendor:/opt/ros/jazzy/opt/gz_physics_vendor:/opt/ros/jazzy/opt/sdformat_vendor:/opt/ros/jazzy/opt/gz_gui_vendor:/opt/ros/jazzy/opt/gz_transport_vendor:/opt/ros/jazzy/opt/gz_rendering_vendor:/opt/ros/jazzy/opt/gz_plugin_vendor:/opt/ros/jazzy/opt/gz_fuel_tools_vendor:/opt/ros/jazzy/opt/gz_msgs_vendor:/opt/ros/jazzy/opt/gz_common_vendor:/opt/ros/jazzy/opt/gz_math_vendor:/opt/ros/jazzy/opt/gz_utils_vendor:/opt/ros/jazzy/opt/gz_tools_vendor:/opt/ros/jazzy/opt/gz_ogre_next_vendor:/opt/ros/jazzy/opt/gz_dartsim_vendor:/opt/ros/jazzy/opt/gz_cmake_vendor /usr/bin/cmake /home/maria/rmf_ws/src/rmf_visualization/rmf_visualization_rviz2_plugins -DAMENT_CMAKE_SYMLINK_INSTALL=1 -DCMAKE_INSTALL_PREFIX=/home/maria/rmf_ws/install/rmf_visualization_rviz2_plugins
[8.335s] DEBUG:colcon.colcon_core.event_handler.log_command:Invoking command in '/home/maria/rmf_ws/build/rmf_visualization_rviz2_plugins': CMAKE_PREFIX_PATH=/rmf_demos_ws/install/rmf_workcell_msgs:/rmf_demos_ws/install/rmf_demos_gz:/rmf_demos_ws/install/rmf_demos:/rmf_demos_ws/install/rmf_reservation_node:/rmf_demos_ws/install/rmf_fleet_adapter_python:/rmf_demos_ws/install/rmf_fleet_adapter:/rmf_demos_ws/install/rmf_task_ros2:/rmf_demos_ws/install/rmf_websocket:/rmf_demos_ws/install/rmf_visualization:/rmf_demos_ws/install/rmf_visualization_schedule:/rmf_demos_ws/install/rmf_visualization_rviz2_plugins:/rmf_demos_ws/install/rmf_visualization_obstacles:/rmf_demos_ws/install/rmf_visualization_navgraphs:/rmf_demos_ws/install/rmf_visualization_floorplans:/rmf_demos_ws/install/rmf_visualization_fleet_states:/rmf_demos_ws/install/rmf_visualization_msgs:/rmf_demos_ws/install/rmf_traffic_ros2:/rmf_demos_ws/install/rmf_task_sequence:/rmf_demos_ws/install/rmf_task:/rmf_demos_ws/install/rmf_battery:/rmf_demos_ws/install/rmf_traffic:/rmf_demos_ws/install/rmf_utils:/rmf_demos_ws/install/rmf_traffic_msgs:/rmf_demos_ws/install/rmf_traffic_editor_test_maps:/rmf_demos_ws/install/rmf_traffic_editor_assets:/rmf_demos_ws/install/rmf_traffic_editor:/rmf_demos_ws/install/rmf_task_msgs:/rmf_demos_ws/install/rmf_site_map_msgs:/rmf_demos_ws/install/rmf_scheduler_msgs:/rmf_demos_ws/install/rmf_robot_sim_gz_plugins:/rmf_demos_ws/install/rmf_robot_sim_common:/rmf_demos_ws/install/rmf_reservation_msgs:/rmf_demos_ws/install/rmf_obstacle_msgs:/rmf_demos_ws/install/rmf_building_sim_gz_plugins:/rmf_demos_ws/install/rmf_lift_msgs:/rmf_demos_ws/install/rmf_ingestor_msgs:/rmf_demos_ws/install/rmf_fleet_msgs:/rmf_demos_ws/install/rmf_door_msgs:/rmf_demos_ws/install/rmf_dispenser_msgs:/rmf_demos_ws/install/rmf_demos_maps:/rmf_demos_ws/install/rmf_demos_assets:/rmf_demos_ws/install/rmf_charger_msgs:/rmf_demos_ws/install/rmf_building_map_msgs:/rmf_demos_ws/install/rmf_api_msgs:/rmf_demos_ws/install/nlohmann_json_schema_validator_vendor:/rmf_demos_ws/install/rmf_demos_fleet_adapter:/rmf_demos_ws/install/rmf_visualization_building_systems:/rmf_demos_ws/install/rmf_traffic_examples:/rmf_demos_ws/install/rmf_demos_bridges:/rmf_demos_ws/install/rmf_demos_tasks:/rmf_demos_ws/install/rmf_building_map_tools:/rmf_demos_ws/install/rmf_charging_schedule:/opt/ros/jazzy:/rmf_demos_ws/install/menge_vendor:/rmf_demos_ws/install/ament_cmake_catch2:/opt/ros/jazzy/opt/gz_sim_vendor:/opt/ros/jazzy/opt/gz_sensors_vendor:/opt/ros/jazzy/opt/gz_physics_vendor:/opt/ros/jazzy/opt/sdformat_vendor:/opt/ros/jazzy/opt/gz_gui_vendor:/opt/ros/jazzy/opt/gz_transport_vendor:/opt/ros/jazzy/opt/gz_rendering_vendor:/opt/ros/jazzy/opt/gz_plugin_vendor:/opt/ros/jazzy/opt/gz_fuel_tools_vendor:/opt/ros/jazzy/opt/gz_msgs_vendor:/opt/ros/jazzy/opt/gz_common_vendor:/opt/ros/jazzy/opt/gz_math_vendor:/opt/ros/jazzy/opt/gz_utils_vendor:/opt/ros/jazzy/opt/gz_tools_vendor:/opt/ros/jazzy/opt/gz_ogre_next_vendor:/opt/ros/jazzy/opt/gz_dartsim_vendor:/opt/ros/jazzy/opt/gz_cmake_vendor /usr/bin/cmake --build /home/maria/rmf_ws/build/rmf_visualization_rviz2_plugins -- -j8 -l8
[8.930s] DEBUG:colcon.colcon_core.event_handler.log_command:Invoked command in '/home/maria/rmf_ws/build/rmf_robot_sim_common' returned '0': CMAKE_PREFIX_PATH=/rmf_demos_ws/install/rmf_workcell_msgs:/rmf_demos_ws/install/rmf_demos_gz:/rmf_demos_ws/install/rmf_demos:/rmf_demos_ws/install/rmf_reservation_node:/rmf_demos_ws/install/rmf_fleet_adapter_python:/rmf_demos_ws/install/rmf_fleet_adapter:/rmf_demos_ws/install/rmf_task_ros2:/rmf_demos_ws/install/rmf_websocket:/rmf_demos_ws/install/rmf_visualization:/rmf_demos_ws/install/rmf_visualization_schedule:/rmf_demos_ws/install/rmf_visualization_rviz2_plugins:/rmf_demos_ws/install/rmf_visualization_obstacles:/rmf_demos_ws/install/rmf_visualization_navgraphs:/rmf_demos_ws/install/rmf_visualization_floorplans:/rmf_demos_ws/install/rmf_visualization_fleet_states:/rmf_demos_ws/install/rmf_visualization_msgs:/rmf_demos_ws/install/rmf_traffic_ros2:/rmf_demos_ws/install/rmf_task_sequence:/rmf_demos_ws/install/rmf_task:/rmf_demos_ws/install/rmf_battery:/rmf_demos_ws/install/rmf_traffic:/rmf_demos_ws/install/rmf_utils:/rmf_demos_ws/install/rmf_traffic_msgs:/rmf_demos_ws/install/rmf_traffic_editor_test_maps:/rmf_demos_ws/install/rmf_traffic_editor_assets:/rmf_demos_ws/install/rmf_traffic_editor:/rmf_demos_ws/install/rmf_task_msgs:/rmf_demos_ws/install/rmf_site_map_msgs:/rmf_demos_ws/install/rmf_scheduler_msgs:/rmf_demos_ws/install/rmf_robot_sim_gz_plugins:/rmf_demos_ws/install/rmf_robot_sim_common:/rmf_demos_ws/install/rmf_reservation_msgs:/rmf_demos_ws/install/rmf_obstacle_msgs:/rmf_demos_ws/install/rmf_building_sim_gz_plugins:/rmf_demos_ws/install/rmf_lift_msgs:/rmf_demos_ws/install/rmf_ingestor_msgs:/rmf_demos_ws/install/rmf_fleet_msgs:/rmf_demos_ws/install/rmf_door_msgs:/rmf_demos_ws/install/rmf_dispenser_msgs:/rmf_demos_ws/install/rmf_demos_maps:/rmf_demos_ws/install/rmf_demos_assets:/rmf_demos_ws/install/rmf_charger_msgs:/rmf_demos_ws/install/rmf_building_map_msgs:/rmf_demos_ws/install/rmf_api_msgs:/rmf_demos_ws/install/nlohmann_json_schema_validator_vendor:/rmf_demos_ws/install/rmf_demos_fleet_adapter:/rmf_demos_ws/install/rmf_visualization_building_systems:/rmf_demos_ws/install/rmf_traffic_examples:/rmf_demos_ws/install/rmf_demos_bridges:/rmf_demos_ws/install/rmf_demos_tasks:/rmf_demos_ws/install/rmf_building_map_tools:/rmf_demos_ws/install/rmf_charging_schedule:/opt/ros/jazzy:/rmf_demos_ws/install/menge_vendor:/rmf_demos_ws/install/ament_cmake_catch2:/opt/ros/jazzy/opt/gz_sim_vendor:/opt/ros/jazzy/opt/gz_sensors_vendor:/opt/ros/jazzy/opt/gz_physics_vendor:/opt/ros/jazzy/opt/sdformat_vendor:/opt/ros/jazzy/opt/gz_gui_vendor:/opt/ros/jazzy/opt/gz_transport_vendor:/opt/ros/jazzy/opt/gz_rendering_vendor:/opt/ros/jazzy/opt/gz_plugin_vendor:/opt/ros/jazzy/opt/gz_fuel_tools_vendor:/opt/ros/jazzy/opt/gz_msgs_vendor:/opt/ros/jazzy/opt/gz_common_vendor:/opt/ros/jazzy/opt/gz_math_vendor:/opt/ros/jazzy/opt/gz_utils_vendor:/opt/ros/jazzy/opt/gz_tools_vendor:/opt/ros/jazzy/opt/gz_ogre_next_vendor:/opt/ros/jazzy/opt/gz_dartsim_vendor:/opt/ros/jazzy/opt/gz_cmake_vendor /usr/bin/cmake /home/maria/rmf_ws/src/rmf_simulation/rmf_robot_sim_common -DAMENT_CMAKE_SYMLINK_INSTALL=1 -DCMAKE_INSTALL_PREFIX=/home/maria/rmf_ws/install/rmf_robot_sim_common
[8.938s] DEBUG:colcon.colcon_core.event_handler.log_command:Invoking command in '/home/maria/rmf_ws/build/rmf_robot_sim_common': CMAKE_PREFIX_PATH=/rmf_demos_ws/install/rmf_workcell_msgs:/rmf_demos_ws/install/rmf_demos_gz:/rmf_demos_ws/install/rmf_demos:/rmf_demos_ws/install/rmf_reservation_node:/rmf_demos_ws/install/rmf_fleet_adapter_python:/rmf_demos_ws/install/rmf_fleet_adapter:/rmf_demos_ws/install/rmf_task_ros2:/rmf_demos_ws/install/rmf_websocket:/rmf_demos_ws/install/rmf_visualization:/rmf_demos_ws/install/rmf_visualization_schedule:/rmf_demos_ws/install/rmf_visualization_rviz2_plugins:/rmf_demos_ws/install/rmf_visualization_obstacles:/rmf_demos_ws/install/rmf_visualization_navgraphs:/rmf_demos_ws/install/rmf_visualization_floorplans:/rmf_demos_ws/install/rmf_visualization_fleet_states:/rmf_demos_ws/install/rmf_visualization_msgs:/rmf_demos_ws/install/rmf_traffic_ros2:/rmf_demos_ws/install/rmf_task_sequence:/rmf_demos_ws/install/rmf_task:/rmf_demos_ws/install/rmf_battery:/rmf_demos_ws/install/rmf_traffic:/rmf_demos_ws/install/rmf_utils:/rmf_demos_ws/install/rmf_traffic_msgs:/rmf_demos_ws/install/rmf_traffic_editor_test_maps:/rmf_demos_ws/install/rmf_traffic_editor_assets:/rmf_demos_ws/install/rmf_traffic_editor:/rmf_demos_ws/install/rmf_task_msgs:/rmf_demos_ws/install/rmf_site_map_msgs:/rmf_demos_ws/install/rmf_scheduler_msgs:/rmf_demos_ws/install/rmf_robot_sim_gz_plugins:/rmf_demos_ws/install/rmf_robot_sim_common:/rmf_demos_ws/install/rmf_reservation_msgs:/rmf_demos_ws/install/rmf_obstacle_msgs:/rmf_demos_ws/install/rmf_building_sim_gz_plugins:/rmf_demos_ws/install/rmf_lift_msgs:/rmf_demos_ws/install/rmf_ingestor_msgs:/rmf_demos_ws/install/rmf_fleet_msgs:/rmf_demos_ws/install/rmf_door_msgs:/rmf_demos_ws/install/rmf_dispenser_msgs:/rmf_demos_ws/install/rmf_demos_maps:/rmf_demos_ws/install/rmf_demos_assets:/rmf_demos_ws/install/rmf_charger_msgs:/rmf_demos_ws/install/rmf_building_map_msgs:/rmf_demos_ws/install/rmf_api_msgs:/rmf_demos_ws/install/nlohmann_json_schema_validator_vendor:/rmf_demos_ws/install/rmf_demos_fleet_adapter:/rmf_demos_ws/install/rmf_visualization_building_systems:/rmf_demos_ws/install/rmf_traffic_examples:/rmf_demos_ws/install/rmf_demos_bridges:/rmf_demos_ws/install/rmf_demos_tasks:/rmf_demos_ws/install/rmf_building_map_tools:/rmf_demos_ws/install/rmf_charging_schedule:/opt/ros/jazzy:/rmf_demos_ws/install/menge_vendor:/rmf_demos_ws/install/ament_cmake_catch2:/opt/ros/jazzy/opt/gz_sim_vendor:/opt/ros/jazzy/opt/gz_sensors_vendor:/opt/ros/jazzy/opt/gz_physics_vendor:/opt/ros/jazzy/opt/sdformat_vendor:/opt/ros/jazzy/opt/gz_gui_vendor:/opt/ros/jazzy/opt/gz_transport_vendor:/opt/ros/jazzy/opt/gz_rendering_vendor:/opt/ros/jazzy/opt/gz_plugin_vendor:/opt/ros/jazzy/opt/gz_fuel_tools_vendor:/opt/ros/jazzy/opt/gz_msgs_vendor:/opt/ros/jazzy/opt/gz_common_vendor:/opt/ros/jazzy/opt/gz_math_vendor:/opt/ros/jazzy/opt/gz_utils_vendor:/opt/ros/jazzy/opt/gz_tools_vendor:/opt/ros/jazzy/opt/gz_ogre_next_vendor:/opt/ros/jazzy/opt/gz_dartsim_vendor:/opt/ros/jazzy/opt/gz_cmake_vendor /usr/bin/cmake --build /home/maria/rmf_ws/build/rmf_robot_sim_common -- -j8 -l8
[9.455s] DEBUG:colcon.colcon_core.event_handler.log_command:Invoked command in '/home/maria/rmf_ws/build/rmf_building_sim_gz_plugins' returned '0': CMAKE_PREFIX_PATH=/rmf_demos_ws/install/rmf_workcell_msgs:/rmf_demos_ws/install/rmf_demos_gz:/rmf_demos_ws/install/rmf_demos:/rmf_demos_ws/install/rmf_reservation_node:/rmf_demos_ws/install/rmf_fleet_adapter_python:/rmf_demos_ws/install/rmf_fleet_adapter:/rmf_demos_ws/install/rmf_task_ros2:/rmf_demos_ws/install/rmf_websocket:/rmf_demos_ws/install/rmf_visualization:/rmf_demos_ws/install/rmf_visualization_schedule:/rmf_demos_ws/install/rmf_visualization_rviz2_plugins:/rmf_demos_ws/install/rmf_visualization_obstacles:/rmf_demos_ws/install/rmf_visualization_navgraphs:/rmf_demos_ws/install/rmf_visualization_floorplans:/rmf_demos_ws/install/rmf_visualization_fleet_states:/rmf_demos_ws/install/rmf_visualization_msgs:/rmf_demos_ws/install/rmf_traffic_ros2:/rmf_demos_ws/install/rmf_task_sequence:/rmf_demos_ws/install/rmf_task:/rmf_demos_ws/install/rmf_battery:/rmf_demos_ws/install/rmf_traffic:/rmf_demos_ws/install/rmf_utils:/rmf_demos_ws/install/rmf_traffic_msgs:/rmf_demos_ws/install/rmf_traffic_editor_test_maps:/rmf_demos_ws/install/rmf_traffic_editor_assets:/rmf_demos_ws/install/rmf_traffic_editor:/rmf_demos_ws/install/rmf_task_msgs:/rmf_demos_ws/install/rmf_site_map_msgs:/rmf_demos_ws/install/rmf_scheduler_msgs:/rmf_demos_ws/install/rmf_robot_sim_gz_plugins:/rmf_demos_ws/install/rmf_robot_sim_common:/rmf_demos_ws/install/rmf_reservation_msgs:/rmf_demos_ws/install/rmf_obstacle_msgs:/rmf_demos_ws/install/rmf_building_sim_gz_plugins:/rmf_demos_ws/install/rmf_lift_msgs:/rmf_demos_ws/install/rmf_ingestor_msgs:/rmf_demos_ws/install/rmf_fleet_msgs:/rmf_demos_ws/install/rmf_door_msgs:/rmf_demos_ws/install/rmf_dispenser_msgs:/rmf_demos_ws/install/rmf_demos_maps:/rmf_demos_ws/install/rmf_demos_assets:/rmf_demos_ws/install/rmf_charger_msgs:/rmf_demos_ws/install/rmf_building_map_msgs:/rmf_demos_ws/install/rmf_api_msgs:/rmf_demos_ws/install/nlohmann_json_schema_validator_vendor:/rmf_demos_ws/install/rmf_demos_fleet_adapter:/rmf_demos_ws/install/rmf_visualization_building_systems:/rmf_demos_ws/install/rmf_traffic_examples:/rmf_demos_ws/install/rmf_demos_bridges:/rmf_demos_ws/install/rmf_demos_tasks:/rmf_demos_ws/install/rmf_building_map_tools:/rmf_demos_ws/install/rmf_charging_schedule:/opt/ros/jazzy:/rmf_demos_ws/install/menge_vendor:/rmf_demos_ws/install/ament_cmake_catch2:/opt/ros/jazzy/opt/gz_sim_vendor:/opt/ros/jazzy/opt/gz_sensors_vendor:/opt/ros/jazzy/opt/gz_physics_vendor:/opt/ros/jazzy/opt/sdformat_vendor:/opt/ros/jazzy/opt/gz_gui_vendor:/opt/ros/jazzy/opt/gz_transport_vendor:/opt/ros/jazzy/opt/gz_rendering_vendor:/opt/ros/jazzy/opt/gz_plugin_vendor:/opt/ros/jazzy/opt/gz_fuel_tools_vendor:/opt/ros/jazzy/opt/gz_msgs_vendor:/opt/ros/jazzy/opt/gz_common_vendor:/opt/ros/jazzy/opt/gz_math_vendor:/opt/ros/jazzy/opt/gz_utils_vendor:/opt/ros/jazzy/opt/gz_tools_vendor:/opt/ros/jazzy/opt/gz_ogre_next_vendor:/opt/ros/jazzy/opt/gz_dartsim_vendor:/opt/ros/jazzy/opt/gz_cmake_vendor /usr/bin/cmake /home/maria/rmf_ws/src/rmf_simulation/rmf_building_sim_gz_plugins -DAMENT_CMAKE_SYMLINK_INSTALL=1 -DCMAKE_INSTALL_PREFIX=/home/maria/rmf_ws/install/rmf_building_sim_gz_plugins
[9.455s] DEBUG:colcon.colcon_core.event_handler.log_command:Invoking command in '/home/maria/rmf_ws/build/rmf_building_sim_gz_plugins': CMAKE_PREFIX_PATH=/rmf_demos_ws/install/rmf_workcell_msgs:/rmf_demos_ws/install/rmf_demos_gz:/rmf_demos_ws/install/rmf_demos:/rmf_demos_ws/install/rmf_reservation_node:/rmf_demos_ws/install/rmf_fleet_adapter_python:/rmf_demos_ws/install/rmf_fleet_adapter:/rmf_demos_ws/install/rmf_task_ros2:/rmf_demos_ws/install/rmf_websocket:/rmf_demos_ws/install/rmf_visualization:/rmf_demos_ws/install/rmf_visualization_schedule:/rmf_demos_ws/install/rmf_visualization_rviz2_plugins:/rmf_demos_ws/install/rmf_visualization_obstacles:/rmf_demos_ws/install/rmf_visualization_navgraphs:/rmf_demos_ws/install/rmf_visualization_floorplans:/rmf_demos_ws/install/rmf_visualization_fleet_states:/rmf_demos_ws/install/rmf_visualization_msgs:/rmf_demos_ws/install/rmf_traffic_ros2:/rmf_demos_ws/install/rmf_task_sequence:/rmf_demos_ws/install/rmf_task:/rmf_demos_ws/install/rmf_battery:/rmf_demos_ws/install/rmf_traffic:/rmf_demos_ws/install/rmf_utils:/rmf_demos_ws/install/rmf_traffic_msgs:/rmf_demos_ws/install/rmf_traffic_editor_test_maps:/rmf_demos_ws/install/rmf_traffic_editor_assets:/rmf_demos_ws/install/rmf_traffic_editor:/rmf_demos_ws/install/rmf_task_msgs:/rmf_demos_ws/install/rmf_site_map_msgs:/rmf_demos_ws/install/rmf_scheduler_msgs:/rmf_demos_ws/install/rmf_robot_sim_gz_plugins:/rmf_demos_ws/install/rmf_robot_sim_common:/rmf_demos_ws/install/rmf_reservation_msgs:/rmf_demos_ws/install/rmf_obstacle_msgs:/rmf_demos_ws/install/rmf_building_sim_gz_plugins:/rmf_demos_ws/install/rmf_lift_msgs:/rmf_demos_ws/install/rmf_ingestor_msgs:/rmf_demos_ws/install/rmf_fleet_msgs:/rmf_demos_ws/install/rmf_door_msgs:/rmf_demos_ws/install/rmf_dispenser_msgs:/rmf_demos_ws/install/rmf_demos_maps:/rmf_demos_ws/install/rmf_demos_assets:/rmf_demos_ws/install/rmf_charger_msgs:/rmf_demos_ws/install/rmf_building_map_msgs:/rmf_demos_ws/install/rmf_api_msgs:/rmf_demos_ws/install/nlohmann_json_schema_validator_vendor:/rmf_demos_ws/install/rmf_demos_fleet_adapter:/rmf_demos_ws/install/rmf_visualization_building_systems:/rmf_demos_ws/install/rmf_traffic_examples:/rmf_demos_ws/install/rmf_demos_bridges:/rmf_demos_ws/install/rmf_demos_tasks:/rmf_demos_ws/install/rmf_building_map_tools:/rmf_demos_ws/install/rmf_charging_schedule:/opt/ros/jazzy:/rmf_demos_ws/install/menge_vendor:/rmf_demos_ws/install/ament_cmake_catch2:/opt/ros/jazzy/opt/gz_sim_vendor:/opt/ros/jazzy/opt/gz_sensors_vendor:/opt/ros/jazzy/opt/gz_physics_vendor:/opt/ros/jazzy/opt/sdformat_vendor:/opt/ros/jazzy/opt/gz_gui_vendor:/opt/ros/jazzy/opt/gz_transport_vendor:/opt/ros/jazzy/opt/gz_rendering_vendor:/opt/ros/jazzy/opt/gz_plugin_vendor:/opt/ros/jazzy/opt/gz_fuel_tools_vendor:/opt/ros/jazzy/opt/gz_msgs_vendor:/opt/ros/jazzy/opt/gz_common_vendor:/opt/ros/jazzy/opt/gz_math_vendor:/opt/ros/jazzy/opt/gz_utils_vendor:/opt/ros/jazzy/opt/gz_tools_vendor:/opt/ros/jazzy/opt/gz_ogre_next_vendor:/opt/ros/jazzy/opt/gz_dartsim_vendor:/opt/ros/jazzy/opt/gz_cmake_vendor /usr/bin/cmake --build /home/maria/rmf_ws/build/rmf_building_sim_gz_plugins -- -j8 -l8
[38.083s] DEBUG:colcon.colcon_core.event_handler.log_command:Invoked command in '/home/maria/rmf_ws/build/rmf_visualization_obstacles' returned '0': CMAKE_PREFIX_PATH=/rmf_demos_ws/install/rmf_workcell_msgs:/rmf_demos_ws/install/rmf_demos_gz:/rmf_demos_ws/install/rmf_demos:/rmf_demos_ws/install/rmf_reservation_node:/rmf_demos_ws/install/rmf_fleet_adapter_python:/rmf_demos_ws/install/rmf_fleet_adapter:/rmf_demos_ws/install/rmf_task_ros2:/rmf_demos_ws/install/rmf_websocket:/rmf_demos_ws/install/rmf_visualization:/rmf_demos_ws/install/rmf_visualization_schedule:/rmf_demos_ws/install/rmf_visualization_rviz2_plugins:/rmf_demos_ws/install/rmf_visualization_obstacles:/rmf_demos_ws/install/rmf_visualization_navgraphs:/rmf_demos_ws/install/rmf_visualization_floorplans:/rmf_demos_ws/install/rmf_visualization_fleet_states:/rmf_demos_ws/install/rmf_visualization_msgs:/rmf_demos_ws/install/rmf_traffic_ros2:/rmf_demos_ws/install/rmf_task_sequence:/rmf_demos_ws/install/rmf_task:/rmf_demos_ws/install/rmf_battery:/rmf_demos_ws/install/rmf_traffic:/rmf_demos_ws/install/rmf_utils:/rmf_demos_ws/install/rmf_traffic_msgs:/rmf_demos_ws/install/rmf_traffic_editor_test_maps:/rmf_demos_ws/install/rmf_traffic_editor_assets:/rmf_demos_ws/install/rmf_traffic_editor:/rmf_demos_ws/install/rmf_task_msgs:/rmf_demos_ws/install/rmf_site_map_msgs:/rmf_demos_ws/install/rmf_scheduler_msgs:/rmf_demos_ws/install/rmf_robot_sim_gz_plugins:/rmf_demos_ws/install/rmf_robot_sim_common:/rmf_demos_ws/install/rmf_reservation_msgs:/rmf_demos_ws/install/rmf_obstacle_msgs:/rmf_demos_ws/install/rmf_building_sim_gz_plugins:/rmf_demos_ws/install/rmf_lift_msgs:/rmf_demos_ws/install/rmf_ingestor_msgs:/rmf_demos_ws/install/rmf_fleet_msgs:/rmf_demos_ws/install/rmf_door_msgs:/rmf_demos_ws/install/rmf_dispenser_msgs:/rmf_demos_ws/install/rmf_demos_maps:/rmf_demos_ws/install/rmf_demos_assets:/rmf_demos_ws/install/rmf_charger_msgs:/rmf_demos_ws/install/rmf_building_map_msgs:/rmf_demos_ws/install/rmf_api_msgs:/rmf_demos_ws/install/nlohmann_json_schema_validator_vendor:/rmf_demos_ws/install/rmf_demos_fleet_adapter:/rmf_demos_ws/install/rmf_visualization_building_systems:/rmf_demos_ws/install/rmf_traffic_examples:/rmf_demos_ws/install/rmf_demos_bridges:/rmf_demos_ws/install/rmf_demos_tasks:/rmf_demos_ws/install/rmf_building_map_tools:/rmf_demos_ws/install/rmf_charging_schedule:/opt/ros/jazzy:/rmf_demos_ws/install/menge_vendor:/rmf_demos_ws/install/ament_cmake_catch2:/opt/ros/jazzy/opt/gz_sim_vendor:/opt/ros/jazzy/opt/gz_sensors_vendor:/opt/ros/jazzy/opt/gz_physics_vendor:/opt/ros/jazzy/opt/sdformat_vendor:/opt/ros/jazzy/opt/gz_gui_vendor:/opt/ros/jazzy/opt/gz_transport_vendor:/opt/ros/jazzy/opt/gz_rendering_vendor:/opt/ros/jazzy/opt/gz_plugin_vendor:/opt/ros/jazzy/opt/gz_fuel_tools_vendor:/opt/ros/jazzy/opt/gz_msgs_vendor:/opt/ros/jazzy/opt/gz_common_vendor:/opt/ros/jazzy/opt/gz_math_vendor:/opt/ros/jazzy/opt/gz_utils_vendor:/opt/ros/jazzy/opt/gz_tools_vendor:/opt/ros/jazzy/opt/gz_ogre_next_vendor:/opt/ros/jazzy/opt/gz_dartsim_vendor:/opt/ros/jazzy/opt/gz_cmake_vendor /usr/bin/cmake --build /home/maria/rmf_ws/build/rmf_visualization_obstacles -- -j8 -l8
[38.137s] DEBUG:colcon.colcon_core.event_handler.log_command:Invoking command in '/home/maria/rmf_ws/build/rmf_visualization_obstacles': CMAKE_PREFIX_PATH=/rmf_demos_ws/install/rmf_workcell_msgs:/rmf_demos_ws/install/rmf_demos_gz:/rmf_demos_ws/install/rmf_demos:/rmf_demos_ws/install/rmf_reservation_node:/rmf_demos_ws/install/rmf_fleet_adapter_python:/rmf_demos_ws/install/rmf_fleet_adapter:/rmf_demos_ws/install/rmf_task_ros2:/rmf_demos_ws/install/rmf_websocket:/rmf_demos_ws/install/rmf_visualization:/rmf_demos_ws/install/rmf_visualization_schedule:/rmf_demos_ws/install/rmf_visualization_rviz2_plugins:/rmf_demos_ws/install/rmf_visualization_obstacles:/rmf_demos_ws/install/rmf_visualization_navgraphs:/rmf_demos_ws/install/rmf_visualization_floorplans:/rmf_demos_ws/install/rmf_visualization_fleet_states:/rmf_demos_ws/install/rmf_visualization_msgs:/rmf_demos_ws/install/rmf_traffic_ros2:/rmf_demos_ws/install/rmf_task_sequence:/rmf_demos_ws/install/rmf_task:/rmf_demos_ws/install/rmf_battery:/rmf_demos_ws/install/rmf_traffic:/rmf_demos_ws/install/rmf_utils:/rmf_demos_ws/install/rmf_traffic_msgs:/rmf_demos_ws/install/rmf_traffic_editor_test_maps:/rmf_demos_ws/install/rmf_traffic_editor_assets:/rmf_demos_ws/install/rmf_traffic_editor:/rmf_demos_ws/install/rmf_task_msgs:/rmf_demos_ws/install/rmf_site_map_msgs:/rmf_demos_ws/install/rmf_scheduler_msgs:/rmf_demos_ws/install/rmf_robot_sim_gz_plugins:/rmf_demos_ws/install/rmf_robot_sim_common:/rmf_demos_ws/install/rmf_reservation_msgs:/rmf_demos_ws/install/rmf_obstacle_msgs:/rmf_demos_ws/install/rmf_building_sim_gz_plugins:/rmf_demos_ws/install/rmf_lift_msgs:/rmf_demos_ws/install/rmf_ingestor_msgs:/rmf_demos_ws/install/rmf_fleet_msgs:/rmf_demos_ws/install/rmf_door_msgs:/rmf_demos_ws/install/rmf_dispenser_msgs:/rmf_demos_ws/install/rmf_demos_maps:/rmf_demos_ws/install/rmf_demos_assets:/rmf_demos_ws/install/rmf_charger_msgs:/rmf_demos_ws/install/rmf_building_map_msgs:/rmf_demos_ws/install/rmf_api_msgs:/rmf_demos_ws/install/nlohmann_json_schema_validator_vendor:/rmf_demos_ws/install/rmf_demos_fleet_adapter:/rmf_demos_ws/install/rmf_visualization_building_systems:/rmf_demos_ws/install/rmf_traffic_examples:/rmf_demos_ws/install/rmf_demos_bridges:/rmf_demos_ws/install/rmf_demos_tasks:/rmf_demos_ws/install/rmf_building_map_tools:/rmf_demos_ws/install/rmf_charging_schedule:/opt/ros/jazzy:/rmf_demos_ws/install/menge_vendor:/rmf_demos_ws/install/ament_cmake_catch2:/opt/ros/jazzy/opt/gz_sim_vendor:/opt/ros/jazzy/opt/gz_sensors_vendor:/opt/ros/jazzy/opt/gz_physics_vendor:/opt/ros/jazzy/opt/sdformat_vendor:/opt/ros/jazzy/opt/gz_gui_vendor:/opt/ros/jazzy/opt/gz_transport_vendor:/opt/ros/jazzy/opt/gz_rendering_vendor:/opt/ros/jazzy/opt/gz_plugin_vendor:/opt/ros/jazzy/opt/gz_fuel_tools_vendor:/opt/ros/jazzy/opt/gz_msgs_vendor:/opt/ros/jazzy/opt/gz_common_vendor:/opt/ros/jazzy/opt/gz_math_vendor:/opt/ros/jazzy/opt/gz_utils_vendor:/opt/ros/jazzy/opt/gz_tools_vendor:/opt/ros/jazzy/opt/gz_ogre_next_vendor:/opt/ros/jazzy/opt/gz_dartsim_vendor:/opt/ros/jazzy/opt/gz_cmake_vendor /usr/bin/cmake --install /home/maria/rmf_ws/build/rmf_visualization_obstacles
[43.022s] DEBUG:colcon.colcon_core.event_handler.log_command:Invoked command in '/home/maria/rmf_ws/build/rmf_visualization_floorplans' returned '0': CMAKE_PREFIX_PATH=/rmf_demos_ws/install/rmf_workcell_msgs:/rmf_demos_ws/install/rmf_demos_gz:/rmf_demos_ws/install/rmf_demos:/rmf_demos_ws/install/rmf_reservation_node:/rmf_demos_ws/install/rmf_fleet_adapter_python:/rmf_demos_ws/install/rmf_fleet_adapter:/rmf_demos_ws/install/rmf_task_ros2:/rmf_demos_ws/install/rmf_websocket:/rmf_demos_ws/install/rmf_visualization:/rmf_demos_ws/install/rmf_visualization_schedule:/rmf_demos_ws/install/rmf_visualization_rviz2_plugins:/rmf_demos_ws/install/rmf_visualization_obstacles:/rmf_demos_ws/install/rmf_visualization_navgraphs:/rmf_demos_ws/install/rmf_visualization_floorplans:/rmf_demos_ws/install/rmf_visualization_fleet_states:/rmf_demos_ws/install/rmf_visualization_msgs:/rmf_demos_ws/install/rmf_traffic_ros2:/rmf_demos_ws/install/rmf_task_sequence:/rmf_demos_ws/install/rmf_task:/rmf_demos_ws/install/rmf_battery:/rmf_demos_ws/install/rmf_traffic:/rmf_demos_ws/install/rmf_utils:/rmf_demos_ws/install/rmf_traffic_msgs:/rmf_demos_ws/install/rmf_traffic_editor_test_maps:/rmf_demos_ws/install/rmf_traffic_editor_assets:/rmf_demos_ws/install/rmf_traffic_editor:/rmf_demos_ws/install/rmf_task_msgs:/rmf_demos_ws/install/rmf_site_map_msgs:/rmf_demos_ws/install/rmf_scheduler_msgs:/rmf_demos_ws/install/rmf_robot_sim_gz_plugins:/rmf_demos_ws/install/rmf_robot_sim_common:/rmf_demos_ws/install/rmf_reservation_msgs:/rmf_demos_ws/install/rmf_obstacle_msgs:/rmf_demos_ws/install/rmf_building_sim_gz_plugins:/rmf_demos_ws/install/rmf_lift_msgs:/rmf_demos_ws/install/rmf_ingestor_msgs:/rmf_demos_ws/install/rmf_fleet_msgs:/rmf_demos_ws/install/rmf_door_msgs:/rmf_demos_ws/install/rmf_dispenser_msgs:/rmf_demos_ws/install/rmf_demos_maps:/rmf_demos_ws/install/rmf_demos_assets:/rmf_demos_ws/install/rmf_charger_msgs:/rmf_demos_ws/install/rmf_building_map_msgs:/rmf_demos_ws/install/rmf_api_msgs:/rmf_demos_ws/install/nlohmann_json_schema_validator_vendor:/rmf_demos_ws/install/rmf_demos_fleet_adapter:/rmf_demos_ws/install/rmf_visualization_building_systems:/rmf_demos_ws/install/rmf_traffic_examples:/rmf_demos_ws/install/rmf_demos_bridges:/rmf_demos_ws/install/rmf_demos_tasks:/rmf_demos_ws/install/rmf_building_map_tools:/rmf_demos_ws/install/rmf_charging_schedule:/opt/ros/jazzy:/rmf_demos_ws/install/menge_vendor:/rmf_demos_ws/install/ament_cmake_catch2:/opt/ros/jazzy/opt/gz_sim_vendor:/opt/ros/jazzy/opt/gz_sensors_vendor:/opt/ros/jazzy/opt/gz_physics_vendor:/opt/ros/jazzy/opt/sdformat_vendor:/opt/ros/jazzy/opt/gz_gui_vendor:/opt/ros/jazzy/opt/gz_transport_vendor:/opt/ros/jazzy/opt/gz_rendering_vendor:/opt/ros/jazzy/opt/gz_plugin_vendor:/opt/ros/jazzy/opt/gz_fuel_tools_vendor:/opt/ros/jazzy/opt/gz_msgs_vendor:/opt/ros/jazzy/opt/gz_common_vendor:/opt/ros/jazzy/opt/gz_math_vendor:/opt/ros/jazzy/opt/gz_utils_vendor:/opt/ros/jazzy/opt/gz_tools_vendor:/opt/ros/jazzy/opt/gz_ogre_next_vendor:/opt/ros/jazzy/opt/gz_dartsim_vendor:/opt/ros/jazzy/opt/gz_cmake_vendor /usr/bin/cmake --build /home/maria/rmf_ws/build/rmf_visualization_floorplans -- -j8 -l8
[43.047s] DEBUG:colcon.colcon_core.event_handler.log_command:Invoking command in '/home/maria/rmf_ws/build/rmf_visualization_floorplans': CMAKE_PREFIX_PATH=/rmf_demos_ws/install/rmf_workcell_msgs:/rmf_demos_ws/install/rmf_demos_gz:/rmf_demos_ws/install/rmf_demos:/rmf_demos_ws/install/rmf_reservation_node:/rmf_demos_ws/install/rmf_fleet_adapter_python:/rmf_demos_ws/install/rmf_fleet_adapter:/rmf_demos_ws/install/rmf_task_ros2:/rmf_demos_ws/install/rmf_websocket:/rmf_demos_ws/install/rmf_visualization:/rmf_demos_ws/install/rmf_visualization_schedule:/rmf_demos_ws/install/rmf_visualization_rviz2_plugins:/rmf_demos_ws/install/rmf_visualization_obstacles:/rmf_demos_ws/install/rmf_visualization_navgraphs:/rmf_demos_ws/install/rmf_visualization_floorplans:/rmf_demos_ws/install/rmf_visualization_fleet_states:/rmf_demos_ws/install/rmf_visualization_msgs:/rmf_demos_ws/install/rmf_traffic_ros2:/rmf_demos_ws/install/rmf_task_sequence:/rmf_demos_ws/install/rmf_task:/rmf_demos_ws/install/rmf_battery:/rmf_demos_ws/install/rmf_traffic:/rmf_demos_ws/install/rmf_utils:/rmf_demos_ws/install/rmf_traffic_msgs:/rmf_demos_ws/install/rmf_traffic_editor_test_maps:/rmf_demos_ws/install/rmf_traffic_editor_assets:/rmf_demos_ws/install/rmf_traffic_editor:/rmf_demos_ws/install/rmf_task_msgs:/rmf_demos_ws/install/rmf_site_map_msgs:/rmf_demos_ws/install/rmf_scheduler_msgs:/rmf_demos_ws/install/rmf_robot_sim_gz_plugins:/rmf_demos_ws/install/rmf_robot_sim_common:/rmf_demos_ws/install/rmf_reservation_msgs:/rmf_demos_ws/install/rmf_obstacle_msgs:/rmf_demos_ws/install/rmf_building_sim_gz_plugins:/rmf_demos_ws/install/rmf_lift_msgs:/rmf_demos_ws/install/rmf_ingestor_msgs:/rmf_demos_ws/install/rmf_fleet_msgs:/rmf_demos_ws/install/rmf_door_msgs:/rmf_demos_ws/install/rmf_dispenser_msgs:/rmf_demos_ws/install/rmf_demos_maps:/rmf_demos_ws/install/rmf_demos_assets:/rmf_demos_ws/install/rmf_charger_msgs:/rmf_demos_ws/install/rmf_building_map_msgs:/rmf_demos_ws/install/rmf_api_msgs:/rmf_demos_ws/install/nlohmann_json_schema_validator_vendor:/rmf_demos_ws/install/rmf_demos_fleet_adapter:/rmf_demos_ws/install/rmf_visualization_building_systems:/rmf_demos_ws/install/rmf_traffic_examples:/rmf_demos_ws/install/rmf_demos_bridges:/rmf_demos_ws/install/rmf_demos_tasks:/rmf_demos_ws/install/rmf_building_map_tools:/rmf_demos_ws/install/rmf_charging_schedule:/opt/ros/jazzy:/rmf_demos_ws/install/menge_vendor:/rmf_demos_ws/install/ament_cmake_catch2:/opt/ros/jazzy/opt/gz_sim_vendor:/opt/ros/jazzy/opt/gz_sensors_vendor:/opt/ros/jazzy/opt/gz_physics_vendor:/opt/ros/jazzy/opt/sdformat_vendor:/opt/ros/jazzy/opt/gz_gui_vendor:/opt/ros/jazzy/opt/gz_transport_vendor:/opt/ros/jazzy/opt/gz_rendering_vendor:/opt/ros/jazzy/opt/gz_plugin_vendor:/opt/ros/jazzy/opt/gz_fuel_tools_vendor:/opt/ros/jazzy/opt/gz_msgs_vendor:/opt/ros/jazzy/opt/gz_common_vendor:/opt/ros/jazzy/opt/gz_math_vendor:/opt/ros/jazzy/opt/gz_utils_vendor:/opt/ros/jazzy/opt/gz_tools_vendor:/opt/ros/jazzy/opt/gz_ogre_next_vendor:/opt/ros/jazzy/opt/gz_dartsim_vendor:/opt/ros/jazzy/opt/gz_cmake_vendor /usr/bin/cmake --install /home/maria/rmf_ws/build/rmf_visualization_floorplans
[46.542s] Level 1:colcon.colcon_core.environment:create_environment_scripts_only(rmf_visualization_obstacles)
[46.542s] Level 1:colcon.colcon_core.environment:checking '/home/maria/rmf_ws/install/rmf_visualization_obstacles' for CMake module files
[46.543s] Level 1:colcon.colcon_core.environment:checking '/home/maria/rmf_ws/install/rmf_visualization_obstacles' for CMake config files
[46.544s] Level 1:colcon.colcon_core.shell:create_environment_hook('rmf_visualization_obstacles', 'cmake_prefix_path')
[46.544s] INFO:colcon.colcon_core.shell:Creating environment hook '/home/maria/rmf_ws/install/rmf_visualization_obstacles/share/rmf_visualization_obstacles/hook/cmake_prefix_path.ps1'
[46.547s] DEBUG:colcon.colcon_core.event_handler.log_command:Invoked command in '/home/maria/rmf_ws/build/rmf_visualization_fleet_states' returned '0': CMAKE_PREFIX_PATH=/rmf_demos_ws/install/rmf_workcell_msgs:/rmf_demos_ws/install/rmf_demos_gz:/rmf_demos_ws/install/rmf_demos:/rmf_demos_ws/install/rmf_reservation_node:/rmf_demos_ws/install/rmf_fleet_adapter_python:/rmf_demos_ws/install/rmf_fleet_adapter:/rmf_demos_ws/install/rmf_task_ros2:/rmf_demos_ws/install/rmf_websocket:/rmf_demos_ws/install/rmf_visualization:/rmf_demos_ws/install/rmf_visualization_schedule:/rmf_demos_ws/install/rmf_visualization_rviz2_plugins:/rmf_demos_ws/install/rmf_visualization_obstacles:/rmf_demos_ws/install/rmf_visualization_navgraphs:/rmf_demos_ws/install/rmf_visualization_floorplans:/rmf_demos_ws/install/rmf_visualization_fleet_states:/rmf_demos_ws/install/rmf_visualization_msgs:/rmf_demos_ws/install/rmf_traffic_ros2:/rmf_demos_ws/install/rmf_task_sequence:/rmf_demos_ws/install/rmf_task:/rmf_demos_ws/install/rmf_battery:/rmf_demos_ws/install/rmf_traffic:/rmf_demos_ws/install/rmf_utils:/rmf_demos_ws/install/rmf_traffic_msgs:/rmf_demos_ws/install/rmf_traffic_editor_test_maps:/rmf_demos_ws/install/rmf_traffic_editor_assets:/rmf_demos_ws/install/rmf_traffic_editor:/rmf_demos_ws/install/rmf_task_msgs:/rmf_demos_ws/install/rmf_site_map_msgs:/rmf_demos_ws/install/rmf_scheduler_msgs:/rmf_demos_ws/install/rmf_robot_sim_gz_plugins:/rmf_demos_ws/install/rmf_robot_sim_common:/rmf_demos_ws/install/rmf_reservation_msgs:/rmf_demos_ws/install/rmf_obstacle_msgs:/rmf_demos_ws/install/rmf_building_sim_gz_plugins:/rmf_demos_ws/install/rmf_lift_msgs:/rmf_demos_ws/install/rmf_ingestor_msgs:/rmf_demos_ws/install/rmf_fleet_msgs:/rmf_demos_ws/install/rmf_door_msgs:/rmf_demos_ws/install/rmf_dispenser_msgs:/rmf_demos_ws/install/rmf_demos_maps:/rmf_demos_ws/install/rmf_demos_assets:/rmf_demos_ws/install/rmf_charger_msgs:/rmf_demos_ws/install/rmf_building_map_msgs:/rmf_demos_ws/install/rmf_api_msgs:/rmf_demos_ws/install/nlohmann_json_schema_validator_vendor:/rmf_demos_ws/install/rmf_demos_fleet_adapter:/rmf_demos_ws/install/rmf_visualization_building_systems:/rmf_demos_ws/install/rmf_traffic_examples:/rmf_demos_ws/install/rmf_demos_bridges:/rmf_demos_ws/install/rmf_demos_tasks:/rmf_demos_ws/install/rmf_building_map_tools:/rmf_demos_ws/install/rmf_charging_schedule:/opt/ros/jazzy:/rmf_demos_ws/install/menge_vendor:/rmf_demos_ws/install/ament_cmake_catch2:/opt/ros/jazzy/opt/gz_sim_vendor:/opt/ros/jazzy/opt/gz_sensors_vendor:/opt/ros/jazzy/opt/gz_physics_vendor:/opt/ros/jazzy/opt/sdformat_vendor:/opt/ros/jazzy/opt/gz_gui_vendor:/opt/ros/jazzy/opt/gz_transport_vendor:/opt/ros/jazzy/opt/gz_rendering_vendor:/opt/ros/jazzy/opt/gz_plugin_vendor:/opt/ros/jazzy/opt/gz_fuel_tools_vendor:/opt/ros/jazzy/opt/gz_msgs_vendor:/opt/ros/jazzy/opt/gz_common_vendor:/opt/ros/jazzy/opt/gz_math_vendor:/opt/ros/jazzy/opt/gz_utils_vendor:/opt/ros/jazzy/opt/gz_tools_vendor:/opt/ros/jazzy/opt/gz_ogre_next_vendor:/opt/ros/jazzy/opt/gz_dartsim_vendor:/opt/ros/jazzy/opt/gz_cmake_vendor /usr/bin/cmake --build /home/maria/rmf_ws/build/rmf_visualization_fleet_states -- -j8 -l8
[46.549s] DEBUG:colcon.colcon_core.event_handler.log_command:Invoking command in '/home/maria/rmf_ws/build/rmf_visualization_fleet_states': CMAKE_PREFIX_PATH=/rmf_demos_ws/install/rmf_workcell_msgs:/rmf_demos_ws/install/rmf_demos_gz:/rmf_demos_ws/install/rmf_demos:/rmf_demos_ws/install/rmf_reservation_node:/rmf_demos_ws/install/rmf_fleet_adapter_python:/rmf_demos_ws/install/rmf_fleet_adapter:/rmf_demos_ws/install/rmf_task_ros2:/rmf_demos_ws/install/rmf_websocket:/rmf_demos_ws/install/rmf_visualization:/rmf_demos_ws/install/rmf_visualization_schedule:/rmf_demos_ws/install/rmf_visualization_rviz2_plugins:/rmf_demos_ws/install/rmf_visualization_obstacles:/rmf_demos_ws/install/rmf_visualization_navgraphs:/rmf_demos_ws/install/rmf_visualization_floorplans:/rmf_demos_ws/install/rmf_visualization_fleet_states:/rmf_demos_ws/install/rmf_visualization_msgs:/rmf_demos_ws/install/rmf_traffic_ros2:/rmf_demos_ws/install/rmf_task_sequence:/rmf_demos_ws/install/rmf_task:/rmf_demos_ws/install/rmf_battery:/rmf_demos_ws/install/rmf_traffic:/rmf_demos_ws/install/rmf_utils:/rmf_demos_ws/install/rmf_traffic_msgs:/rmf_demos_ws/install/rmf_traffic_editor_test_maps:/rmf_demos_ws/install/rmf_traffic_editor_assets:/rmf_demos_ws/install/rmf_traffic_editor:/rmf_demos_ws/install/rmf_task_msgs:/rmf_demos_ws/install/rmf_site_map_msgs:/rmf_demos_ws/install/rmf_scheduler_msgs:/rmf_demos_ws/install/rmf_robot_sim_gz_plugins:/rmf_demos_ws/install/rmf_robot_sim_common:/rmf_demos_ws/install/rmf_reservation_msgs:/rmf_demos_ws/install/rmf_obstacle_msgs:/rmf_demos_ws/install/rmf_building_sim_gz_plugins:/rmf_demos_ws/install/rmf_lift_msgs:/rmf_demos_ws/install/rmf_ingestor_msgs:/rmf_demos_ws/install/rmf_fleet_msgs:/rmf_demos_ws/install/rmf_door_msgs:/rmf_demos_ws/install/rmf_dispenser_msgs:/rmf_demos_ws/install/rmf_demos_maps:/rmf_demos_ws/install/rmf_demos_assets:/rmf_demos_ws/install/rmf_charger_msgs:/rmf_demos_ws/install/rmf_building_map_msgs:/rmf_demos_ws/install/rmf_api_msgs:/rmf_demos_ws/install/nlohmann_json_schema_validator_vendor:/rmf_demos_ws/install/rmf_demos_fleet_adapter:/rmf_demos_ws/install/rmf_visualization_building_systems:/rmf_demos_ws/install/rmf_traffic_examples:/rmf_demos_ws/install/rmf_demos_bridges:/rmf_demos_ws/install/rmf_demos_tasks:/rmf_demos_ws/install/rmf_building_map_tools:/rmf_demos_ws/install/rmf_charging_schedule:/opt/ros/jazzy:/rmf_demos_ws/install/menge_vendor:/rmf_demos_ws/install/ament_cmake_catch2:/opt/ros/jazzy/opt/gz_sim_vendor:/opt/ros/jazzy/opt/gz_sensors_vendor:/opt/ros/jazzy/opt/gz_physics_vendor:/opt/ros/jazzy/opt/sdformat_vendor:/opt/ros/jazzy/opt/gz_gui_vendor:/opt/ros/jazzy/opt/gz_transport_vendor:/opt/ros/jazzy/opt/gz_rendering_vendor:/opt/ros/jazzy/opt/gz_plugin_vendor:/opt/ros/jazzy/opt/gz_fuel_tools_vendor:/opt/ros/jazzy/opt/gz_msgs_vendor:/opt/ros/jazzy/opt/gz_common_vendor:/opt/ros/jazzy/opt/gz_math_vendor:/opt/ros/jazzy/opt/gz_utils_vendor:/opt/ros/jazzy/opt/gz_tools_vendor:/opt/ros/jazzy/opt/gz_ogre_next_vendor:/opt/ros/jazzy/opt/gz_dartsim_vendor:/opt/ros/jazzy/opt/gz_cmake_vendor /usr/bin/cmake --install /home/maria/rmf_ws/build/rmf_visualization_fleet_states
[46.551s] INFO:colcon.colcon_core.shell:Creating environment descriptor '/home/maria/rmf_ws/install/rmf_visualization_obstacles/share/rmf_visualization_obstacles/hook/cmake_prefix_path.dsv'
[46.551s] DEBUG:colcon.colcon_core.event_handler.log_command:Invoked command in '/home/maria/rmf_ws/build/rmf_visualization_obstacles' returned '0': CMAKE_PREFIX_PATH=/rmf_demos_ws/install/rmf_workcell_msgs:/rmf_demos_ws/install/rmf_demos_gz:/rmf_demos_ws/install/rmf_demos:/rmf_demos_ws/install/rmf_reservation_node:/rmf_demos_ws/install/rmf_fleet_adapter_python:/rmf_demos_ws/install/rmf_fleet_adapter:/rmf_demos_ws/install/rmf_task_ros2:/rmf_demos_ws/install/rmf_websocket:/rmf_demos_ws/install/rmf_visualization:/rmf_demos_ws/install/rmf_visualization_schedule:/rmf_demos_ws/install/rmf_visualization_rviz2_plugins:/rmf_demos_ws/install/rmf_visualization_obstacles:/rmf_demos_ws/install/rmf_visualization_navgraphs:/rmf_demos_ws/install/rmf_visualization_floorplans:/rmf_demos_ws/install/rmf_visualization_fleet_states:/rmf_demos_ws/install/rmf_visualization_msgs:/rmf_demos_ws/install/rmf_traffic_ros2:/rmf_demos_ws/install/rmf_task_sequence:/rmf_demos_ws/install/rmf_task:/rmf_demos_ws/install/rmf_battery:/rmf_demos_ws/install/rmf_traffic:/rmf_demos_ws/install/rmf_utils:/rmf_demos_ws/install/rmf_traffic_msgs:/rmf_demos_ws/install/rmf_traffic_editor_test_maps:/rmf_demos_ws/install/rmf_traffic_editor_assets:/rmf_demos_ws/install/rmf_traffic_editor:/rmf_demos_ws/install/rmf_task_msgs:/rmf_demos_ws/install/rmf_site_map_msgs:/rmf_demos_ws/install/rmf_scheduler_msgs:/rmf_demos_ws/install/rmf_robot_sim_gz_plugins:/rmf_demos_ws/install/rmf_robot_sim_common:/rmf_demos_ws/install/rmf_reservation_msgs:/rmf_demos_ws/install/rmf_obstacle_msgs:/rmf_demos_ws/install/rmf_building_sim_gz_plugins:/rmf_demos_ws/install/rmf_lift_msgs:/rmf_demos_ws/install/rmf_ingestor_msgs:/rmf_demos_ws/install/rmf_fleet_msgs:/rmf_demos_ws/install/rmf_door_msgs:/rmf_demos_ws/install/rmf_dispenser_msgs:/rmf_demos_ws/install/rmf_demos_maps:/rmf_demos_ws/install/rmf_demos_assets:/rmf_demos_ws/install/rmf_charger_msgs:/rmf_demos_ws/install/rmf_building_map_msgs:/rmf_demos_ws/install/rmf_api_msgs:/rmf_demos_ws/install/nlohmann_json_schema_validator_vendor:/rmf_demos_ws/install/rmf_demos_fleet_adapter:/rmf_demos_ws/install/rmf_visualization_building_systems:/rmf_demos_ws/install/rmf_traffic_examples:/rmf_demos_ws/install/rmf_demos_bridges:/rmf_demos_ws/install/rmf_demos_tasks:/rmf_demos_ws/install/rmf_building_map_tools:/rmf_demos_ws/install/rmf_charging_schedule:/opt/ros/jazzy:/rmf_demos_ws/install/menge_vendor:/rmf_demos_ws/install/ament_cmake_catch2:/opt/ros/jazzy/opt/gz_sim_vendor:/opt/ros/jazzy/opt/gz_sensors_vendor:/opt/ros/jazzy/opt/gz_physics_vendor:/opt/ros/jazzy/opt/sdformat_vendor:/opt/ros/jazzy/opt/gz_gui_vendor:/opt/ros/jazzy/opt/gz_transport_vendor:/opt/ros/jazzy/opt/gz_rendering_vendor:/opt/ros/jazzy/opt/gz_plugin_vendor:/opt/ros/jazzy/opt/gz_fuel_tools_vendor:/opt/ros/jazzy/opt/gz_msgs_vendor:/opt/ros/jazzy/opt/gz_common_vendor:/opt/ros/jazzy/opt/gz_math_vendor:/opt/ros/jazzy/opt/gz_utils_vendor:/opt/ros/jazzy/opt/gz_tools_vendor:/opt/ros/jazzy/opt/gz_ogre_next_vendor:/opt/ros/jazzy/opt/gz_dartsim_vendor:/opt/ros/jazzy/opt/gz_cmake_vendor /usr/bin/cmake --install /home/maria/rmf_ws/build/rmf_visualization_obstacles
[46.552s] INFO:colcon.colcon_core.shell:Creating environment hook '/home/maria/rmf_ws/install/rmf_visualization_obstacles/share/rmf_visualization_obstacles/hook/cmake_prefix_path.sh'
[46.554s] Level 1:colcon.colcon_core.environment:checking '/home/maria/rmf_ws/install/rmf_visualization_obstacles/lib'
[46.554s] Level 1:colcon.colcon_core.shell:create_environment_hook('rmf_visualization_obstacles', 'ld_library_path_lib')
[46.555s] INFO:colcon.colcon_core.shell:Creating environment hook '/home/maria/rmf_ws/install/rmf_visualization_obstacles/share/rmf_visualization_obstacles/hook/ld_library_path_lib.ps1'
[46.555s] INFO:colcon.colcon_core.shell:Creating environment descriptor '/home/maria/rmf_ws/install/rmf_visualization_obstacles/share/rmf_visualization_obstacles/hook/ld_library_path_lib.dsv'
[46.556s] INFO:colcon.colcon_core.shell:Creating environment hook '/home/maria/rmf_ws/install/rmf_visualization_obstacles/share/rmf_visualization_obstacles/hook/ld_library_path_lib.sh'
[46.559s] Level 1:colcon.colcon_core.environment:checking '/home/maria/rmf_ws/install/rmf_visualization_obstacles/bin'
[46.560s] Level 1:colcon.colcon_core.environment:checking '/home/maria/rmf_ws/install/rmf_visualization_obstacles/lib/pkgconfig/rmf_visualization_obstacles.pc'
[46.560s] Level 1:colcon.colcon_core.environment:checking '/home/maria/rmf_ws/install/rmf_visualization_obstacles/lib/python3.12/site-packages'
[46.561s] Level 1:colcon.colcon_core.environment:checking '/home/maria/rmf_ws/install/rmf_visualization_obstacles/bin'
[46.561s] INFO:colcon.colcon_core.shell:Creating package script '/home/maria/rmf_ws/install/rmf_visualization_obstacles/share/rmf_visualization_obstacles/package.ps1'
[46.566s] INFO:colcon.colcon_core.shell:Creating package descriptor '/home/maria/rmf_ws/install/rmf_visualization_obstacles/share/rmf_visualization_obstacles/package.dsv'
[46.567s] INFO:colcon.colcon_core.shell:Creating package script '/home/maria/rmf_ws/install/rmf_visualization_obstacles/share/rmf_visualization_obstacles/package.sh'
[46.568s] INFO:colcon.colcon_core.shell:Creating package script '/home/maria/rmf_ws/install/rmf_visualization_obstacles/share/rmf_visualization_obstacles/package.bash'
[46.572s] INFO:colcon.colcon_core.shell:Creating package script '/home/maria/rmf_ws/install/rmf_visualization_obstacles/share/rmf_visualization_obstacles/package.zsh'
[46.573s] Level 1:colcon.colcon_core.environment:create_file_with_runtime_dependencies(/home/maria/rmf_ws/install/rmf_visualization_obstacles/share/colcon-core/packages/rmf_visualization_obstacles)
[46.574s] Level 1:colcon.colcon_core.environment:create_environment_scripts_only(rmf_visualization_obstacles)
[46.574s] Level 1:colcon.colcon_core.environment:checking '/home/maria/rmf_ws/install/rmf_visualization_obstacles' for CMake module files
[46.575s] Level 1:colcon.colcon_core.environment:checking '/home/maria/rmf_ws/install/rmf_visualization_obstacles' for CMake config files
[46.575s] Level 1:colcon.colcon_core.shell:create_environment_hook('rmf_visualization_obstacles', 'cmake_prefix_path')
[46.579s] INFO:colcon.colcon_core.shell:Creating environment hook '/home/maria/rmf_ws/install/rmf_visualization_obstacles/share/rmf_visualization_obstacles/hook/cmake_prefix_path.ps1'
[46.580s] INFO:colcon.colcon_core.shell:Creating environment descriptor '/home/maria/rmf_ws/install/rmf_visualization_obstacles/share/rmf_visualization_obstacles/hook/cmake_prefix_path.dsv'
[46.580s] INFO:colcon.colcon_core.shell:Creating environment hook '/home/maria/rmf_ws/install/rmf_visualization_obstacles/share/rmf_visualization_obstacles/hook/cmake_prefix_path.sh'
[46.581s] Level 1:colcon.colcon_core.environment:checking '/home/maria/rmf_ws/install/rmf_visualization_obstacles/lib'
[46.581s] Level 1:colcon.colcon_core.shell:create_environment_hook('rmf_visualization_obstacles', 'ld_library_path_lib')
[46.585s] INFO:colcon.colcon_core.shell:Creating environment hook '/home/maria/rmf_ws/install/rmf_visualization_obstacles/share/rmf_visualization_obstacles/hook/ld_library_path_lib.ps1'
[46.586s] INFO:colcon.colcon_core.shell:Creating environment descriptor '/home/maria/rmf_ws/install/rmf_visualization_obstacles/share/rmf_visualization_obstacles/hook/ld_library_path_lib.dsv'
[46.586s] INFO:colcon.colcon_core.shell:Creating environment hook '/home/maria/rmf_ws/install/rmf_visualization_obstacles/share/rmf_visualization_obstacles/hook/ld_library_path_lib.sh'
[46.587s] Level 1:colcon.colcon_core.environment:checking '/home/maria/rmf_ws/install/rmf_visualization_obstacles/bin'
[46.587s] Level 1:colcon.colcon_core.environment:checking '/home/maria/rmf_ws/install/rmf_visualization_obstacles/lib/pkgconfig/rmf_visualization_obstacles.pc'
[46.587s] Level 1:colcon.colcon_core.environment:checking '/home/maria/rmf_ws/install/rmf_visualization_obstacles/lib/python3.12/site-packages'
[46.591s] Level 1:colcon.colcon_core.environment:checking '/home/maria/rmf_ws/install/rmf_visualization_obstacles/bin'
[46.592s] INFO:colcon.colcon_core.shell:Creating package script '/home/maria/rmf_ws/install/rmf_visualization_obstacles/share/rmf_visualization_obstacles/package.ps1'
[46.595s] INFO:colcon.colcon_core.shell:Creating package descriptor '/home/maria/rmf_ws/install/rmf_visualization_obstacles/share/rmf_visualization_obstacles/package.dsv'
[46.598s] INFO:colcon.colcon_core.shell:Creating package script '/home/maria/rmf_ws/install/rmf_visualization_obstacles/share/rmf_visualization_obstacles/package.sh'
[46.599s] INFO:colcon.colcon_core.shell:Creating package script '/home/maria/rmf_ws/install/rmf_visualization_obstacles/share/rmf_visualization_obstacles/package.bash'
[46.600s] INFO:colcon.colcon_core.shell:Creating package script '/home/maria/rmf_ws/install/rmf_visualization_obstacles/share/rmf_visualization_obstacles/package.zsh'
[46.600s] Level 1:colcon.colcon_core.environment:create_file_with_runtime_dependencies(/home/maria/rmf_ws/install/rmf_visualization_obstacles/share/colcon-core/packages/rmf_visualization_obstacles)
[46.604s] Level 1:colcon.colcon_core.environment:create_environment_scripts_only(rmf_visualization_floorplans)
[46.605s] Level 1:colcon.colcon_core.environment:checking '/home/maria/rmf_ws/install/rmf_visualization_floorplans' for CMake module files
[46.605s] DEBUG:colcon.colcon_core.event_handler.log_command:Invoked command in '/home/maria/rmf_ws/build/rmf_visualization_floorplans' returned '0': CMAKE_PREFIX_PATH=/rmf_demos_ws/install/rmf_workcell_msgs:/rmf_demos_ws/install/rmf_demos_gz:/rmf_demos_ws/install/rmf_demos:/rmf_demos_ws/install/rmf_reservation_node:/rmf_demos_ws/install/rmf_fleet_adapter_python:/rmf_demos_ws/install/rmf_fleet_adapter:/rmf_demos_ws/install/rmf_task_ros2:/rmf_demos_ws/install/rmf_websocket:/rmf_demos_ws/install/rmf_visualization:/rmf_demos_ws/install/rmf_visualization_schedule:/rmf_demos_ws/install/rmf_visualization_rviz2_plugins:/rmf_demos_ws/install/rmf_visualization_obstacles:/rmf_demos_ws/install/rmf_visualization_navgraphs:/rmf_demos_ws/install/rmf_visualization_floorplans:/rmf_demos_ws/install/rmf_visualization_fleet_states:/rmf_demos_ws/install/rmf_visualization_msgs:/rmf_demos_ws/install/rmf_traffic_ros2:/rmf_demos_ws/install/rmf_task_sequence:/rmf_demos_ws/install/rmf_task:/rmf_demos_ws/install/rmf_battery:/rmf_demos_ws/install/rmf_traffic:/rmf_demos_ws/install/rmf_utils:/rmf_demos_ws/install/rmf_traffic_msgs:/rmf_demos_ws/install/rmf_traffic_editor_test_maps:/rmf_demos_ws/install/rmf_traffic_editor_assets:/rmf_demos_ws/install/rmf_traffic_editor:/rmf_demos_ws/install/rmf_task_msgs:/rmf_demos_ws/install/rmf_site_map_msgs:/rmf_demos_ws/install/rmf_scheduler_msgs:/rmf_demos_ws/install/rmf_robot_sim_gz_plugins:/rmf_demos_ws/install/rmf_robot_sim_common:/rmf_demos_ws/install/rmf_reservation_msgs:/rmf_demos_ws/install/rmf_obstacle_msgs:/rmf_demos_ws/install/rmf_building_sim_gz_plugins:/rmf_demos_ws/install/rmf_lift_msgs:/rmf_demos_ws/install/rmf_ingestor_msgs:/rmf_demos_ws/install/rmf_fleet_msgs:/rmf_demos_ws/install/rmf_door_msgs:/rmf_demos_ws/install/rmf_dispenser_msgs:/rmf_demos_ws/install/rmf_demos_maps:/rmf_demos_ws/install/rmf_demos_assets:/rmf_demos_ws/install/rmf_charger_msgs:/rmf_demos_ws/install/rmf_building_map_msgs:/rmf_demos_ws/install/rmf_api_msgs:/rmf_demos_ws/install/nlohmann_json_schema_validator_vendor:/rmf_demos_ws/install/rmf_demos_fleet_adapter:/rmf_demos_ws/install/rmf_visualization_building_systems:/rmf_demos_ws/install/rmf_traffic_examples:/rmf_demos_ws/install/rmf_demos_bridges:/rmf_demos_ws/install/rmf_demos_tasks:/rmf_demos_ws/install/rmf_building_map_tools:/rmf_demos_ws/install/rmf_charging_schedule:/opt/ros/jazzy:/rmf_demos_ws/install/menge_vendor:/rmf_demos_ws/install/ament_cmake_catch2:/opt/ros/jazzy/opt/gz_sim_vendor:/opt/ros/jazzy/opt/gz_sensors_vendor:/opt/ros/jazzy/opt/gz_physics_vendor:/opt/ros/jazzy/opt/sdformat_vendor:/opt/ros/jazzy/opt/gz_gui_vendor:/opt/ros/jazzy/opt/gz_transport_vendor:/opt/ros/jazzy/opt/gz_rendering_vendor:/opt/ros/jazzy/opt/gz_plugin_vendor:/opt/ros/jazzy/opt/gz_fuel_tools_vendor:/opt/ros/jazzy/opt/gz_msgs_vendor:/opt/ros/jazzy/opt/gz_common_vendor:/opt/ros/jazzy/opt/gz_math_vendor:/opt/ros/jazzy/opt/gz_utils_vendor:/opt/ros/jazzy/opt/gz_tools_vendor:/opt/ros/jazzy/opt/gz_ogre_next_vendor:/opt/ros/jazzy/opt/gz_dartsim_vendor:/opt/ros/jazzy/opt/gz_cmake_vendor /usr/bin/cmake --install /home/maria/rmf_ws/build/rmf_visualization_floorplans
[46.606s] Level 1:colcon.colcon_core.environment:checking '/home/maria/rmf_ws/install/rmf_visualization_floorplans' for CMake config files
[46.607s] Level 1:colcon.colcon_core.shell:create_environment_hook('rmf_visualization_floorplans', 'cmake_prefix_path')
[46.610s] INFO:colcon.colcon_core.shell:Creating environment hook '/home/maria/rmf_ws/install/rmf_visualization_floorplans/share/rmf_visualization_floorplans/hook/cmake_prefix_path.ps1'
[46.611s] INFO:colcon.colcon_core.shell:Creating environment descriptor '/home/maria/rmf_ws/install/rmf_visualization_floorplans/share/rmf_visualization_floorplans/hook/cmake_prefix_path.dsv'
[46.612s] INFO:colcon.colcon_core.shell:Creating environment hook '/home/maria/rmf_ws/install/rmf_visualization_floorplans/share/rmf_visualization_floorplans/hook/cmake_prefix_path.sh'
[46.613s] Level 1:colcon.colcon_core.environment:checking '/home/maria/rmf_ws/install/rmf_visualization_floorplans/lib'
[46.613s] Level 1:colcon.colcon_core.shell:create_environment_hook('rmf_visualization_floorplans', 'ld_library_path_lib')
[46.616s] INFO:colcon.colcon_core.shell:Creating environment hook '/home/maria/rmf_ws/install/rmf_visualization_floorplans/share/rmf_visualization_floorplans/hook/ld_library_path_lib.ps1'
[46.617s] INFO:colcon.colcon_core.shell:Creating environment descriptor '/home/maria/rmf_ws/install/rmf_visualization_floorplans/share/rmf_visualization_floorplans/hook/ld_library_path_lib.dsv'
[46.618s] INFO:colcon.colcon_core.shell:Creating environment hook '/home/maria/rmf_ws/install/rmf_visualization_floorplans/share/rmf_visualization_floorplans/hook/ld_library_path_lib.sh'
[46.618s] Level 1:colcon.colcon_core.environment:checking '/home/maria/rmf_ws/install/rmf_visualization_floorplans/bin'
[46.619s] Level 1:colcon.colcon_core.environment:checking '/home/maria/rmf_ws/install/rmf_visualization_floorplans/lib/pkgconfig/rmf_visualization_floorplans.pc'
[46.619s] Level 1:colcon.colcon_core.environment:checking '/home/maria/rmf_ws/install/rmf_visualization_floorplans/lib/python3.12/site-packages'
[46.623s] Level 1:colcon.colcon_core.environment:checking '/home/maria/rmf_ws/install/rmf_visualization_floorplans/bin'
[46.623s] INFO:colcon.colcon_core.shell:Creating package script '/home/maria/rmf_ws/install/rmf_visualization_floorplans/share/rmf_visualization_floorplans/package.ps1'
[46.625s] INFO:colcon.colcon_core.shell:Creating package descriptor '/home/maria/rmf_ws/install/rmf_visualization_floorplans/share/rmf_visualization_floorplans/package.dsv'
[46.628s] INFO:colcon.colcon_core.shell:Creating package script '/home/maria/rmf_ws/install/rmf_visualization_floorplans/share/rmf_visualization_floorplans/package.sh'
[46.629s] INFO:colcon.colcon_core.shell:Creating package script '/home/maria/rmf_ws/install/rmf_visualization_floorplans/share/rmf_visualization_floorplans/package.bash'
[46.630s] INFO:colcon.colcon_core.shell:Creating package script '/home/maria/rmf_ws/install/rmf_visualization_floorplans/share/rmf_visualization_floorplans/package.zsh'
[46.630s] Level 1:colcon.colcon_core.environment:create_file_with_runtime_dependencies(/home/maria/rmf_ws/install/rmf_visualization_floorplans/share/colcon-core/packages/rmf_visualization_floorplans)
[46.634s] Level 1:colcon.colcon_core.environment:create_environment_scripts_only(rmf_visualization_floorplans)
[46.635s] Level 1:colcon.colcon_core.environment:checking '/home/maria/rmf_ws/install/rmf_visualization_floorplans' for CMake module files
[46.636s] Level 1:colcon.colcon_core.environment:checking '/home/maria/rmf_ws/install/rmf_visualization_floorplans' for CMake config files
[46.636s] Level 1:colcon.colcon_core.shell:create_environment_hook('rmf_visualization_floorplans', 'cmake_prefix_path')
[46.637s] INFO:colcon.colcon_core.shell:Creating environment hook '/home/maria/rmf_ws/install/rmf_visualization_floorplans/share/rmf_visualization_floorplans/hook/cmake_prefix_path.ps1'
[46.641s] INFO:colcon.colcon_core.shell:Creating environment descriptor '/home/maria/rmf_ws/install/rmf_visualization_floorplans/share/rmf_visualization_floorplans/hook/cmake_prefix_path.dsv'
[46.641s] INFO:colcon.colcon_core.shell:Creating environment hook '/home/maria/rmf_ws/install/rmf_visualization_floorplans/share/rmf_visualization_floorplans/hook/cmake_prefix_path.sh'
[46.642s] Level 1:colcon.colcon_core.environment:checking '/home/maria/rmf_ws/install/rmf_visualization_floorplans/lib'
[46.642s] Level 1:colcon.colcon_core.shell:create_environment_hook('rmf_visualization_floorplans', 'ld_library_path_lib')
[46.643s] INFO:colcon.colcon_core.shell:Creating environment hook '/home/maria/rmf_ws/install/rmf_visualization_floorplans/share/rmf_visualization_floorplans/hook/ld_library_path_lib.ps1'
[46.643s] INFO:colcon.colcon_core.shell:Creating environment descriptor '/home/maria/rmf_ws/install/rmf_visualization_floorplans/share/rmf_visualization_floorplans/hook/ld_library_path_lib.dsv'
[46.647s] INFO:colcon.colcon_core.shell:Creating environment hook '/home/maria/rmf_ws/install/rmf_visualization_floorplans/share/rmf_visualization_floorplans/hook/ld_library_path_lib.sh'
[46.648s] Level 1:colcon.colcon_core.environment:checking '/home/maria/rmf_ws/install/rmf_visualization_floorplans/bin'
[46.648s] Level 1:colcon.colcon_core.environment:checking '/home/maria/rmf_ws/install/rmf_visualization_floorplans/lib/pkgconfig/rmf_visualization_floorplans.pc'
[46.648s] Level 1:colcon.colcon_core.environment:checking '/home/maria/rmf_ws/install/rmf_visualization_floorplans/lib/python3.12/site-packages'
[46.649s] Level 1:colcon.colcon_core.environment:checking '/home/maria/rmf_ws/install/rmf_visualization_floorplans/bin'
[46.649s] INFO:colcon.colcon_core.shell:Creating package script '/home/maria/rmf_ws/install/rmf_visualization_floorplans/share/rmf_visualization_floorplans/package.ps1'
[46.654s] INFO:colcon.colcon_core.shell:Creating package descriptor '/home/maria/rmf_ws/install/rmf_visualization_floorplans/share/rmf_visualization_floorplans/package.dsv'
[46.655s] INFO:colcon.colcon_core.shell:Creating package script '/home/maria/rmf_ws/install/rmf_visualization_floorplans/share/rmf_visualization_floorplans/package.sh'
[46.657s] INFO:colcon.colcon_core.shell:Creating package script '/home/maria/rmf_ws/install/rmf_visualization_floorplans/share/rmf_visualization_floorplans/package.bash'
[46.658s] INFO:colcon.colcon_core.shell:Creating package script '/home/maria/rmf_ws/install/rmf_visualization_floorplans/share/rmf_visualization_floorplans/package.zsh'
[46.659s] Level 1:colcon.colcon_core.environment:create_file_with_runtime_dependencies(/home/maria/rmf_ws/install/rmf_visualization_floorplans/share/colcon-core/packages/rmf_visualization_floorplans)
[46.660s] INFO:colcon.colcon_ros.task.ament_cmake.build:Building ROS package in '/home/maria/rmf_ws/src/project/project_assets' with build type 'ament_cmake'
[46.660s] INFO:colcon.colcon_cmake.task.cmake.build:Building CMake package in '/home/maria/rmf_ws/src/project/project_assets'
[46.660s] INFO:colcon.colcon_core.shell:Skip shell extension 'powershell' for command environment: Not usable outside of PowerShell
[46.660s] DEBUG:colcon.colcon_core.shell:Skip shell extension 'dsv' for command environment
[46.700s] INFO:colcon.colcon_ros.task.ament_python.build:Building ROS package in '/home/maria/rmf_ws/src/project/project_fleet_adapter' with build type 'ament_python'
[46.701s] Level 1:colcon.colcon_core.shell:create_environment_hook('project_fleet_adapter', 'ament_prefix_path')
[46.702s] INFO:colcon.colcon_core.shell:Creating environment hook '/home/maria/rmf_ws/install/project_fleet_adapter/share/project_fleet_adapter/hook/ament_prefix_path.ps1'
[46.703s] INFO:colcon.colcon_core.shell:Creating environment descriptor '/home/maria/rmf_ws/install/project_fleet_adapter/share/project_fleet_adapter/hook/ament_prefix_path.dsv'
[46.703s] INFO:colcon.colcon_core.shell:Creating environment hook '/home/maria/rmf_ws/install/project_fleet_adapter/share/project_fleet_adapter/hook/ament_prefix_path.sh'
[46.707s] INFO:colcon.colcon_core.shell:Skip shell extension 'powershell' for command environment: Not usable outside of PowerShell
[46.708s] DEBUG:colcon.colcon_core.shell:Skip shell extension 'dsv' for command environment
[46.737s] DEBUG:colcon.colcon_core.event_handler.log_command:Invoking command in '/home/maria/rmf_ws/build/project_assets': CMAKE_PREFIX_PATH=/rmf_demos_ws/install/rmf_workcell_msgs:/rmf_demos_ws/install/rmf_demos_gz:/rmf_demos_ws/install/rmf_demos:/rmf_demos_ws/install/rmf_reservation_node:/rmf_demos_ws/install/rmf_fleet_adapter_python:/rmf_demos_ws/install/rmf_fleet_adapter:/rmf_demos_ws/install/rmf_task_ros2:/rmf_demos_ws/install/rmf_websocket:/rmf_demos_ws/install/rmf_visualization:/rmf_demos_ws/install/rmf_visualization_schedule:/rmf_demos_ws/install/rmf_visualization_rviz2_plugins:/rmf_demos_ws/install/rmf_visualization_obstacles:/rmf_demos_ws/install/rmf_visualization_navgraphs:/rmf_demos_ws/install/rmf_visualization_floorplans:/rmf_demos_ws/install/rmf_visualization_fleet_states:/rmf_demos_ws/install/rmf_visualization_msgs:/rmf_demos_ws/install/rmf_traffic_ros2:/rmf_demos_ws/install/rmf_task_sequence:/rmf_demos_ws/install/rmf_task:/rmf_demos_ws/install/rmf_battery:/rmf_demos_ws/install/rmf_traffic:/rmf_demos_ws/install/rmf_utils:/rmf_demos_ws/install/rmf_traffic_msgs:/rmf_demos_ws/install/rmf_traffic_editor_test_maps:/rmf_demos_ws/install/rmf_traffic_editor_assets:/rmf_demos_ws/install/rmf_traffic_editor:/rmf_demos_ws/install/rmf_task_msgs:/rmf_demos_ws/install/rmf_site_map_msgs:/rmf_demos_ws/install/rmf_scheduler_msgs:/rmf_demos_ws/install/rmf_robot_sim_gz_plugins:/rmf_demos_ws/install/rmf_robot_sim_common:/rmf_demos_ws/install/rmf_reservation_msgs:/rmf_demos_ws/install/rmf_obstacle_msgs:/rmf_demos_ws/install/rmf_building_sim_gz_plugins:/rmf_demos_ws/install/rmf_lift_msgs:/rmf_demos_ws/install/rmf_ingestor_msgs:/rmf_demos_ws/install/rmf_fleet_msgs:/rmf_demos_ws/install/rmf_door_msgs:/rmf_demos_ws/install/rmf_dispenser_msgs:/rmf_demos_ws/install/rmf_demos_maps:/rmf_demos_ws/install/rmf_demos_assets:/rmf_demos_ws/install/rmf_charger_msgs:/rmf_demos_ws/install/rmf_building_map_msgs:/rmf_demos_ws/install/rmf_api_msgs:/rmf_demos_ws/install/nlohmann_json_schema_validator_vendor:/rmf_demos_ws/install/rmf_demos_fleet_adapter:/rmf_demos_ws/install/rmf_visualization_building_systems:/rmf_demos_ws/install/rmf_traffic_examples:/rmf_demos_ws/install/rmf_demos_bridges:/rmf_demos_ws/install/rmf_demos_tasks:/rmf_demos_ws/install/rmf_building_map_tools:/rmf_demos_ws/install/rmf_charging_schedule:/opt/ros/jazzy:/rmf_demos_ws/install/menge_vendor:/rmf_demos_ws/install/ament_cmake_catch2:/opt/ros/jazzy/opt/gz_sim_vendor:/opt/ros/jazzy/opt/gz_sensors_vendor:/opt/ros/jazzy/opt/gz_physics_vendor:/opt/ros/jazzy/opt/sdformat_vendor:/opt/ros/jazzy/opt/gz_gui_vendor:/opt/ros/jazzy/opt/gz_transport_vendor:/opt/ros/jazzy/opt/gz_rendering_vendor:/opt/ros/jazzy/opt/gz_plugin_vendor:/opt/ros/jazzy/opt/gz_fuel_tools_vendor:/opt/ros/jazzy/opt/gz_msgs_vendor:/opt/ros/jazzy/opt/gz_common_vendor:/opt/ros/jazzy/opt/gz_math_vendor:/opt/ros/jazzy/opt/gz_utils_vendor:/opt/ros/jazzy/opt/gz_tools_vendor:/opt/ros/jazzy/opt/gz_ogre_next_vendor:/opt/ros/jazzy/opt/gz_dartsim_vendor:/opt/ros/jazzy/opt/gz_cmake_vendor /usr/bin/cmake /home/maria/rmf_ws/src/project/project_assets -DAMENT_CMAKE_SYMLINK_INSTALL=1 -DCMAKE_INSTALL_PREFIX=/home/maria/rmf_ws/install/project_assets
[47.855s] INFO:colcon.colcon_core.task.python.build:Building Python package in '/home/maria/rmf_ws/src/project/project_fleet_adapter'
[47.856s] INFO:colcon.colcon_core.shell:Skip shell extension 'powershell' for command environment: Not usable outside of PowerShell
[47.856s] DEBUG:colcon.colcon_core.shell:Skip shell extension 'dsv' for command environment
[47.871s] Level 1:colcon.colcon_core.environment:create_environment_scripts_only(rmf_visualization_fleet_states)
[47.874s] Level 1:colcon.colcon_core.environment:checking '/home/maria/rmf_ws/install/rmf_visualization_fleet_states' for CMake module files
[47.875s] Level 1:colcon.colcon_core.environment:checking '/home/maria/rmf_ws/install/rmf_visualization_fleet_states' for CMake config files
[47.876s] Level 1:colcon.colcon_core.shell:create_environment_hook('rmf_visualization_fleet_states', 'cmake_prefix_path')
[47.876s] INFO:colcon.colcon_core.shell:Creating environment hook '/home/maria/rmf_ws/install/rmf_visualization_fleet_states/share/rmf_visualization_fleet_states/hook/cmake_prefix_path.ps1'
[47.872s] DEBUG:colcon.colcon_core.event_handler.log_command:Invoked command in '/home/maria/rmf_ws/build/rmf_visualization_fleet_states' returned '0': CMAKE_PREFIX_PATH=/rmf_demos_ws/install/rmf_workcell_msgs:/rmf_demos_ws/install/rmf_demos_gz:/rmf_demos_ws/install/rmf_demos:/rmf_demos_ws/install/rmf_reservation_node:/rmf_demos_ws/install/rmf_fleet_adapter_python:/rmf_demos_ws/install/rmf_fleet_adapter:/rmf_demos_ws/install/rmf_task_ros2:/rmf_demos_ws/install/rmf_websocket:/rmf_demos_ws/install/rmf_visualization:/rmf_demos_ws/install/rmf_visualization_schedule:/rmf_demos_ws/install/rmf_visualization_rviz2_plugins:/rmf_demos_ws/install/rmf_visualization_obstacles:/rmf_demos_ws/install/rmf_visualization_navgraphs:/rmf_demos_ws/install/rmf_visualization_floorplans:/rmf_demos_ws/install/rmf_visualization_fleet_states:/rmf_demos_ws/install/rmf_visualization_msgs:/rmf_demos_ws/install/rmf_traffic_ros2:/rmf_demos_ws/install/rmf_task_sequence:/rmf_demos_ws/install/rmf_task:/rmf_demos_ws/install/rmf_battery:/rmf_demos_ws/install/rmf_traffic:/rmf_demos_ws/install/rmf_utils:/rmf_demos_ws/install/rmf_traffic_msgs:/rmf_demos_ws/install/rmf_traffic_editor_test_maps:/rmf_demos_ws/install/rmf_traffic_editor_assets:/rmf_demos_ws/install/rmf_traffic_editor:/rmf_demos_ws/install/rmf_task_msgs:/rmf_demos_ws/install/rmf_site_map_msgs:/rmf_demos_ws/install/rmf_scheduler_msgs:/rmf_demos_ws/install/rmf_robot_sim_gz_plugins:/rmf_demos_ws/install/rmf_robot_sim_common:/rmf_demos_ws/install/rmf_reservation_msgs:/rmf_demos_ws/install/rmf_obstacle_msgs:/rmf_demos_ws/install/rmf_building_sim_gz_plugins:/rmf_demos_ws/install/rmf_lift_msgs:/rmf_demos_ws/install/rmf_ingestor_msgs:/rmf_demos_ws/install/rmf_fleet_msgs:/rmf_demos_ws/install/rmf_door_msgs:/rmf_demos_ws/install/rmf_dispenser_msgs:/rmf_demos_ws/install/rmf_demos_maps:/rmf_demos_ws/install/rmf_demos_assets:/rmf_demos_ws/install/rmf_charger_msgs:/rmf_demos_ws/install/rmf_building_map_msgs:/rmf_demos_ws/install/rmf_api_msgs:/rmf_demos_ws/install/nlohmann_json_schema_validator_vendor:/rmf_demos_ws/install/rmf_demos_fleet_adapter:/rmf_demos_ws/install/rmf_visualization_building_systems:/rmf_demos_ws/install/rmf_traffic_examples:/rmf_demos_ws/install/rmf_demos_bridges:/rmf_demos_ws/install/rmf_demos_tasks:/rmf_demos_ws/install/rmf_building_map_tools:/rmf_demos_ws/install/rmf_charging_schedule:/opt/ros/jazzy:/rmf_demos_ws/install/menge_vendor:/rmf_demos_ws/install/ament_cmake_catch2:/opt/ros/jazzy/opt/gz_sim_vendor:/opt/ros/jazzy/opt/gz_sensors_vendor:/opt/ros/jazzy/opt/gz_physics_vendor:/opt/ros/jazzy/opt/sdformat_vendor:/opt/ros/jazzy/opt/gz_gui_vendor:/opt/ros/jazzy/opt/gz_transport_vendor:/opt/ros/jazzy/opt/gz_rendering_vendor:/opt/ros/jazzy/opt/gz_plugin_vendor:/opt/ros/jazzy/opt/gz_fuel_tools_vendor:/opt/ros/jazzy/opt/gz_msgs_vendor:/opt/ros/jazzy/opt/gz_common_vendor:/opt/ros/jazzy/opt/gz_math_vendor:/opt/ros/jazzy/opt/gz_utils_vendor:/opt/ros/jazzy/opt/gz_tools_vendor:/opt/ros/jazzy/opt/gz_ogre_next_vendor:/opt/ros/jazzy/opt/gz_dartsim_vendor:/opt/ros/jazzy/opt/gz_cmake_vendor /usr/bin/cmake --install /home/maria/rmf_ws/build/rmf_visualization_fleet_states
[47.877s] INFO:colcon.colcon_core.shell:Creating environment descriptor '/home/maria/rmf_ws/install/rmf_visualization_fleet_states/share/rmf_visualization_fleet_states/hook/cmake_prefix_path.dsv'
[47.877s] INFO:colcon.colcon_core.shell:Creating environment hook '/home/maria/rmf_ws/install/rmf_visualization_fleet_states/share/rmf_visualization_fleet_states/hook/cmake_prefix_path.sh'
[47.878s] Level 1:colcon.colcon_core.environment:checking '/home/maria/rmf_ws/install/rmf_visualization_fleet_states/lib'
[47.878s] Level 1:colcon.colcon_core.shell:create_environment_hook('rmf_visualization_fleet_states', 'ld_library_path_lib')
[47.879s] INFO:colcon.colcon_core.shell:Creating environment hook '/home/maria/rmf_ws/install/rmf_visualization_fleet_states/share/rmf_visualization_fleet_states/hook/ld_library_path_lib.ps1'
[47.879s] INFO:colcon.colcon_core.shell:Creating environment descriptor '/home/maria/rmf_ws/install/rmf_visualization_fleet_states/share/rmf_visualization_fleet_states/hook/ld_library_path_lib.dsv'
[47.880s] INFO:colcon.colcon_core.shell:Creating environment hook '/home/maria/rmf_ws/install/rmf_visualization_fleet_states/share/rmf_visualization_fleet_states/hook/ld_library_path_lib.sh'
[47.881s] Level 1:colcon.colcon_core.environment:checking '/home/maria/rmf_ws/install/rmf_visualization_fleet_states/bin'
[47.881s] Level 1:colcon.colcon_core.environment:checking '/home/maria/rmf_ws/install/rmf_visualization_fleet_states/lib/pkgconfig/rmf_visualization_fleet_states.pc'
[47.881s] Level 1:colcon.colcon_core.environment:checking '/home/maria/rmf_ws/install/rmf_visualization_fleet_states/lib/python3.12/site-packages'
[47.882s] Level 1:colcon.colcon_core.environment:checking '/home/maria/rmf_ws/install/rmf_visualization_fleet_states/bin'
[47.882s] INFO:colcon.colcon_core.shell:Creating package script '/home/maria/rmf_ws/install/rmf_visualization_fleet_states/share/rmf_visualization_fleet_states/package.ps1'
[47.883s] INFO:colcon.colcon_core.shell:Creating package descriptor '/home/maria/rmf_ws/install/rmf_visualization_fleet_states/share/rmf_visualization_fleet_states/package.dsv'
[47.884s] INFO:colcon.colcon_core.shell:Creating package script '/home/maria/rmf_ws/install/rmf_visualization_fleet_states/share/rmf_visualization_fleet_states/package.sh'
[47.885s] INFO:colcon.colcon_core.shell:Creating package script '/home/maria/rmf_ws/install/rmf_visualization_fleet_states/share/rmf_visualization_fleet_states/package.bash'
[47.885s] INFO:colcon.colcon_core.shell:Creating package script '/home/maria/rmf_ws/install/rmf_visualization_fleet_states/share/rmf_visualization_fleet_states/package.zsh'
[47.886s] Level 1:colcon.colcon_core.environment:create_file_with_runtime_dependencies(/home/maria/rmf_ws/install/rmf_visualization_fleet_states/share/colcon-core/packages/rmf_visualization_fleet_states)
[47.886s] Level 1:colcon.colcon_core.environment:create_environment_scripts_only(rmf_visualization_fleet_states)
[47.887s] Level 1:colcon.colcon_core.environment:checking '/home/maria/rmf_ws/install/rmf_visualization_fleet_states' for CMake module files
[47.888s] Level 1:colcon.colcon_core.environment:checking '/home/maria/rmf_ws/install/rmf_visualization_fleet_states' for CMake config files
[47.888s] Level 1:colcon.colcon_core.shell:create_environment_hook('rmf_visualization_fleet_states', 'cmake_prefix_path')
[47.889s] INFO:colcon.colcon_core.shell:Creating environment hook '/home/maria/rmf_ws/install/rmf_visualization_fleet_states/share/rmf_visualization_fleet_states/hook/cmake_prefix_path.ps1'
[47.889s] INFO:colcon.colcon_core.shell:Creating environment descriptor '/home/maria/rmf_ws/install/rmf_visualization_fleet_states/share/rmf_visualization_fleet_states/hook/cmake_prefix_path.dsv'
[47.890s] INFO:colcon.colcon_core.shell:Creating environment hook '/home/maria/rmf_ws/install/rmf_visualization_fleet_states/share/rmf_visualization_fleet_states/hook/cmake_prefix_path.sh'
[47.891s] Level 1:colcon.colcon_core.environment:checking '/home/maria/rmf_ws/install/rmf_visualization_fleet_states/lib'
[47.891s] Level 1:colcon.colcon_core.shell:create_environment_hook('rmf_visualization_fleet_states', 'ld_library_path_lib')
[47.891s] INFO:colcon.colcon_core.shell:Creating environment hook '/home/maria/rmf_ws/install/rmf_visualization_fleet_states/share/rmf_visualization_fleet_states/hook/ld_library_path_lib.ps1'
[47.892s] INFO:colcon.colcon_core.shell:Creating environment descriptor '/home/maria/rmf_ws/install/rmf_visualization_fleet_states/share/rmf_visualization_fleet_states/hook/ld_library_path_lib.dsv'
[47.892s] INFO:colcon.colcon_core.shell:Creating environment hook '/home/maria/rmf_ws/install/rmf_visualization_fleet_states/share/rmf_visualization_fleet_states/hook/ld_library_path_lib.sh'
[47.893s] Level 1:colcon.colcon_core.environment:checking '/home/maria/rmf_ws/install/rmf_visualization_fleet_states/bin'
[47.893s] Level 1:colcon.colcon_core.environment:checking '/home/maria/rmf_ws/install/rmf_visualization_fleet_states/lib/pkgconfig/rmf_visualization_fleet_states.pc'
[47.894s] Level 1:colcon.colcon_core.environment:checking '/home/maria/rmf_ws/install/rmf_visualization_fleet_states/lib/python3.12/site-packages'
[47.894s] Level 1:colcon.colcon_core.environment:checking '/home/maria/rmf_ws/install/rmf_visualization_fleet_states/bin'
[47.895s] INFO:colcon.colcon_core.shell:Creating package script '/home/maria/rmf_ws/install/rmf_visualization_fleet_states/share/rmf_visualization_fleet_states/package.ps1'
[47.896s] INFO:colcon.colcon_core.shell:Creating package descriptor '/home/maria/rmf_ws/install/rmf_visualization_fleet_states/share/rmf_visualization_fleet_states/package.dsv'
[47.897s] INFO:colcon.colcon_core.shell:Creating package script '/home/maria/rmf_ws/install/rmf_visualization_fleet_states/share/rmf_visualization_fleet_states/package.sh'
[47.897s] INFO:colcon.colcon_core.shell:Creating package script '/home/maria/rmf_ws/install/rmf_visualization_fleet_states/share/rmf_visualization_fleet_states/package.bash'
[47.898s] INFO:colcon.colcon_core.shell:Creating package script '/home/maria/rmf_ws/install/rmf_visualization_fleet_states/share/rmf_visualization_fleet_states/package.zsh'
[47.899s] Level 1:colcon.colcon_core.environment:create_file_with_runtime_dependencies(/home/maria/rmf_ws/install/rmf_visualization_fleet_states/share/colcon-core/packages/rmf_visualization_fleet_states)
[47.901s] INFO:colcon.colcon_ros.task.ament_cmake.build:Building ROS package in '/home/maria/rmf_ws/src/project/project_maps' with build type 'ament_cmake'
[47.901s] INFO:colcon.colcon_cmake.task.cmake.build:Building CMake package in '/home/maria/rmf_ws/src/project/project_maps'
[47.901s] INFO:colcon.colcon_core.shell:Skip shell extension 'powershell' for command environment: Not usable outside of PowerShell
[47.901s] DEBUG:colcon.colcon_core.shell:Skip shell extension 'dsv' for command environment
[47.933s] DEBUG:colcon.colcon_core.event_handler.log_command:Invoking command in '/home/maria/rmf_ws/build/project_maps': CMAKE_PREFIX_PATH=/rmf_demos_ws/install/rmf_workcell_msgs:/rmf_demos_ws/install/rmf_demos_gz:/rmf_demos_ws/install/rmf_demos:/rmf_demos_ws/install/rmf_reservation_node:/rmf_demos_ws/install/rmf_fleet_adapter_python:/rmf_demos_ws/install/rmf_fleet_adapter:/rmf_demos_ws/install/rmf_task_ros2:/rmf_demos_ws/install/rmf_websocket:/rmf_demos_ws/install/rmf_visualization:/rmf_demos_ws/install/rmf_visualization_schedule:/rmf_demos_ws/install/rmf_visualization_rviz2_plugins:/rmf_demos_ws/install/rmf_visualization_obstacles:/rmf_demos_ws/install/rmf_visualization_navgraphs:/rmf_demos_ws/install/rmf_visualization_floorplans:/rmf_demos_ws/install/rmf_visualization_fleet_states:/rmf_demos_ws/install/rmf_visualization_msgs:/rmf_demos_ws/install/rmf_traffic_ros2:/rmf_demos_ws/install/rmf_task_sequence:/rmf_demos_ws/install/rmf_task:/rmf_demos_ws/install/rmf_battery:/rmf_demos_ws/install/rmf_traffic:/rmf_demos_ws/install/rmf_utils:/rmf_demos_ws/install/rmf_traffic_msgs:/rmf_demos_ws/install/rmf_traffic_editor_test_maps:/rmf_demos_ws/install/rmf_traffic_editor_assets:/rmf_demos_ws/install/rmf_traffic_editor:/rmf_demos_ws/install/rmf_task_msgs:/rmf_demos_ws/install/rmf_site_map_msgs:/rmf_demos_ws/install/rmf_scheduler_msgs:/rmf_demos_ws/install/rmf_robot_sim_gz_plugins:/rmf_demos_ws/install/rmf_robot_sim_common:/rmf_demos_ws/install/rmf_reservation_msgs:/rmf_demos_ws/install/rmf_obstacle_msgs:/rmf_demos_ws/install/rmf_building_sim_gz_plugins:/rmf_demos_ws/install/rmf_lift_msgs:/rmf_demos_ws/install/rmf_ingestor_msgs:/rmf_demos_ws/install/rmf_fleet_msgs:/rmf_demos_ws/install/rmf_door_msgs:/rmf_demos_ws/install/rmf_dispenser_msgs:/rmf_demos_ws/install/rmf_demos_maps:/rmf_demos_ws/install/rmf_demos_assets:/rmf_demos_ws/install/rmf_charger_msgs:/rmf_demos_ws/install/rmf_building_map_msgs:/rmf_demos_ws/install/rmf_api_msgs:/rmf_demos_ws/install/nlohmann_json_schema_validator_vendor:/rmf_demos_ws/install/rmf_demos_fleet_adapter:/rmf_demos_ws/install/rmf_visualization_building_systems:/rmf_demos_ws/install/rmf_traffic_examples:/rmf_demos_ws/install/rmf_demos_bridges:/rmf_demos_ws/install/rmf_demos_tasks:/rmf_demos_ws/install/rmf_building_map_tools:/rmf_demos_ws/install/rmf_charging_schedule:/opt/ros/jazzy:/rmf_demos_ws/install/menge_vendor:/rmf_demos_ws/install/ament_cmake_catch2:/opt/ros/jazzy/opt/gz_sim_vendor:/opt/ros/jazzy/opt/gz_sensors_vendor:/opt/ros/jazzy/opt/gz_physics_vendor:/opt/ros/jazzy/opt/sdformat_vendor:/opt/ros/jazzy/opt/gz_gui_vendor:/opt/ros/jazzy/opt/gz_transport_vendor:/opt/ros/jazzy/opt/gz_rendering_vendor:/opt/ros/jazzy/opt/gz_plugin_vendor:/opt/ros/jazzy/opt/gz_fuel_tools_vendor:/opt/ros/jazzy/opt/gz_msgs_vendor:/opt/ros/jazzy/opt/gz_common_vendor:/opt/ros/jazzy/opt/gz_math_vendor:/opt/ros/jazzy/opt/gz_utils_vendor:/opt/ros/jazzy/opt/gz_tools_vendor:/opt/ros/jazzy/opt/gz_ogre_next_vendor:/opt/ros/jazzy/opt/gz_dartsim_vendor:/opt/ros/jazzy/opt/gz_cmake_vendor /usr/bin/cmake /home/maria/rmf_ws/src/project/project_maps -DAMENT_CMAKE_SYMLINK_INSTALL=1 -DCMAKE_INSTALL_PREFIX=/home/maria/rmf_ws/install/project_maps
[50.408s] DEBUG:colcon.colcon_core.event_handler.log_command:Invoked command in '/home/maria/rmf_ws/build/project_assets' returned '0': CMAKE_PREFIX_PATH=/rmf_demos_ws/install/rmf_workcell_msgs:/rmf_demos_ws/install/rmf_demos_gz:/rmf_demos_ws/install/rmf_demos:/rmf_demos_ws/install/rmf_reservation_node:/rmf_demos_ws/install/rmf_fleet_adapter_python:/rmf_demos_ws/install/rmf_fleet_adapter:/rmf_demos_ws/install/rmf_task_ros2:/rmf_demos_ws/install/rmf_websocket:/rmf_demos_ws/install/rmf_visualization:/rmf_demos_ws/install/rmf_visualization_schedule:/rmf_demos_ws/install/rmf_visualization_rviz2_plugins:/rmf_demos_ws/install/rmf_visualization_obstacles:/rmf_demos_ws/install/rmf_visualization_navgraphs:/rmf_demos_ws/install/rmf_visualization_floorplans:/rmf_demos_ws/install/rmf_visualization_fleet_states:/rmf_demos_ws/install/rmf_visualization_msgs:/rmf_demos_ws/install/rmf_traffic_ros2:/rmf_demos_ws/install/rmf_task_sequence:/rmf_demos_ws/install/rmf_task:/rmf_demos_ws/install/rmf_battery:/rmf_demos_ws/install/rmf_traffic:/rmf_demos_ws/install/rmf_utils:/rmf_demos_ws/install/rmf_traffic_msgs:/rmf_demos_ws/install/rmf_traffic_editor_test_maps:/rmf_demos_ws/install/rmf_traffic_editor_assets:/rmf_demos_ws/install/rmf_traffic_editor:/rmf_demos_ws/install/rmf_task_msgs:/rmf_demos_ws/install/rmf_site_map_msgs:/rmf_demos_ws/install/rmf_scheduler_msgs:/rmf_demos_ws/install/rmf_robot_sim_gz_plugins:/rmf_demos_ws/install/rmf_robot_sim_common:/rmf_demos_ws/install/rmf_reservation_msgs:/rmf_demos_ws/install/rmf_obstacle_msgs:/rmf_demos_ws/install/rmf_building_sim_gz_plugins:/rmf_demos_ws/install/rmf_lift_msgs:/rmf_demos_ws/install/rmf_ingestor_msgs:/rmf_demos_ws/install/rmf_fleet_msgs:/rmf_demos_ws/install/rmf_door_msgs:/rmf_demos_ws/install/rmf_dispenser_msgs:/rmf_demos_ws/install/rmf_demos_maps:/rmf_demos_ws/install/rmf_demos_assets:/rmf_demos_ws/install/rmf_charger_msgs:/rmf_demos_ws/install/rmf_building_map_msgs:/rmf_demos_ws/install/rmf_api_msgs:/rmf_demos_ws/install/nlohmann_json_schema_validator_vendor:/rmf_demos_ws/install/rmf_demos_fleet_adapter:/rmf_demos_ws/install/rmf_visualization_building_systems:/rmf_demos_ws/install/rmf_traffic_examples:/rmf_demos_ws/install/rmf_demos_bridges:/rmf_demos_ws/install/rmf_demos_tasks:/rmf_demos_ws/install/rmf_building_map_tools:/rmf_demos_ws/install/rmf_charging_schedule:/opt/ros/jazzy:/rmf_demos_ws/install/menge_vendor:/rmf_demos_ws/install/ament_cmake_catch2:/opt/ros/jazzy/opt/gz_sim_vendor:/opt/ros/jazzy/opt/gz_sensors_vendor:/opt/ros/jazzy/opt/gz_physics_vendor:/opt/ros/jazzy/opt/sdformat_vendor:/opt/ros/jazzy/opt/gz_gui_vendor:/opt/ros/jazzy/opt/gz_transport_vendor:/opt/ros/jazzy/opt/gz_rendering_vendor:/opt/ros/jazzy/opt/gz_plugin_vendor:/opt/ros/jazzy/opt/gz_fuel_tools_vendor:/opt/ros/jazzy/opt/gz_msgs_vendor:/opt/ros/jazzy/opt/gz_common_vendor:/opt/ros/jazzy/opt/gz_math_vendor:/opt/ros/jazzy/opt/gz_utils_vendor:/opt/ros/jazzy/opt/gz_tools_vendor:/opt/ros/jazzy/opt/gz_ogre_next_vendor:/opt/ros/jazzy/opt/gz_dartsim_vendor:/opt/ros/jazzy/opt/gz_cmake_vendor /usr/bin/cmake /home/maria/rmf_ws/src/project/project_assets -DAMENT_CMAKE_SYMLINK_INSTALL=1 -DCMAKE_INSTALL_PREFIX=/home/maria/rmf_ws/install/project_assets
[50.410s] DEBUG:colcon.colcon_core.event_handler.log_command:Invoking command in '/home/maria/rmf_ws/build/project_assets': CMAKE_PREFIX_PATH=/rmf_demos_ws/install/rmf_workcell_msgs:/rmf_demos_ws/install/rmf_demos_gz:/rmf_demos_ws/install/rmf_demos:/rmf_demos_ws/install/rmf_reservation_node:/rmf_demos_ws/install/rmf_fleet_adapter_python:/rmf_demos_ws/install/rmf_fleet_adapter:/rmf_demos_ws/install/rmf_task_ros2:/rmf_demos_ws/install/rmf_websocket:/rmf_demos_ws/install/rmf_visualization:/rmf_demos_ws/install/rmf_visualization_schedule:/rmf_demos_ws/install/rmf_visualization_rviz2_plugins:/rmf_demos_ws/install/rmf_visualization_obstacles:/rmf_demos_ws/install/rmf_visualization_navgraphs:/rmf_demos_ws/install/rmf_visualization_floorplans:/rmf_demos_ws/install/rmf_visualization_fleet_states:/rmf_demos_ws/install/rmf_visualization_msgs:/rmf_demos_ws/install/rmf_traffic_ros2:/rmf_demos_ws/install/rmf_task_sequence:/rmf_demos_ws/install/rmf_task:/rmf_demos_ws/install/rmf_battery:/rmf_demos_ws/install/rmf_traffic:/rmf_demos_ws/install/rmf_utils:/rmf_demos_ws/install/rmf_traffic_msgs:/rmf_demos_ws/install/rmf_traffic_editor_test_maps:/rmf_demos_ws/install/rmf_traffic_editor_assets:/rmf_demos_ws/install/rmf_traffic_editor:/rmf_demos_ws/install/rmf_task_msgs:/rmf_demos_ws/install/rmf_site_map_msgs:/rmf_demos_ws/install/rmf_scheduler_msgs:/rmf_demos_ws/install/rmf_robot_sim_gz_plugins:/rmf_demos_ws/install/rmf_robot_sim_common:/rmf_demos_ws/install/rmf_reservation_msgs:/rmf_demos_ws/install/rmf_obstacle_msgs:/rmf_demos_ws/install/rmf_building_sim_gz_plugins:/rmf_demos_ws/install/rmf_lift_msgs:/rmf_demos_ws/install/rmf_ingestor_msgs:/rmf_demos_ws/install/rmf_fleet_msgs:/rmf_demos_ws/install/rmf_door_msgs:/rmf_demos_ws/install/rmf_dispenser_msgs:/rmf_demos_ws/install/rmf_demos_maps:/rmf_demos_ws/install/rmf_demos_assets:/rmf_demos_ws/install/rmf_charger_msgs:/rmf_demos_ws/install/rmf_building_map_msgs:/rmf_demos_ws/install/rmf_api_msgs:/rmf_demos_ws/install/nlohmann_json_schema_validator_vendor:/rmf_demos_ws/install/rmf_demos_fleet_adapter:/rmf_demos_ws/install/rmf_visualization_building_systems:/rmf_demos_ws/install/rmf_traffic_examples:/rmf_demos_ws/install/rmf_demos_bridges:/rmf_demos_ws/install/rmf_demos_tasks:/rmf_demos_ws/install/rmf_building_map_tools:/rmf_demos_ws/install/rmf_charging_schedule:/opt/ros/jazzy:/rmf_demos_ws/install/menge_vendor:/rmf_demos_ws/install/ament_cmake_catch2:/opt/ros/jazzy/opt/gz_sim_vendor:/opt/ros/jazzy/opt/gz_sensors_vendor:/opt/ros/jazzy/opt/gz_physics_vendor:/opt/ros/jazzy/opt/sdformat_vendor:/opt/ros/jazzy/opt/gz_gui_vendor:/opt/ros/jazzy/opt/gz_transport_vendor:/opt/ros/jazzy/opt/gz_rendering_vendor:/opt/ros/jazzy/opt/gz_plugin_vendor:/opt/ros/jazzy/opt/gz_fuel_tools_vendor:/opt/ros/jazzy/opt/gz_msgs_vendor:/opt/ros/jazzy/opt/gz_common_vendor:/opt/ros/jazzy/opt/gz_math_vendor:/opt/ros/jazzy/opt/gz_utils_vendor:/opt/ros/jazzy/opt/gz_tools_vendor:/opt/ros/jazzy/opt/gz_ogre_next_vendor:/opt/ros/jazzy/opt/gz_dartsim_vendor:/opt/ros/jazzy/opt/gz_cmake_vendor /usr/bin/cmake --build /home/maria/rmf_ws/build/project_assets -- -j8 -l8
[50.751s] DEBUG:colcon.colcon_core.event_handler.log_command:Invoking command in '/home/maria/rmf_ws/build/project_fleet_adapter': PYTHONPATH=/home/maria/rmf_ws/build/project_fleet_adapter/prefix_override:/usr/lib/python3/dist-packages/colcon_core/task/python/colcon_distutils_commands:/home/maria/rmf_ws/install/project_fleet_adapter/lib/python3.12/site-packages:${PYTHONPATH} /usr/bin/python3 -W ignore:setup.py install is deprecated -W ignore:easy_install command is deprecated setup.py develop --editable --build-directory /home/maria/rmf_ws/build/project_fleet_adapter/build --no-deps symlink_data
[51.242s] DEBUG:colcon.colcon_core.event_handler.log_command:Invoked command in '/home/maria/rmf_ws/build/project_assets' returned '0': CMAKE_PREFIX_PATH=/rmf_demos_ws/install/rmf_workcell_msgs:/rmf_demos_ws/install/rmf_demos_gz:/rmf_demos_ws/install/rmf_demos:/rmf_demos_ws/install/rmf_reservation_node:/rmf_demos_ws/install/rmf_fleet_adapter_python:/rmf_demos_ws/install/rmf_fleet_adapter:/rmf_demos_ws/install/rmf_task_ros2:/rmf_demos_ws/install/rmf_websocket:/rmf_demos_ws/install/rmf_visualization:/rmf_demos_ws/install/rmf_visualization_schedule:/rmf_demos_ws/install/rmf_visualization_rviz2_plugins:/rmf_demos_ws/install/rmf_visualization_obstacles:/rmf_demos_ws/install/rmf_visualization_navgraphs:/rmf_demos_ws/install/rmf_visualization_floorplans:/rmf_demos_ws/install/rmf_visualization_fleet_states:/rmf_demos_ws/install/rmf_visualization_msgs:/rmf_demos_ws/install/rmf_traffic_ros2:/rmf_demos_ws/install/rmf_task_sequence:/rmf_demos_ws/install/rmf_task:/rmf_demos_ws/install/rmf_battery:/rmf_demos_ws/install/rmf_traffic:/rmf_demos_ws/install/rmf_utils:/rmf_demos_ws/install/rmf_traffic_msgs:/rmf_demos_ws/install/rmf_traffic_editor_test_maps:/rmf_demos_ws/install/rmf_traffic_editor_assets:/rmf_demos_ws/install/rmf_traffic_editor:/rmf_demos_ws/install/rmf_task_msgs:/rmf_demos_ws/install/rmf_site_map_msgs:/rmf_demos_ws/install/rmf_scheduler_msgs:/rmf_demos_ws/install/rmf_robot_sim_gz_plugins:/rmf_demos_ws/install/rmf_robot_sim_common:/rmf_demos_ws/install/rmf_reservation_msgs:/rmf_demos_ws/install/rmf_obstacle_msgs:/rmf_demos_ws/install/rmf_building_sim_gz_plugins:/rmf_demos_ws/install/rmf_lift_msgs:/rmf_demos_ws/install/rmf_ingestor_msgs:/rmf_demos_ws/install/rmf_fleet_msgs:/rmf_demos_ws/install/rmf_door_msgs:/rmf_demos_ws/install/rmf_dispenser_msgs:/rmf_demos_ws/install/rmf_demos_maps:/rmf_demos_ws/install/rmf_demos_assets:/rmf_demos_ws/install/rmf_charger_msgs:/rmf_demos_ws/install/rmf_building_map_msgs:/rmf_demos_ws/install/rmf_api_msgs:/rmf_demos_ws/install/nlohmann_json_schema_validator_vendor:/rmf_demos_ws/install/rmf_demos_fleet_adapter:/rmf_demos_ws/install/rmf_visualization_building_systems:/rmf_demos_ws/install/rmf_traffic_examples:/rmf_demos_ws/install/rmf_demos_bridges:/rmf_demos_ws/install/rmf_demos_tasks:/rmf_demos_ws/install/rmf_building_map_tools:/rmf_demos_ws/install/rmf_charging_schedule:/opt/ros/jazzy:/rmf_demos_ws/install/menge_vendor:/rmf_demos_ws/install/ament_cmake_catch2:/opt/ros/jazzy/opt/gz_sim_vendor:/opt/ros/jazzy/opt/gz_sensors_vendor:/opt/ros/jazzy/opt/gz_physics_vendor:/opt/ros/jazzy/opt/sdformat_vendor:/opt/ros/jazzy/opt/gz_gui_vendor:/opt/ros/jazzy/opt/gz_transport_vendor:/opt/ros/jazzy/opt/gz_rendering_vendor:/opt/ros/jazzy/opt/gz_plugin_vendor:/opt/ros/jazzy/opt/gz_fuel_tools_vendor:/opt/ros/jazzy/opt/gz_msgs_vendor:/opt/ros/jazzy/opt/gz_common_vendor:/opt/ros/jazzy/opt/gz_math_vendor:/opt/ros/jazzy/opt/gz_utils_vendor:/opt/ros/jazzy/opt/gz_tools_vendor:/opt/ros/jazzy/opt/gz_ogre_next_vendor:/opt/ros/jazzy/opt/gz_dartsim_vendor:/opt/ros/jazzy/opt/gz_cmake_vendor /usr/bin/cmake --build /home/maria/rmf_ws/build/project_assets -- -j8 -l8
[51.242s] DEBUG:colcon.colcon_core.event_handler.log_command:Invoking command in '/home/maria/rmf_ws/build/project_assets': CMAKE_PREFIX_PATH=/rmf_demos_ws/install/rmf_workcell_msgs:/rmf_demos_ws/install/rmf_demos_gz:/rmf_demos_ws/install/rmf_demos:/rmf_demos_ws/install/rmf_reservation_node:/rmf_demos_ws/install/rmf_fleet_adapter_python:/rmf_demos_ws/install/rmf_fleet_adapter:/rmf_demos_ws/install/rmf_task_ros2:/rmf_demos_ws/install/rmf_websocket:/rmf_demos_ws/install/rmf_visualization:/rmf_demos_ws/install/rmf_visualization_schedule:/rmf_demos_ws/install/rmf_visualization_rviz2_plugins:/rmf_demos_ws/install/rmf_visualization_obstacles:/rmf_demos_ws/install/rmf_visualization_navgraphs:/rmf_demos_ws/install/rmf_visualization_floorplans:/rmf_demos_ws/install/rmf_visualization_fleet_states:/rmf_demos_ws/install/rmf_visualization_msgs:/rmf_demos_ws/install/rmf_traffic_ros2:/rmf_demos_ws/install/rmf_task_sequence:/rmf_demos_ws/install/rmf_task:/rmf_demos_ws/install/rmf_battery:/rmf_demos_ws/install/rmf_traffic:/rmf_demos_ws/install/rmf_utils:/rmf_demos_ws/install/rmf_traffic_msgs:/rmf_demos_ws/install/rmf_traffic_editor_test_maps:/rmf_demos_ws/install/rmf_traffic_editor_assets:/rmf_demos_ws/install/rmf_traffic_editor:/rmf_demos_ws/install/rmf_task_msgs:/rmf_demos_ws/install/rmf_site_map_msgs:/rmf_demos_ws/install/rmf_scheduler_msgs:/rmf_demos_ws/install/rmf_robot_sim_gz_plugins:/rmf_demos_ws/install/rmf_robot_sim_common:/rmf_demos_ws/install/rmf_reservation_msgs:/rmf_demos_ws/install/rmf_obstacle_msgs:/rmf_demos_ws/install/rmf_building_sim_gz_plugins:/rmf_demos_ws/install/rmf_lift_msgs:/rmf_demos_ws/install/rmf_ingestor_msgs:/rmf_demos_ws/install/rmf_fleet_msgs:/rmf_demos_ws/install/rmf_door_msgs:/rmf_demos_ws/install/rmf_dispenser_msgs:/rmf_demos_ws/install/rmf_demos_maps:/rmf_demos_ws/install/rmf_demos_assets:/rmf_demos_ws/install/rmf_charger_msgs:/rmf_demos_ws/install/rmf_building_map_msgs:/rmf_demos_ws/install/rmf_api_msgs:/rmf_demos_ws/install/nlohmann_json_schema_validator_vendor:/rmf_demos_ws/install/rmf_demos_fleet_adapter:/rmf_demos_ws/install/rmf_visualization_building_systems:/rmf_demos_ws/install/rmf_traffic_examples:/rmf_demos_ws/install/rmf_demos_bridges:/rmf_demos_ws/install/rmf_demos_tasks:/rmf_demos_ws/install/rmf_building_map_tools:/rmf_demos_ws/install/rmf_charging_schedule:/opt/ros/jazzy:/rmf_demos_ws/install/menge_vendor:/rmf_demos_ws/install/ament_cmake_catch2:/opt/ros/jazzy/opt/gz_sim_vendor:/opt/ros/jazzy/opt/gz_sensors_vendor:/opt/ros/jazzy/opt/gz_physics_vendor:/opt/ros/jazzy/opt/sdformat_vendor:/opt/ros/jazzy/opt/gz_gui_vendor:/opt/ros/jazzy/opt/gz_transport_vendor:/opt/ros/jazzy/opt/gz_rendering_vendor:/opt/ros/jazzy/opt/gz_plugin_vendor:/opt/ros/jazzy/opt/gz_fuel_tools_vendor:/opt/ros/jazzy/opt/gz_msgs_vendor:/opt/ros/jazzy/opt/gz_common_vendor:/opt/ros/jazzy/opt/gz_math_vendor:/opt/ros/jazzy/opt/gz_utils_vendor:/opt/ros/jazzy/opt/gz_tools_vendor:/opt/ros/jazzy/opt/gz_ogre_next_vendor:/opt/ros/jazzy/opt/gz_dartsim_vendor:/opt/ros/jazzy/opt/gz_cmake_vendor /usr/bin/cmake --install /home/maria/rmf_ws/build/project_assets
[51.245s] DEBUG:colcon.colcon_core.event_handler.log_command:Invoked command in '/home/maria/rmf_ws/build/project_maps' returned '0': CMAKE_PREFIX_PATH=/rmf_demos_ws/install/rmf_workcell_msgs:/rmf_demos_ws/install/rmf_demos_gz:/rmf_demos_ws/install/rmf_demos:/rmf_demos_ws/install/rmf_reservation_node:/rmf_demos_ws/install/rmf_fleet_adapter_python:/rmf_demos_ws/install/rmf_fleet_adapter:/rmf_demos_ws/install/rmf_task_ros2:/rmf_demos_ws/install/rmf_websocket:/rmf_demos_ws/install/rmf_visualization:/rmf_demos_ws/install/rmf_visualization_schedule:/rmf_demos_ws/install/rmf_visualization_rviz2_plugins:/rmf_demos_ws/install/rmf_visualization_obstacles:/rmf_demos_ws/install/rmf_visualization_navgraphs:/rmf_demos_ws/install/rmf_visualization_floorplans:/rmf_demos_ws/install/rmf_visualization_fleet_states:/rmf_demos_ws/install/rmf_visualization_msgs:/rmf_demos_ws/install/rmf_traffic_ros2:/rmf_demos_ws/install/rmf_task_sequence:/rmf_demos_ws/install/rmf_task:/rmf_demos_ws/install/rmf_battery:/rmf_demos_ws/install/rmf_traffic:/rmf_demos_ws/install/rmf_utils:/rmf_demos_ws/install/rmf_traffic_msgs:/rmf_demos_ws/install/rmf_traffic_editor_test_maps:/rmf_demos_ws/install/rmf_traffic_editor_assets:/rmf_demos_ws/install/rmf_traffic_editor:/rmf_demos_ws/install/rmf_task_msgs:/rmf_demos_ws/install/rmf_site_map_msgs:/rmf_demos_ws/install/rmf_scheduler_msgs:/rmf_demos_ws/install/rmf_robot_sim_gz_plugins:/rmf_demos_ws/install/rmf_robot_sim_common:/rmf_demos_ws/install/rmf_reservation_msgs:/rmf_demos_ws/install/rmf_obstacle_msgs:/rmf_demos_ws/install/rmf_building_sim_gz_plugins:/rmf_demos_ws/install/rmf_lift_msgs:/rmf_demos_ws/install/rmf_ingestor_msgs:/rmf_demos_ws/install/rmf_fleet_msgs:/rmf_demos_ws/install/rmf_door_msgs:/rmf_demos_ws/install/rmf_dispenser_msgs:/rmf_demos_ws/install/rmf_demos_maps:/rmf_demos_ws/install/rmf_demos_assets:/rmf_demos_ws/install/rmf_charger_msgs:/rmf_demos_ws/install/rmf_building_map_msgs:/rmf_demos_ws/install/rmf_api_msgs:/rmf_demos_ws/install/nlohmann_json_schema_validator_vendor:/rmf_demos_ws/install/rmf_demos_fleet_adapter:/rmf_demos_ws/install/rmf_visualization_building_systems:/rmf_demos_ws/install/rmf_traffic_examples:/rmf_demos_ws/install/rmf_demos_bridges:/rmf_demos_ws/install/rmf_demos_tasks:/rmf_demos_ws/install/rmf_building_map_tools:/rmf_demos_ws/install/rmf_charging_schedule:/opt/ros/jazzy:/rmf_demos_ws/install/menge_vendor:/rmf_demos_ws/install/ament_cmake_catch2:/opt/ros/jazzy/opt/gz_sim_vendor:/opt/ros/jazzy/opt/gz_sensors_vendor:/opt/ros/jazzy/opt/gz_physics_vendor:/opt/ros/jazzy/opt/sdformat_vendor:/opt/ros/jazzy/opt/gz_gui_vendor:/opt/ros/jazzy/opt/gz_transport_vendor:/opt/ros/jazzy/opt/gz_rendering_vendor:/opt/ros/jazzy/opt/gz_plugin_vendor:/opt/ros/jazzy/opt/gz_fuel_tools_vendor:/opt/ros/jazzy/opt/gz_msgs_vendor:/opt/ros/jazzy/opt/gz_common_vendor:/opt/ros/jazzy/opt/gz_math_vendor:/opt/ros/jazzy/opt/gz_utils_vendor:/opt/ros/jazzy/opt/gz_tools_vendor:/opt/ros/jazzy/opt/gz_ogre_next_vendor:/opt/ros/jazzy/opt/gz_dartsim_vendor:/opt/ros/jazzy/opt/gz_cmake_vendor /usr/bin/cmake /home/maria/rmf_ws/src/project/project_maps -DAMENT_CMAKE_SYMLINK_INSTALL=1 -DCMAKE_INSTALL_PREFIX=/home/maria/rmf_ws/install/project_maps
[51.247s] DEBUG:colcon.colcon_core.event_handler.log_command:Invoking command in '/home/maria/rmf_ws/build/project_maps': CMAKE_PREFIX_PATH=/rmf_demos_ws/install/rmf_workcell_msgs:/rmf_demos_ws/install/rmf_demos_gz:/rmf_demos_ws/install/rmf_demos:/rmf_demos_ws/install/rmf_reservation_node:/rmf_demos_ws/install/rmf_fleet_adapter_python:/rmf_demos_ws/install/rmf_fleet_adapter:/rmf_demos_ws/install/rmf_task_ros2:/rmf_demos_ws/install/rmf_websocket:/rmf_demos_ws/install/rmf_visualization:/rmf_demos_ws/install/rmf_visualization_schedule:/rmf_demos_ws/install/rmf_visualization_rviz2_plugins:/rmf_demos_ws/install/rmf_visualization_obstacles:/rmf_demos_ws/install/rmf_visualization_navgraphs:/rmf_demos_ws/install/rmf_visualization_floorplans:/rmf_demos_ws/install/rmf_visualization_fleet_states:/rmf_demos_ws/install/rmf_visualization_msgs:/rmf_demos_ws/install/rmf_traffic_ros2:/rmf_demos_ws/install/rmf_task_sequence:/rmf_demos_ws/install/rmf_task:/rmf_demos_ws/install/rmf_battery:/rmf_demos_ws/install/rmf_traffic:/rmf_demos_ws/install/rmf_utils:/rmf_demos_ws/install/rmf_traffic_msgs:/rmf_demos_ws/install/rmf_traffic_editor_test_maps:/rmf_demos_ws/install/rmf_traffic_editor_assets:/rmf_demos_ws/install/rmf_traffic_editor:/rmf_demos_ws/install/rmf_task_msgs:/rmf_demos_ws/install/rmf_site_map_msgs:/rmf_demos_ws/install/rmf_scheduler_msgs:/rmf_demos_ws/install/rmf_robot_sim_gz_plugins:/rmf_demos_ws/install/rmf_robot_sim_common:/rmf_demos_ws/install/rmf_reservation_msgs:/rmf_demos_ws/install/rmf_obstacle_msgs:/rmf_demos_ws/install/rmf_building_sim_gz_plugins:/rmf_demos_ws/install/rmf_lift_msgs:/rmf_demos_ws/install/rmf_ingestor_msgs:/rmf_demos_ws/install/rmf_fleet_msgs:/rmf_demos_ws/install/rmf_door_msgs:/rmf_demos_ws/install/rmf_dispenser_msgs:/rmf_demos_ws/install/rmf_demos_maps:/rmf_demos_ws/install/rmf_demos_assets:/rmf_demos_ws/install/rmf_charger_msgs:/rmf_demos_ws/install/rmf_building_map_msgs:/rmf_demos_ws/install/rmf_api_msgs:/rmf_demos_ws/install/nlohmann_json_schema_validator_vendor:/rmf_demos_ws/install/rmf_demos_fleet_adapter:/rmf_demos_ws/install/rmf_visualization_building_systems:/rmf_demos_ws/install/rmf_traffic_examples:/rmf_demos_ws/install/rmf_demos_bridges:/rmf_demos_ws/install/rmf_demos_tasks:/rmf_demos_ws/install/rmf_building_map_tools:/rmf_demos_ws/install/rmf_charging_schedule:/opt/ros/jazzy:/rmf_demos_ws/install/menge_vendor:/rmf_demos_ws/install/ament_cmake_catch2:/opt/ros/jazzy/opt/gz_sim_vendor:/opt/ros/jazzy/opt/gz_sensors_vendor:/opt/ros/jazzy/opt/gz_physics_vendor:/opt/ros/jazzy/opt/sdformat_vendor:/opt/ros/jazzy/opt/gz_gui_vendor:/opt/ros/jazzy/opt/gz_transport_vendor:/opt/ros/jazzy/opt/gz_rendering_vendor:/opt/ros/jazzy/opt/gz_plugin_vendor:/opt/ros/jazzy/opt/gz_fuel_tools_vendor:/opt/ros/jazzy/opt/gz_msgs_vendor:/opt/ros/jazzy/opt/gz_common_vendor:/opt/ros/jazzy/opt/gz_math_vendor:/opt/ros/jazzy/opt/gz_utils_vendor:/opt/ros/jazzy/opt/gz_tools_vendor:/opt/ros/jazzy/opt/gz_ogre_next_vendor:/opt/ros/jazzy/opt/gz_dartsim_vendor:/opt/ros/jazzy/opt/gz_cmake_vendor /usr/bin/cmake --build /home/maria/rmf_ws/build/project_maps -- -j8 -l8
[53.126s] Level 1:colcon.colcon_core.shell:create_environment_hook('project_fleet_adapter', 'pythonpath_develop')
[53.126s] INFO:colcon.colcon_core.shell:Creating environment hook '/home/maria/rmf_ws/build/project_fleet_adapter/share/project_fleet_adapter/hook/pythonpath_develop.ps1'
[53.127s] INFO:colcon.colcon_core.shell:Creating environment descriptor '/home/maria/rmf_ws/build/project_fleet_adapter/share/project_fleet_adapter/hook/pythonpath_develop.dsv'
[53.128s] INFO:colcon.colcon_core.shell:Creating environment hook '/home/maria/rmf_ws/build/project_fleet_adapter/share/project_fleet_adapter/hook/pythonpath_develop.sh'
[53.129s] Level 1:colcon.colcon_core.environment:checking '/home/maria/rmf_ws/install/project_fleet_adapter' for CMake module files
[53.142s] DEBUG:colcon.colcon_core.event_handler.log_command:Invoked command in '/home/maria/rmf_ws/build/project_fleet_adapter' returned '0': PYTHONPATH=/home/maria/rmf_ws/build/project_fleet_adapter/prefix_override:/usr/lib/python3/dist-packages/colcon_core/task/python/colcon_distutils_commands:/home/maria/rmf_ws/install/project_fleet_adapter/lib/python3.12/site-packages:${PYTHONPATH} /usr/bin/python3 -W ignore:setup.py install is deprecated -W ignore:easy_install command is deprecated setup.py develop --editable --build-directory /home/maria/rmf_ws/build/project_fleet_adapter/build --no-deps symlink_data
[53.143s] Level 1:colcon.colcon_core.environment:checking '/home/maria/rmf_ws/install/project_fleet_adapter' for CMake config files
[53.144s] Level 1:colcon.colcon_core.environment:checking '/home/maria/rmf_ws/install/project_fleet_adapter/lib'
[53.145s] Level 1:colcon.colcon_core.environment:checking '/home/maria/rmf_ws/install/project_fleet_adapter/bin'
[53.145s] Level 1:colcon.colcon_core.environment:checking '/home/maria/rmf_ws/install/project_fleet_adapter/lib/pkgconfig/project_fleet_adapter.pc'
[53.145s] Level 1:colcon.colcon_core.environment:checking '/home/maria/rmf_ws/install/project_fleet_adapter/lib/python3.12/site-packages'
[53.145s] Level 1:colcon.colcon_core.shell:create_environment_hook('project_fleet_adapter', 'pythonpath')
[53.146s] INFO:colcon.colcon_core.shell:Creating environment hook '/home/maria/rmf_ws/install/project_fleet_adapter/share/project_fleet_adapter/hook/pythonpath.ps1'
[53.151s] INFO:colcon.colcon_core.shell:Creating environment descriptor '/home/maria/rmf_ws/install/project_fleet_adapter/share/project_fleet_adapter/hook/pythonpath.dsv'
[53.151s] INFO:colcon.colcon_core.shell:Creating environment hook '/home/maria/rmf_ws/install/project_fleet_adapter/share/project_fleet_adapter/hook/pythonpath.sh'
[53.153s] Level 1:colcon.colcon_core.environment:checking '/home/maria/rmf_ws/install/project_fleet_adapter/bin'
[53.153s] Level 1:colcon.colcon_core.environment:create_environment_scripts_only(project_fleet_adapter)
[53.157s] INFO:colcon.colcon_core.shell:Creating package script '/home/maria/rmf_ws/install/project_fleet_adapter/share/project_fleet_adapter/package.ps1'
[53.158s] INFO:colcon.colcon_core.shell:Creating package descriptor '/home/maria/rmf_ws/install/project_fleet_adapter/share/project_fleet_adapter/package.dsv'
[53.159s] INFO:colcon.colcon_core.shell:Creating package script '/home/maria/rmf_ws/install/project_fleet_adapter/share/project_fleet_adapter/package.sh'
[53.163s] INFO:colcon.colcon_core.shell:Creating package script '/home/maria/rmf_ws/install/project_fleet_adapter/share/project_fleet_adapter/package.bash'
[53.164s] INFO:colcon.colcon_core.shell:Creating package script '/home/maria/rmf_ws/install/project_fleet_adapter/share/project_fleet_adapter/package.zsh'
[53.164s] Level 1:colcon.colcon_core.environment:create_file_with_runtime_dependencies(/home/maria/rmf_ws/install/project_fleet_adapter/share/colcon-core/packages/project_fleet_adapter)
[53.165s] INFO:colcon.colcon_ros.task.ament_cmake.build:Building ROS package in '/home/maria/rmf_ws/src/project/project_simulation' with build type 'ament_cmake'
[53.166s] INFO:colcon.colcon_cmake.task.cmake.build:Building CMake package in '/home/maria/rmf_ws/src/project/project_simulation'
[53.166s] INFO:colcon.colcon_core.shell:Skip shell extension 'powershell' for command environment: Not usable outside of PowerShell
[53.166s] DEBUG:colcon.colcon_core.shell:Skip shell extension 'dsv' for command environment
[53.210s] DEBUG:colcon.colcon_core.event_handler.log_command:Invoking command in '/home/maria/rmf_ws/build/project_simulation': CMAKE_PREFIX_PATH=/rmf_demos_ws/install/rmf_workcell_msgs:/rmf_demos_ws/install/rmf_demos_gz:/rmf_demos_ws/install/rmf_demos:/rmf_demos_ws/install/rmf_reservation_node:/rmf_demos_ws/install/rmf_fleet_adapter_python:/rmf_demos_ws/install/rmf_fleet_adapter:/rmf_demos_ws/install/rmf_task_ros2:/rmf_demos_ws/install/rmf_websocket:/rmf_demos_ws/install/rmf_visualization:/rmf_demos_ws/install/rmf_visualization_schedule:/rmf_demos_ws/install/rmf_visualization_rviz2_plugins:/rmf_demos_ws/install/rmf_visualization_obstacles:/rmf_demos_ws/install/rmf_visualization_navgraphs:/rmf_demos_ws/install/rmf_visualization_floorplans:/rmf_demos_ws/install/rmf_visualization_fleet_states:/rmf_demos_ws/install/rmf_visualization_msgs:/rmf_demos_ws/install/rmf_traffic_ros2:/rmf_demos_ws/install/rmf_task_sequence:/rmf_demos_ws/install/rmf_task:/rmf_demos_ws/install/rmf_battery:/rmf_demos_ws/install/rmf_traffic:/rmf_demos_ws/install/rmf_utils:/rmf_demos_ws/install/rmf_traffic_msgs:/rmf_demos_ws/install/rmf_traffic_editor_test_maps:/rmf_demos_ws/install/rmf_traffic_editor_assets:/rmf_demos_ws/install/rmf_traffic_editor:/rmf_demos_ws/install/rmf_task_msgs:/rmf_demos_ws/install/rmf_site_map_msgs:/rmf_demos_ws/install/rmf_scheduler_msgs:/rmf_demos_ws/install/rmf_robot_sim_gz_plugins:/rmf_demos_ws/install/rmf_robot_sim_common:/rmf_demos_ws/install/rmf_reservation_msgs:/rmf_demos_ws/install/rmf_obstacle_msgs:/rmf_demos_ws/install/rmf_building_sim_gz_plugins:/rmf_demos_ws/install/rmf_lift_msgs:/rmf_demos_ws/install/rmf_ingestor_msgs:/rmf_demos_ws/install/rmf_fleet_msgs:/rmf_demos_ws/install/rmf_door_msgs:/rmf_demos_ws/install/rmf_dispenser_msgs:/rmf_demos_ws/install/rmf_demos_maps:/rmf_demos_ws/install/rmf_demos_assets:/rmf_demos_ws/install/rmf_charger_msgs:/rmf_demos_ws/install/rmf_building_map_msgs:/rmf_demos_ws/install/rmf_api_msgs:/rmf_demos_ws/install/nlohmann_json_schema_validator_vendor:/rmf_demos_ws/install/rmf_demos_fleet_adapter:/rmf_demos_ws/install/rmf_visualization_building_systems:/rmf_demos_ws/install/rmf_traffic_examples:/rmf_demos_ws/install/rmf_demos_bridges:/rmf_demos_ws/install/rmf_demos_tasks:/rmf_demos_ws/install/rmf_building_map_tools:/rmf_demos_ws/install/rmf_charging_schedule:/opt/ros/jazzy:/rmf_demos_ws/install/menge_vendor:/rmf_demos_ws/install/ament_cmake_catch2:/opt/ros/jazzy/opt/gz_sim_vendor:/opt/ros/jazzy/opt/gz_sensors_vendor:/opt/ros/jazzy/opt/gz_physics_vendor:/opt/ros/jazzy/opt/sdformat_vendor:/opt/ros/jazzy/opt/gz_gui_vendor:/opt/ros/jazzy/opt/gz_transport_vendor:/opt/ros/jazzy/opt/gz_rendering_vendor:/opt/ros/jazzy/opt/gz_plugin_vendor:/opt/ros/jazzy/opt/gz_fuel_tools_vendor:/opt/ros/jazzy/opt/gz_msgs_vendor:/opt/ros/jazzy/opt/gz_common_vendor:/opt/ros/jazzy/opt/gz_math_vendor:/opt/ros/jazzy/opt/gz_utils_vendor:/opt/ros/jazzy/opt/gz_tools_vendor:/opt/ros/jazzy/opt/gz_ogre_next_vendor:/opt/ros/jazzy/opt/gz_dartsim_vendor:/opt/ros/jazzy/opt/gz_cmake_vendor /usr/bin/cmake /home/maria/rmf_ws/src/project/project_simulation -DAMENT_CMAKE_SYMLINK_INSTALL=1 -DCMAKE_INSTALL_PREFIX=/home/maria/rmf_ws/install/project_simulation
[54.221s] Level 1:colcon.colcon_core.environment:create_environment_scripts_only(project_assets)
[54.222s] Level 1:colcon.colcon_core.environment:checking '/home/maria/rmf_ws/install/project_assets' for CMake module files
[54.223s] Level 1:colcon.colcon_core.environment:checking '/home/maria/rmf_ws/install/project_assets' for CMake config files
[54.225s] DEBUG:colcon.colcon_core.event_handler.log_command:Invoked command in '/home/maria/rmf_ws/build/project_assets' returned '0': CMAKE_PREFIX_PATH=/rmf_demos_ws/install/rmf_workcell_msgs:/rmf_demos_ws/install/rmf_demos_gz:/rmf_demos_ws/install/rmf_demos:/rmf_demos_ws/install/rmf_reservation_node:/rmf_demos_ws/install/rmf_fleet_adapter_python:/rmf_demos_ws/install/rmf_fleet_adapter:/rmf_demos_ws/install/rmf_task_ros2:/rmf_demos_ws/install/rmf_websocket:/rmf_demos_ws/install/rmf_visualization:/rmf_demos_ws/install/rmf_visualization_schedule:/rmf_demos_ws/install/rmf_visualization_rviz2_plugins:/rmf_demos_ws/install/rmf_visualization_obstacles:/rmf_demos_ws/install/rmf_visualization_navgraphs:/rmf_demos_ws/install/rmf_visualization_floorplans:/rmf_demos_ws/install/rmf_visualization_fleet_states:/rmf_demos_ws/install/rmf_visualization_msgs:/rmf_demos_ws/install/rmf_traffic_ros2:/rmf_demos_ws/install/rmf_task_sequence:/rmf_demos_ws/install/rmf_task:/rmf_demos_ws/install/rmf_battery:/rmf_demos_ws/install/rmf_traffic:/rmf_demos_ws/install/rmf_utils:/rmf_demos_ws/install/rmf_traffic_msgs:/rmf_demos_ws/install/rmf_traffic_editor_test_maps:/rmf_demos_ws/install/rmf_traffic_editor_assets:/rmf_demos_ws/install/rmf_traffic_editor:/rmf_demos_ws/install/rmf_task_msgs:/rmf_demos_ws/install/rmf_site_map_msgs:/rmf_demos_ws/install/rmf_scheduler_msgs:/rmf_demos_ws/install/rmf_robot_sim_gz_plugins:/rmf_demos_ws/install/rmf_robot_sim_common:/rmf_demos_ws/install/rmf_reservation_msgs:/rmf_demos_ws/install/rmf_obstacle_msgs:/rmf_demos_ws/install/rmf_building_sim_gz_plugins:/rmf_demos_ws/install/rmf_lift_msgs:/rmf_demos_ws/install/rmf_ingestor_msgs:/rmf_demos_ws/install/rmf_fleet_msgs:/rmf_demos_ws/install/rmf_door_msgs:/rmf_demos_ws/install/rmf_dispenser_msgs:/rmf_demos_ws/install/rmf_demos_maps:/rmf_demos_ws/install/rmf_demos_assets:/rmf_demos_ws/install/rmf_charger_msgs:/rmf_demos_ws/install/rmf_building_map_msgs:/rmf_demos_ws/install/rmf_api_msgs:/rmf_demos_ws/install/nlohmann_json_schema_validator_vendor:/rmf_demos_ws/install/rmf_demos_fleet_adapter:/rmf_demos_ws/install/rmf_visualization_building_systems:/rmf_demos_ws/install/rmf_traffic_examples:/rmf_demos_ws/install/rmf_demos_bridges:/rmf_demos_ws/install/rmf_demos_tasks:/rmf_demos_ws/install/rmf_building_map_tools:/rmf_demos_ws/install/rmf_charging_schedule:/opt/ros/jazzy:/rmf_demos_ws/install/menge_vendor:/rmf_demos_ws/install/ament_cmake_catch2:/opt/ros/jazzy/opt/gz_sim_vendor:/opt/ros/jazzy/opt/gz_sensors_vendor:/opt/ros/jazzy/opt/gz_physics_vendor:/opt/ros/jazzy/opt/sdformat_vendor:/opt/ros/jazzy/opt/gz_gui_vendor:/opt/ros/jazzy/opt/gz_transport_vendor:/opt/ros/jazzy/opt/gz_rendering_vendor:/opt/ros/jazzy/opt/gz_plugin_vendor:/opt/ros/jazzy/opt/gz_fuel_tools_vendor:/opt/ros/jazzy/opt/gz_msgs_vendor:/opt/ros/jazzy/opt/gz_common_vendor:/opt/ros/jazzy/opt/gz_math_vendor:/opt/ros/jazzy/opt/gz_utils_vendor:/opt/ros/jazzy/opt/gz_tools_vendor:/opt/ros/jazzy/opt/gz_ogre_next_vendor:/opt/ros/jazzy/opt/gz_dartsim_vendor:/opt/ros/jazzy/opt/gz_cmake_vendor /usr/bin/cmake --install /home/maria/rmf_ws/build/project_assets
[54.226s] Level 1:colcon.colcon_core.shell:create_environment_hook('project_assets', 'cmake_prefix_path')
[54.226s] INFO:colcon.colcon_core.shell:Creating environment hook '/home/maria/rmf_ws/install/project_assets/share/project_assets/hook/cmake_prefix_path.ps1'
[54.227s] INFO:colcon.colcon_core.shell:Creating environment descriptor '/home/maria/rmf_ws/install/project_assets/share/project_assets/hook/cmake_prefix_path.dsv'
[54.228s] INFO:colcon.colcon_core.shell:Creating environment hook '/home/maria/rmf_ws/install/project_assets/share/project_assets/hook/cmake_prefix_path.sh'
[54.229s] Level 1:colcon.colcon_core.environment:checking '/home/maria/rmf_ws/install/project_assets/bin'
[54.230s] Level 1:colcon.colcon_core.environment:checking '/home/maria/rmf_ws/install/project_assets/lib/pkgconfig/project_assets.pc'
[54.230s] Level 1:colcon.colcon_core.environment:checking '/home/maria/rmf_ws/install/project_assets/lib/python3.12/site-packages'
[54.231s] Level 1:colcon.colcon_core.environment:checking '/home/maria/rmf_ws/install/project_assets/bin'
[54.231s] INFO:colcon.colcon_core.shell:Creating package script '/home/maria/rmf_ws/install/project_assets/share/project_assets/package.ps1'
[54.232s] INFO:colcon.colcon_core.shell:Creating package descriptor '/home/maria/rmf_ws/install/project_assets/share/project_assets/package.dsv'
[54.239s] INFO:colcon.colcon_core.shell:Creating package script '/home/maria/rmf_ws/install/project_assets/share/project_assets/package.sh'
[54.240s] INFO:colcon.colcon_core.shell:Creating package script '/home/maria/rmf_ws/install/project_assets/share/project_assets/package.bash'
[54.241s] INFO:colcon.colcon_core.shell:Creating package script '/home/maria/rmf_ws/install/project_assets/share/project_assets/package.zsh'
[54.241s] Level 1:colcon.colcon_core.environment:create_file_with_runtime_dependencies(/home/maria/rmf_ws/install/project_assets/share/colcon-core/packages/project_assets)
[54.244s] Level 1:colcon.colcon_core.environment:create_environment_scripts_only(project_assets)
[54.244s] Level 1:colcon.colcon_core.environment:checking '/home/maria/rmf_ws/install/project_assets' for CMake module files
[54.245s] Level 1:colcon.colcon_core.environment:checking '/home/maria/rmf_ws/install/project_assets' for CMake config files
[54.252s] Level 1:colcon.colcon_core.shell:create_environment_hook('project_assets', 'cmake_prefix_path')
[54.252s] INFO:colcon.colcon_core.shell:Creating environment hook '/home/maria/rmf_ws/install/project_assets/share/project_assets/hook/cmake_prefix_path.ps1'
[54.253s] INFO:colcon.colcon_core.shell:Creating environment descriptor '/home/maria/rmf_ws/install/project_assets/share/project_assets/hook/cmake_prefix_path.dsv'
[54.257s] INFO:colcon.colcon_core.shell:Creating environment hook '/home/maria/rmf_ws/install/project_assets/share/project_assets/hook/cmake_prefix_path.sh'
[54.258s] Level 1:colcon.colcon_core.environment:checking '/home/maria/rmf_ws/install/project_assets/bin'
[54.258s] Level 1:colcon.colcon_core.environment:checking '/home/maria/rmf_ws/install/project_assets/lib/pkgconfig/project_assets.pc'
[54.258s] Level 1:colcon.colcon_core.environment:checking '/home/maria/rmf_ws/install/project_assets/lib/python3.12/site-packages'
[54.259s] Level 1:colcon.colcon_core.environment:checking '/home/maria/rmf_ws/install/project_assets/bin'
[54.259s] INFO:colcon.colcon_core.shell:Creating package script '/home/maria/rmf_ws/install/project_assets/share/project_assets/package.ps1'
[54.263s] INFO:colcon.colcon_core.shell:Creating package descriptor '/home/maria/rmf_ws/install/project_assets/share/project_assets/package.dsv'
[54.264s] INFO:colcon.colcon_core.shell:Creating package script '/home/maria/rmf_ws/install/project_assets/share/project_assets/package.sh'
[54.265s] INFO:colcon.colcon_core.shell:Creating package script '/home/maria/rmf_ws/install/project_assets/share/project_assets/package.bash'
[54.268s] INFO:colcon.colcon_core.shell:Creating package script '/home/maria/rmf_ws/install/project_assets/share/project_assets/package.zsh'
[54.269s] Level 1:colcon.colcon_core.environment:create_file_with_runtime_dependencies(/home/maria/rmf_ws/install/project_assets/share/colcon-core/packages/project_assets)
[54.270s] INFO:colcon.colcon_ros.task.ament_python.build:Building ROS package in '/home/maria/rmf_ws/src/project/project_tasks' with build type 'ament_python'
[54.271s] Level 1:colcon.colcon_core.shell:create_environment_hook('project_tasks', 'ament_prefix_path')
[54.272s] INFO:colcon.colcon_core.shell:Creating environment hook '/home/maria/rmf_ws/install/project_tasks/share/project_tasks/hook/ament_prefix_path.ps1'
[54.273s] INFO:colcon.colcon_core.shell:Creating environment descriptor '/home/maria/rmf_ws/install/project_tasks/share/project_tasks/hook/ament_prefix_path.dsv'
[54.273s] INFO:colcon.colcon_core.shell:Creating environment hook '/home/maria/rmf_ws/install/project_tasks/share/project_tasks/hook/ament_prefix_path.sh'
[54.278s] INFO:colcon.colcon_core.shell:Skip shell extension 'powershell' for command environment: Not usable outside of PowerShell
[54.278s] DEBUG:colcon.colcon_core.shell:Skip shell extension 'dsv' for command environment
[54.943s] INFO:colcon.colcon_core.task.python.build:Building Python package in '/home/maria/rmf_ws/src/project/project_tasks'
[54.944s] INFO:colcon.colcon_core.shell:Skip shell extension 'powershell' for command environment: Not usable outside of PowerShell
[54.944s] DEBUG:colcon.colcon_core.shell:Skip shell extension 'dsv' for command environment
[55.010s] DEBUG:colcon.colcon_core.event_handler.log_command:Invoked command in '/home/maria/rmf_ws/build/rmf_visualization_navgraphs' returned '0': CMAKE_PREFIX_PATH=/rmf_demos_ws/install/rmf_workcell_msgs:/rmf_demos_ws/install/rmf_demos_gz:/rmf_demos_ws/install/rmf_demos:/rmf_demos_ws/install/rmf_reservation_node:/rmf_demos_ws/install/rmf_fleet_adapter_python:/rmf_demos_ws/install/rmf_fleet_adapter:/rmf_demos_ws/install/rmf_task_ros2:/rmf_demos_ws/install/rmf_websocket:/rmf_demos_ws/install/rmf_visualization:/rmf_demos_ws/install/rmf_visualization_schedule:/rmf_demos_ws/install/rmf_visualization_rviz2_plugins:/rmf_demos_ws/install/rmf_visualization_obstacles:/rmf_demos_ws/install/rmf_visualization_navgraphs:/rmf_demos_ws/install/rmf_visualization_floorplans:/rmf_demos_ws/install/rmf_visualization_fleet_states:/rmf_demos_ws/install/rmf_visualization_msgs:/rmf_demos_ws/install/rmf_traffic_ros2:/rmf_demos_ws/install/rmf_task_sequence:/rmf_demos_ws/install/rmf_task:/rmf_demos_ws/install/rmf_battery:/rmf_demos_ws/install/rmf_traffic:/rmf_demos_ws/install/rmf_utils:/rmf_demos_ws/install/rmf_traffic_msgs:/rmf_demos_ws/install/rmf_traffic_editor_test_maps:/rmf_demos_ws/install/rmf_traffic_editor_assets:/rmf_demos_ws/install/rmf_traffic_editor:/rmf_demos_ws/install/rmf_task_msgs:/rmf_demos_ws/install/rmf_site_map_msgs:/rmf_demos_ws/install/rmf_scheduler_msgs:/rmf_demos_ws/install/rmf_robot_sim_gz_plugins:/rmf_demos_ws/install/rmf_robot_sim_common:/rmf_demos_ws/install/rmf_reservation_msgs:/rmf_demos_ws/install/rmf_obstacle_msgs:/rmf_demos_ws/install/rmf_building_sim_gz_plugins:/rmf_demos_ws/install/rmf_lift_msgs:/rmf_demos_ws/install/rmf_ingestor_msgs:/rmf_demos_ws/install/rmf_fleet_msgs:/rmf_demos_ws/install/rmf_door_msgs:/rmf_demos_ws/install/rmf_dispenser_msgs:/rmf_demos_ws/install/rmf_demos_maps:/rmf_demos_ws/install/rmf_demos_assets:/rmf_demos_ws/install/rmf_charger_msgs:/rmf_demos_ws/install/rmf_building_map_msgs:/rmf_demos_ws/install/rmf_api_msgs:/rmf_demos_ws/install/nlohmann_json_schema_validator_vendor:/rmf_demos_ws/install/rmf_demos_fleet_adapter:/rmf_demos_ws/install/rmf_visualization_building_systems:/rmf_demos_ws/install/rmf_traffic_examples:/rmf_demos_ws/install/rmf_demos_bridges:/rmf_demos_ws/install/rmf_demos_tasks:/rmf_demos_ws/install/rmf_building_map_tools:/rmf_demos_ws/install/rmf_charging_schedule:/opt/ros/jazzy:/rmf_demos_ws/install/menge_vendor:/rmf_demos_ws/install/ament_cmake_catch2:/opt/ros/jazzy/opt/gz_sim_vendor:/opt/ros/jazzy/opt/gz_sensors_vendor:/opt/ros/jazzy/opt/gz_physics_vendor:/opt/ros/jazzy/opt/sdformat_vendor:/opt/ros/jazzy/opt/gz_gui_vendor:/opt/ros/jazzy/opt/gz_transport_vendor:/opt/ros/jazzy/opt/gz_rendering_vendor:/opt/ros/jazzy/opt/gz_plugin_vendor:/opt/ros/jazzy/opt/gz_fuel_tools_vendor:/opt/ros/jazzy/opt/gz_msgs_vendor:/opt/ros/jazzy/opt/gz_common_vendor:/opt/ros/jazzy/opt/gz_math_vendor:/opt/ros/jazzy/opt/gz_utils_vendor:/opt/ros/jazzy/opt/gz_tools_vendor:/opt/ros/jazzy/opt/gz_ogre_next_vendor:/opt/ros/jazzy/opt/gz_dartsim_vendor:/opt/ros/jazzy/opt/gz_cmake_vendor /usr/bin/cmake --build /home/maria/rmf_ws/build/rmf_visualization_navgraphs -- -j8 -l8
[55.014s] DEBUG:colcon.colcon_core.event_handler.log_command:Invoking command in '/home/maria/rmf_ws/build/rmf_visualization_navgraphs': CMAKE_PREFIX_PATH=/rmf_demos_ws/install/rmf_workcell_msgs:/rmf_demos_ws/install/rmf_demos_gz:/rmf_demos_ws/install/rmf_demos:/rmf_demos_ws/install/rmf_reservation_node:/rmf_demos_ws/install/rmf_fleet_adapter_python:/rmf_demos_ws/install/rmf_fleet_adapter:/rmf_demos_ws/install/rmf_task_ros2:/rmf_demos_ws/install/rmf_websocket:/rmf_demos_ws/install/rmf_visualization:/rmf_demos_ws/install/rmf_visualization_schedule:/rmf_demos_ws/install/rmf_visualization_rviz2_plugins:/rmf_demos_ws/install/rmf_visualization_obstacles:/rmf_demos_ws/install/rmf_visualization_navgraphs:/rmf_demos_ws/install/rmf_visualization_floorplans:/rmf_demos_ws/install/rmf_visualization_fleet_states:/rmf_demos_ws/install/rmf_visualization_msgs:/rmf_demos_ws/install/rmf_traffic_ros2:/rmf_demos_ws/install/rmf_task_sequence:/rmf_demos_ws/install/rmf_task:/rmf_demos_ws/install/rmf_battery:/rmf_demos_ws/install/rmf_traffic:/rmf_demos_ws/install/rmf_utils:/rmf_demos_ws/install/rmf_traffic_msgs:/rmf_demos_ws/install/rmf_traffic_editor_test_maps:/rmf_demos_ws/install/rmf_traffic_editor_assets:/rmf_demos_ws/install/rmf_traffic_editor:/rmf_demos_ws/install/rmf_task_msgs:/rmf_demos_ws/install/rmf_site_map_msgs:/rmf_demos_ws/install/rmf_scheduler_msgs:/rmf_demos_ws/install/rmf_robot_sim_gz_plugins:/rmf_demos_ws/install/rmf_robot_sim_common:/rmf_demos_ws/install/rmf_reservation_msgs:/rmf_demos_ws/install/rmf_obstacle_msgs:/rmf_demos_ws/install/rmf_building_sim_gz_plugins:/rmf_demos_ws/install/rmf_lift_msgs:/rmf_demos_ws/install/rmf_ingestor_msgs:/rmf_demos_ws/install/rmf_fleet_msgs:/rmf_demos_ws/install/rmf_door_msgs:/rmf_demos_ws/install/rmf_dispenser_msgs:/rmf_demos_ws/install/rmf_demos_maps:/rmf_demos_ws/install/rmf_demos_assets:/rmf_demos_ws/install/rmf_charger_msgs:/rmf_demos_ws/install/rmf_building_map_msgs:/rmf_demos_ws/install/rmf_api_msgs:/rmf_demos_ws/install/nlohmann_json_schema_validator_vendor:/rmf_demos_ws/install/rmf_demos_fleet_adapter:/rmf_demos_ws/install/rmf_visualization_building_systems:/rmf_demos_ws/install/rmf_traffic_examples:/rmf_demos_ws/install/rmf_demos_bridges:/rmf_demos_ws/install/rmf_demos_tasks:/rmf_demos_ws/install/rmf_building_map_tools:/rmf_demos_ws/install/rmf_charging_schedule:/opt/ros/jazzy:/rmf_demos_ws/install/menge_vendor:/rmf_demos_ws/install/ament_cmake_catch2:/opt/ros/jazzy/opt/gz_sim_vendor:/opt/ros/jazzy/opt/gz_sensors_vendor:/opt/ros/jazzy/opt/gz_physics_vendor:/opt/ros/jazzy/opt/sdformat_vendor:/opt/ros/jazzy/opt/gz_gui_vendor:/opt/ros/jazzy/opt/gz_transport_vendor:/opt/ros/jazzy/opt/gz_rendering_vendor:/opt/ros/jazzy/opt/gz_plugin_vendor:/opt/ros/jazzy/opt/gz_fuel_tools_vendor:/opt/ros/jazzy/opt/gz_msgs_vendor:/opt/ros/jazzy/opt/gz_common_vendor:/opt/ros/jazzy/opt/gz_math_vendor:/opt/ros/jazzy/opt/gz_utils_vendor:/opt/ros/jazzy/opt/gz_tools_vendor:/opt/ros/jazzy/opt/gz_ogre_next_vendor:/opt/ros/jazzy/opt/gz_dartsim_vendor:/opt/ros/jazzy/opt/gz_cmake_vendor /usr/bin/cmake --install /home/maria/rmf_ws/build/rmf_visualization_navgraphs
[56.429s] DEBUG:colcon.colcon_core.event_handler.log_command:Invoking command in '/home/maria/rmf_ws/build/project_tasks': PYTHONPATH=/home/maria/rmf_ws/build/project_tasks/prefix_override:/usr/lib/python3/dist-packages/colcon_core/task/python/colcon_distutils_commands:/home/maria/rmf_ws/install/project_tasks/lib/python3.12/site-packages:${PYTHONPATH} /usr/bin/python3 -W ignore:setup.py install is deprecated -W ignore:easy_install command is deprecated setup.py develop --editable --build-directory /home/maria/rmf_ws/build/project_tasks/build --no-deps symlink_data
[56.467s] DEBUG:colcon.colcon_core.event_handler.log_command:Invoked command in '/home/maria/rmf_ws/build/project_simulation' returned '0': CMAKE_PREFIX_PATH=/rmf_demos_ws/install/rmf_workcell_msgs:/rmf_demos_ws/install/rmf_demos_gz:/rmf_demos_ws/install/rmf_demos:/rmf_demos_ws/install/rmf_reservation_node:/rmf_demos_ws/install/rmf_fleet_adapter_python:/rmf_demos_ws/install/rmf_fleet_adapter:/rmf_demos_ws/install/rmf_task_ros2:/rmf_demos_ws/install/rmf_websocket:/rmf_demos_ws/install/rmf_visualization:/rmf_demos_ws/install/rmf_visualization_schedule:/rmf_demos_ws/install/rmf_visualization_rviz2_plugins:/rmf_demos_ws/install/rmf_visualization_obstacles:/rmf_demos_ws/install/rmf_visualization_navgraphs:/rmf_demos_ws/install/rmf_visualization_floorplans:/rmf_demos_ws/install/rmf_visualization_fleet_states:/rmf_demos_ws/install/rmf_visualization_msgs:/rmf_demos_ws/install/rmf_traffic_ros2:/rmf_demos_ws/install/rmf_task_sequence:/rmf_demos_ws/install/rmf_task:/rmf_demos_ws/install/rmf_battery:/rmf_demos_ws/install/rmf_traffic:/rmf_demos_ws/install/rmf_utils:/rmf_demos_ws/install/rmf_traffic_msgs:/rmf_demos_ws/install/rmf_traffic_editor_test_maps:/rmf_demos_ws/install/rmf_traffic_editor_assets:/rmf_demos_ws/install/rmf_traffic_editor:/rmf_demos_ws/install/rmf_task_msgs:/rmf_demos_ws/install/rmf_site_map_msgs:/rmf_demos_ws/install/rmf_scheduler_msgs:/rmf_demos_ws/install/rmf_robot_sim_gz_plugins:/rmf_demos_ws/install/rmf_robot_sim_common:/rmf_demos_ws/install/rmf_reservation_msgs:/rmf_demos_ws/install/rmf_obstacle_msgs:/rmf_demos_ws/install/rmf_building_sim_gz_plugins:/rmf_demos_ws/install/rmf_lift_msgs:/rmf_demos_ws/install/rmf_ingestor_msgs:/rmf_demos_ws/install/rmf_fleet_msgs:/rmf_demos_ws/install/rmf_door_msgs:/rmf_demos_ws/install/rmf_dispenser_msgs:/rmf_demos_ws/install/rmf_demos_maps:/rmf_demos_ws/install/rmf_demos_assets:/rmf_demos_ws/install/rmf_charger_msgs:/rmf_demos_ws/install/rmf_building_map_msgs:/rmf_demos_ws/install/rmf_api_msgs:/rmf_demos_ws/install/nlohmann_json_schema_validator_vendor:/rmf_demos_ws/install/rmf_demos_fleet_adapter:/rmf_demos_ws/install/rmf_visualization_building_systems:/rmf_demos_ws/install/rmf_traffic_examples:/rmf_demos_ws/install/rmf_demos_bridges:/rmf_demos_ws/install/rmf_demos_tasks:/rmf_demos_ws/install/rmf_building_map_tools:/rmf_demos_ws/install/rmf_charging_schedule:/opt/ros/jazzy:/rmf_demos_ws/install/menge_vendor:/rmf_demos_ws/install/ament_cmake_catch2:/opt/ros/jazzy/opt/gz_sim_vendor:/opt/ros/jazzy/opt/gz_sensors_vendor:/opt/ros/jazzy/opt/gz_physics_vendor:/opt/ros/jazzy/opt/sdformat_vendor:/opt/ros/jazzy/opt/gz_gui_vendor:/opt/ros/jazzy/opt/gz_transport_vendor:/opt/ros/jazzy/opt/gz_rendering_vendor:/opt/ros/jazzy/opt/gz_plugin_vendor:/opt/ros/jazzy/opt/gz_fuel_tools_vendor:/opt/ros/jazzy/opt/gz_msgs_vendor:/opt/ros/jazzy/opt/gz_common_vendor:/opt/ros/jazzy/opt/gz_math_vendor:/opt/ros/jazzy/opt/gz_utils_vendor:/opt/ros/jazzy/opt/gz_tools_vendor:/opt/ros/jazzy/opt/gz_ogre_next_vendor:/opt/ros/jazzy/opt/gz_dartsim_vendor:/opt/ros/jazzy/opt/gz_cmake_vendor /usr/bin/cmake /home/maria/rmf_ws/src/project/project_simulation -DAMENT_CMAKE_SYMLINK_INSTALL=1 -DCMAKE_INSTALL_PREFIX=/home/maria/rmf_ws/install/project_simulation
[56.472s] Level 1:colcon.colcon_core.environment:create_environment_scripts_only(rmf_visualization_navgraphs)
[56.473s] Level 1:colcon.colcon_core.environment:checking '/home/maria/rmf_ws/install/rmf_visualization_navgraphs' for CMake module files
[56.476s] Level 1:colcon.colcon_core.environment:checking '/home/maria/rmf_ws/install/rmf_visualization_navgraphs' for CMake config files
[56.477s] Level 1:colcon.colcon_core.shell:create_environment_hook('rmf_visualization_navgraphs', 'cmake_prefix_path')
[56.477s] INFO:colcon.colcon_core.shell:Creating environment hook '/home/maria/rmf_ws/install/rmf_visualization_navgraphs/share/rmf_visualization_navgraphs/hook/cmake_prefix_path.ps1'
[56.478s] INFO:colcon.colcon_core.shell:Creating environment descriptor '/home/maria/rmf_ws/install/rmf_visualization_navgraphs/share/rmf_visualization_navgraphs/hook/cmake_prefix_path.dsv'
[56.482s] DEBUG:colcon.colcon_core.event_handler.log_command:Invoking command in '/home/maria/rmf_ws/build/project_simulation': CMAKE_PREFIX_PATH=/rmf_demos_ws/install/rmf_workcell_msgs:/rmf_demos_ws/install/rmf_demos_gz:/rmf_demos_ws/install/rmf_demos:/rmf_demos_ws/install/rmf_reservation_node:/rmf_demos_ws/install/rmf_fleet_adapter_python:/rmf_demos_ws/install/rmf_fleet_adapter:/rmf_demos_ws/install/rmf_task_ros2:/rmf_demos_ws/install/rmf_websocket:/rmf_demos_ws/install/rmf_visualization:/rmf_demos_ws/install/rmf_visualization_schedule:/rmf_demos_ws/install/rmf_visualization_rviz2_plugins:/rmf_demos_ws/install/rmf_visualization_obstacles:/rmf_demos_ws/install/rmf_visualization_navgraphs:/rmf_demos_ws/install/rmf_visualization_floorplans:/rmf_demos_ws/install/rmf_visualization_fleet_states:/rmf_demos_ws/install/rmf_visualization_msgs:/rmf_demos_ws/install/rmf_traffic_ros2:/rmf_demos_ws/install/rmf_task_sequence:/rmf_demos_ws/install/rmf_task:/rmf_demos_ws/install/rmf_battery:/rmf_demos_ws/install/rmf_traffic:/rmf_demos_ws/install/rmf_utils:/rmf_demos_ws/install/rmf_traffic_msgs:/rmf_demos_ws/install/rmf_traffic_editor_test_maps:/rmf_demos_ws/install/rmf_traffic_editor_assets:/rmf_demos_ws/install/rmf_traffic_editor:/rmf_demos_ws/install/rmf_task_msgs:/rmf_demos_ws/install/rmf_site_map_msgs:/rmf_demos_ws/install/rmf_scheduler_msgs:/rmf_demos_ws/install/rmf_robot_sim_gz_plugins:/rmf_demos_ws/install/rmf_robot_sim_common:/rmf_demos_ws/install/rmf_reservation_msgs:/rmf_demos_ws/install/rmf_obstacle_msgs:/rmf_demos_ws/install/rmf_building_sim_gz_plugins:/rmf_demos_ws/install/rmf_lift_msgs:/rmf_demos_ws/install/rmf_ingestor_msgs:/rmf_demos_ws/install/rmf_fleet_msgs:/rmf_demos_ws/install/rmf_door_msgs:/rmf_demos_ws/install/rmf_dispenser_msgs:/rmf_demos_ws/install/rmf_demos_maps:/rmf_demos_ws/install/rmf_demos_assets:/rmf_demos_ws/install/rmf_charger_msgs:/rmf_demos_ws/install/rmf_building_map_msgs:/rmf_demos_ws/install/rmf_api_msgs:/rmf_demos_ws/install/nlohmann_json_schema_validator_vendor:/rmf_demos_ws/install/rmf_demos_fleet_adapter:/rmf_demos_ws/install/rmf_visualization_building_systems:/rmf_demos_ws/install/rmf_traffic_examples:/rmf_demos_ws/install/rmf_demos_bridges:/rmf_demos_ws/install/rmf_demos_tasks:/rmf_demos_ws/install/rmf_building_map_tools:/rmf_demos_ws/install/rmf_charging_schedule:/opt/ros/jazzy:/rmf_demos_ws/install/menge_vendor:/rmf_demos_ws/install/ament_cmake_catch2:/opt/ros/jazzy/opt/gz_sim_vendor:/opt/ros/jazzy/opt/gz_sensors_vendor:/opt/ros/jazzy/opt/gz_physics_vendor:/opt/ros/jazzy/opt/sdformat_vendor:/opt/ros/jazzy/opt/gz_gui_vendor:/opt/ros/jazzy/opt/gz_transport_vendor:/opt/ros/jazzy/opt/gz_rendering_vendor:/opt/ros/jazzy/opt/gz_plugin_vendor:/opt/ros/jazzy/opt/gz_fuel_tools_vendor:/opt/ros/jazzy/opt/gz_msgs_vendor:/opt/ros/jazzy/opt/gz_common_vendor:/opt/ros/jazzy/opt/gz_math_vendor:/opt/ros/jazzy/opt/gz_utils_vendor:/opt/ros/jazzy/opt/gz_tools_vendor:/opt/ros/jazzy/opt/gz_ogre_next_vendor:/opt/ros/jazzy/opt/gz_dartsim_vendor:/opt/ros/jazzy/opt/gz_cmake_vendor /usr/bin/cmake --build /home/maria/rmf_ws/build/project_simulation -- -j8 -l8
[56.482s] DEBUG:colcon.colcon_core.event_handler.log_command:Invoked command in '/home/maria/rmf_ws/build/rmf_visualization_navgraphs' returned '0': CMAKE_PREFIX_PATH=/rmf_demos_ws/install/rmf_workcell_msgs:/rmf_demos_ws/install/rmf_demos_gz:/rmf_demos_ws/install/rmf_demos:/rmf_demos_ws/install/rmf_reservation_node:/rmf_demos_ws/install/rmf_fleet_adapter_python:/rmf_demos_ws/install/rmf_fleet_adapter:/rmf_demos_ws/install/rmf_task_ros2:/rmf_demos_ws/install/rmf_websocket:/rmf_demos_ws/install/rmf_visualization:/rmf_demos_ws/install/rmf_visualization_schedule:/rmf_demos_ws/install/rmf_visualization_rviz2_plugins:/rmf_demos_ws/install/rmf_visualization_obstacles:/rmf_demos_ws/install/rmf_visualization_navgraphs:/rmf_demos_ws/install/rmf_visualization_floorplans:/rmf_demos_ws/install/rmf_visualization_fleet_states:/rmf_demos_ws/install/rmf_visualization_msgs:/rmf_demos_ws/install/rmf_traffic_ros2:/rmf_demos_ws/install/rmf_task_sequence:/rmf_demos_ws/install/rmf_task:/rmf_demos_ws/install/rmf_battery:/rmf_demos_ws/install/rmf_traffic:/rmf_demos_ws/install/rmf_utils:/rmf_demos_ws/install/rmf_traffic_msgs:/rmf_demos_ws/install/rmf_traffic_editor_test_maps:/rmf_demos_ws/install/rmf_traffic_editor_assets:/rmf_demos_ws/install/rmf_traffic_editor:/rmf_demos_ws/install/rmf_task_msgs:/rmf_demos_ws/install/rmf_site_map_msgs:/rmf_demos_ws/install/rmf_scheduler_msgs:/rmf_demos_ws/install/rmf_robot_sim_gz_plugins:/rmf_demos_ws/install/rmf_robot_sim_common:/rmf_demos_ws/install/rmf_reservation_msgs:/rmf_demos_ws/install/rmf_obstacle_msgs:/rmf_demos_ws/install/rmf_building_sim_gz_plugins:/rmf_demos_ws/install/rmf_lift_msgs:/rmf_demos_ws/install/rmf_ingestor_msgs:/rmf_demos_ws/install/rmf_fleet_msgs:/rmf_demos_ws/install/rmf_door_msgs:/rmf_demos_ws/install/rmf_dispenser_msgs:/rmf_demos_ws/install/rmf_demos_maps:/rmf_demos_ws/install/rmf_demos_assets:/rmf_demos_ws/install/rmf_charger_msgs:/rmf_demos_ws/install/rmf_building_map_msgs:/rmf_demos_ws/install/rmf_api_msgs:/rmf_demos_ws/install/nlohmann_json_schema_validator_vendor:/rmf_demos_ws/install/rmf_demos_fleet_adapter:/rmf_demos_ws/install/rmf_visualization_building_systems:/rmf_demos_ws/install/rmf_traffic_examples:/rmf_demos_ws/install/rmf_demos_bridges:/rmf_demos_ws/install/rmf_demos_tasks:/rmf_demos_ws/install/rmf_building_map_tools:/rmf_demos_ws/install/rmf_charging_schedule:/opt/ros/jazzy:/rmf_demos_ws/install/menge_vendor:/rmf_demos_ws/install/ament_cmake_catch2:/opt/ros/jazzy/opt/gz_sim_vendor:/opt/ros/jazzy/opt/gz_sensors_vendor:/opt/ros/jazzy/opt/gz_physics_vendor:/opt/ros/jazzy/opt/sdformat_vendor:/opt/ros/jazzy/opt/gz_gui_vendor:/opt/ros/jazzy/opt/gz_transport_vendor:/opt/ros/jazzy/opt/gz_rendering_vendor:/opt/ros/jazzy/opt/gz_plugin_vendor:/opt/ros/jazzy/opt/gz_fuel_tools_vendor:/opt/ros/jazzy/opt/gz_msgs_vendor:/opt/ros/jazzy/opt/gz_common_vendor:/opt/ros/jazzy/opt/gz_math_vendor:/opt/ros/jazzy/opt/gz_utils_vendor:/opt/ros/jazzy/opt/gz_tools_vendor:/opt/ros/jazzy/opt/gz_ogre_next_vendor:/opt/ros/jazzy/opt/gz_dartsim_vendor:/opt/ros/jazzy/opt/gz_cmake_vendor /usr/bin/cmake --install /home/maria/rmf_ws/build/rmf_visualization_navgraphs
[56.485s] INFO:colcon.colcon_core.shell:Creating environment hook '/home/maria/rmf_ws/install/rmf_visualization_navgraphs/share/rmf_visualization_navgraphs/hook/cmake_prefix_path.sh'
[56.487s] Level 1:colcon.colcon_core.environment:checking '/home/maria/rmf_ws/install/rmf_visualization_navgraphs/lib'
[56.487s] Level 1:colcon.colcon_core.shell:create_environment_hook('rmf_visualization_navgraphs', 'ld_library_path_lib')
[56.487s] INFO:colcon.colcon_core.shell:Creating environment hook '/home/maria/rmf_ws/install/rmf_visualization_navgraphs/share/rmf_visualization_navgraphs/hook/ld_library_path_lib.ps1'
[56.488s] INFO:colcon.colcon_core.shell:Creating environment descriptor '/home/maria/rmf_ws/install/rmf_visualization_navgraphs/share/rmf_visualization_navgraphs/hook/ld_library_path_lib.dsv'
[56.492s] INFO:colcon.colcon_core.shell:Creating environment hook '/home/maria/rmf_ws/install/rmf_visualization_navgraphs/share/rmf_visualization_navgraphs/hook/ld_library_path_lib.sh'
[56.493s] Level 1:colcon.colcon_core.environment:checking '/home/maria/rmf_ws/install/rmf_visualization_navgraphs/bin'
[56.493s] Level 1:colcon.colcon_core.environment:checking '/home/maria/rmf_ws/install/rmf_visualization_navgraphs/lib/pkgconfig/rmf_visualization_navgraphs.pc'
[56.493s] Level 1:colcon.colcon_core.environment:checking '/home/maria/rmf_ws/install/rmf_visualization_navgraphs/lib/python3.12/site-packages'
[56.494s] Level 1:colcon.colcon_core.environment:checking '/home/maria/rmf_ws/install/rmf_visualization_navgraphs/bin'
[56.495s] INFO:colcon.colcon_core.shell:Creating package script '/home/maria/rmf_ws/install/rmf_visualization_navgraphs/share/rmf_visualization_navgraphs/package.ps1'
[56.501s] INFO:colcon.colcon_core.shell:Creating package descriptor '/home/maria/rmf_ws/install/rmf_visualization_navgraphs/share/rmf_visualization_navgraphs/package.dsv'
[56.502s] INFO:colcon.colcon_core.shell:Creating package script '/home/maria/rmf_ws/install/rmf_visualization_navgraphs/share/rmf_visualization_navgraphs/package.sh'
[56.505s] INFO:colcon.colcon_core.shell:Creating package script '/home/maria/rmf_ws/install/rmf_visualization_navgraphs/share/rmf_visualization_navgraphs/package.bash'
[56.506s] INFO:colcon.colcon_core.shell:Creating package script '/home/maria/rmf_ws/install/rmf_visualization_navgraphs/share/rmf_visualization_navgraphs/package.zsh'
[56.507s] Level 1:colcon.colcon_core.environment:create_file_with_runtime_dependencies(/home/maria/rmf_ws/install/rmf_visualization_navgraphs/share/colcon-core/packages/rmf_visualization_navgraphs)
[56.508s] Level 1:colcon.colcon_core.environment:create_environment_scripts_only(rmf_visualization_navgraphs)
[56.508s] Level 1:colcon.colcon_core.environment:checking '/home/maria/rmf_ws/install/rmf_visualization_navgraphs' for CMake module files
[56.512s] Level 1:colcon.colcon_core.environment:checking '/home/maria/rmf_ws/install/rmf_visualization_navgraphs' for CMake config files
[56.513s] Level 1:colcon.colcon_core.shell:create_environment_hook('rmf_visualization_navgraphs', 'cmake_prefix_path')
[56.513s] INFO:colcon.colcon_core.shell:Creating environment hook '/home/maria/rmf_ws/install/rmf_visualization_navgraphs/share/rmf_visualization_navgraphs/hook/cmake_prefix_path.ps1'
[56.515s] INFO:colcon.colcon_core.shell:Creating environment descriptor '/home/maria/rmf_ws/install/rmf_visualization_navgraphs/share/rmf_visualization_navgraphs/hook/cmake_prefix_path.dsv'
[56.516s] INFO:colcon.colcon_core.shell:Creating environment hook '/home/maria/rmf_ws/install/rmf_visualization_navgraphs/share/rmf_visualization_navgraphs/hook/cmake_prefix_path.sh'
[56.517s] Level 1:colcon.colcon_core.environment:checking '/home/maria/rmf_ws/install/rmf_visualization_navgraphs/lib'
[56.518s] Level 1:colcon.colcon_core.shell:create_environment_hook('rmf_visualization_navgraphs', 'ld_library_path_lib')
[56.518s] INFO:colcon.colcon_core.shell:Creating environment hook '/home/maria/rmf_ws/install/rmf_visualization_navgraphs/share/rmf_visualization_navgraphs/hook/ld_library_path_lib.ps1'
[56.524s] INFO:colcon.colcon_core.shell:Creating environment descriptor '/home/maria/rmf_ws/install/rmf_visualization_navgraphs/share/rmf_visualization_navgraphs/hook/ld_library_path_lib.dsv'
[56.525s] INFO:colcon.colcon_core.shell:Creating environment hook '/home/maria/rmf_ws/install/rmf_visualization_navgraphs/share/rmf_visualization_navgraphs/hook/ld_library_path_lib.sh'
[56.525s] Level 1:colcon.colcon_core.environment:checking '/home/maria/rmf_ws/install/rmf_visualization_navgraphs/bin'
[56.526s] Level 1:colcon.colcon_core.environment:checking '/home/maria/rmf_ws/install/rmf_visualization_navgraphs/lib/pkgconfig/rmf_visualization_navgraphs.pc'
[56.526s] Level 1:colcon.colcon_core.environment:checking '/home/maria/rmf_ws/install/rmf_visualization_navgraphs/lib/python3.12/site-packages'
[56.530s] Level 1:colcon.colcon_core.environment:checking '/home/maria/rmf_ws/install/rmf_visualization_navgraphs/bin'
[56.530s] INFO:colcon.colcon_core.shell:Creating package script '/home/maria/rmf_ws/install/rmf_visualization_navgraphs/share/rmf_visualization_navgraphs/package.ps1'
[56.532s] INFO:colcon.colcon_core.shell:Creating package descriptor '/home/maria/rmf_ws/install/rmf_visualization_navgraphs/share/rmf_visualization_navgraphs/package.dsv'
[56.535s] INFO:colcon.colcon_core.shell:Creating package script '/home/maria/rmf_ws/install/rmf_visualization_navgraphs/share/rmf_visualization_navgraphs/package.sh'
[56.536s] INFO:colcon.colcon_core.shell:Creating package script '/home/maria/rmf_ws/install/rmf_visualization_navgraphs/share/rmf_visualization_navgraphs/package.bash'
[56.538s] INFO:colcon.colcon_core.shell:Creating package script '/home/maria/rmf_ws/install/rmf_visualization_navgraphs/share/rmf_visualization_navgraphs/package.zsh'
[56.541s] Level 1:colcon.colcon_core.environment:create_file_with_runtime_dependencies(/home/maria/rmf_ws/install/rmf_visualization_navgraphs/share/colcon-core/packages/rmf_visualization_navgraphs)
[57.773s] Level 1:colcon.colcon_core.shell:create_environment_hook('project_tasks', 'pythonpath_develop')
[57.773s] INFO:colcon.colcon_core.shell:Creating environment hook '/home/maria/rmf_ws/build/project_tasks/share/project_tasks/hook/pythonpath_develop.ps1'
[57.774s] DEBUG:colcon.colcon_core.event_handler.log_command:Invoked command in '/home/maria/rmf_ws/build/project_tasks' returned '0': PYTHONPATH=/home/maria/rmf_ws/build/project_tasks/prefix_override:/usr/lib/python3/dist-packages/colcon_core/task/python/colcon_distutils_commands:/home/maria/rmf_ws/install/project_tasks/lib/python3.12/site-packages:${PYTHONPATH} /usr/bin/python3 -W ignore:setup.py install is deprecated -W ignore:easy_install command is deprecated setup.py develop --editable --build-directory /home/maria/rmf_ws/build/project_tasks/build --no-deps symlink_data
[57.774s] INFO:colcon.colcon_core.shell:Creating environment descriptor '/home/maria/rmf_ws/build/project_tasks/share/project_tasks/hook/pythonpath_develop.dsv'
[57.775s] INFO:colcon.colcon_core.shell:Creating environment hook '/home/maria/rmf_ws/build/project_tasks/share/project_tasks/hook/pythonpath_develop.sh'
[57.775s] Level 1:colcon.colcon_core.environment:checking '/home/maria/rmf_ws/install/project_tasks' for CMake module files
[57.776s] Level 1:colcon.colcon_core.environment:checking '/home/maria/rmf_ws/install/project_tasks' for CMake config files
[57.777s] Level 1:colcon.colcon_core.environment:checking '/home/maria/rmf_ws/install/project_tasks/lib'
[57.777s] Level 1:colcon.colcon_core.environment:checking '/home/maria/rmf_ws/install/project_tasks/bin'
[57.777s] Level 1:colcon.colcon_core.environment:checking '/home/maria/rmf_ws/install/project_tasks/lib/pkgconfig/project_tasks.pc'
[57.777s] Level 1:colcon.colcon_core.environment:checking '/home/maria/rmf_ws/install/project_tasks/lib/python3.12/site-packages'
[57.777s] Level 1:colcon.colcon_core.shell:create_environment_hook('project_tasks', 'pythonpath')
[57.777s] INFO:colcon.colcon_core.shell:Creating environment hook '/home/maria/rmf_ws/install/project_tasks/share/project_tasks/hook/pythonpath.ps1'
[57.778s] INFO:colcon.colcon_core.shell:Creating environment descriptor '/home/maria/rmf_ws/install/project_tasks/share/project_tasks/hook/pythonpath.dsv'
[57.778s] INFO:colcon.colcon_core.shell:Creating environment hook '/home/maria/rmf_ws/install/project_tasks/share/project_tasks/hook/pythonpath.sh'
[57.779s] Level 1:colcon.colcon_core.environment:checking '/home/maria/rmf_ws/install/project_tasks/bin'
[57.779s] Level 1:colcon.colcon_core.environment:create_environment_scripts_only(project_tasks)
[57.779s] INFO:colcon.colcon_core.shell:Creating package script '/home/maria/rmf_ws/install/project_tasks/share/project_tasks/package.ps1'
[57.780s] INFO:colcon.colcon_core.shell:Creating package descriptor '/home/maria/rmf_ws/install/project_tasks/share/project_tasks/package.dsv'
[57.781s] INFO:colcon.colcon_core.shell:Creating package script '/home/maria/rmf_ws/install/project_tasks/share/project_tasks/package.sh'
[57.781s] INFO:colcon.colcon_core.shell:Creating package script '/home/maria/rmf_ws/install/project_tasks/share/project_tasks/package.bash'
[57.781s] INFO:colcon.colcon_core.shell:Creating package script '/home/maria/rmf_ws/install/project_tasks/share/project_tasks/package.zsh'
[57.782s] Level 1:colcon.colcon_core.environment:create_file_with_runtime_dependencies(/home/maria/rmf_ws/install/project_tasks/share/colcon-core/packages/project_tasks)
[57.785s] DEBUG:colcon.colcon_core.event_handler.log_command:Invoked command in '/home/maria/rmf_ws/build/project_simulation' returned '0': CMAKE_PREFIX_PATH=/rmf_demos_ws/install/rmf_workcell_msgs:/rmf_demos_ws/install/rmf_demos_gz:/rmf_demos_ws/install/rmf_demos:/rmf_demos_ws/install/rmf_reservation_node:/rmf_demos_ws/install/rmf_fleet_adapter_python:/rmf_demos_ws/install/rmf_fleet_adapter:/rmf_demos_ws/install/rmf_task_ros2:/rmf_demos_ws/install/rmf_websocket:/rmf_demos_ws/install/rmf_visualization:/rmf_demos_ws/install/rmf_visualization_schedule:/rmf_demos_ws/install/rmf_visualization_rviz2_plugins:/rmf_demos_ws/install/rmf_visualization_obstacles:/rmf_demos_ws/install/rmf_visualization_navgraphs:/rmf_demos_ws/install/rmf_visualization_floorplans:/rmf_demos_ws/install/rmf_visualization_fleet_states:/rmf_demos_ws/install/rmf_visualization_msgs:/rmf_demos_ws/install/rmf_traffic_ros2:/rmf_demos_ws/install/rmf_task_sequence:/rmf_demos_ws/install/rmf_task:/rmf_demos_ws/install/rmf_battery:/rmf_demos_ws/install/rmf_traffic:/rmf_demos_ws/install/rmf_utils:/rmf_demos_ws/install/rmf_traffic_msgs:/rmf_demos_ws/install/rmf_traffic_editor_test_maps:/rmf_demos_ws/install/rmf_traffic_editor_assets:/rmf_demos_ws/install/rmf_traffic_editor:/rmf_demos_ws/install/rmf_task_msgs:/rmf_demos_ws/install/rmf_site_map_msgs:/rmf_demos_ws/install/rmf_scheduler_msgs:/rmf_demos_ws/install/rmf_robot_sim_gz_plugins:/rmf_demos_ws/install/rmf_robot_sim_common:/rmf_demos_ws/install/rmf_reservation_msgs:/rmf_demos_ws/install/rmf_obstacle_msgs:/rmf_demos_ws/install/rmf_building_sim_gz_plugins:/rmf_demos_ws/install/rmf_lift_msgs:/rmf_demos_ws/install/rmf_ingestor_msgs:/rmf_demos_ws/install/rmf_fleet_msgs:/rmf_demos_ws/install/rmf_door_msgs:/rmf_demos_ws/install/rmf_dispenser_msgs:/rmf_demos_ws/install/rmf_demos_maps:/rmf_demos_ws/install/rmf_demos_assets:/rmf_demos_ws/install/rmf_charger_msgs:/rmf_demos_ws/install/rmf_building_map_msgs:/rmf_demos_ws/install/rmf_api_msgs:/rmf_demos_ws/install/nlohmann_json_schema_validator_vendor:/rmf_demos_ws/install/rmf_demos_fleet_adapter:/rmf_demos_ws/install/rmf_visualization_building_systems:/rmf_demos_ws/install/rmf_traffic_examples:/rmf_demos_ws/install/rmf_demos_bridges:/rmf_demos_ws/install/rmf_demos_tasks:/rmf_demos_ws/install/rmf_building_map_tools:/rmf_demos_ws/install/rmf_charging_schedule:/opt/ros/jazzy:/rmf_demos_ws/install/menge_vendor:/rmf_demos_ws/install/ament_cmake_catch2:/opt/ros/jazzy/opt/gz_sim_vendor:/opt/ros/jazzy/opt/gz_sensors_vendor:/opt/ros/jazzy/opt/gz_physics_vendor:/opt/ros/jazzy/opt/sdformat_vendor:/opt/ros/jazzy/opt/gz_gui_vendor:/opt/ros/jazzy/opt/gz_transport_vendor:/opt/ros/jazzy/opt/gz_rendering_vendor:/opt/ros/jazzy/opt/gz_plugin_vendor:/opt/ros/jazzy/opt/gz_fuel_tools_vendor:/opt/ros/jazzy/opt/gz_msgs_vendor:/opt/ros/jazzy/opt/gz_common_vendor:/opt/ros/jazzy/opt/gz_math_vendor:/opt/ros/jazzy/opt/gz_utils_vendor:/opt/ros/jazzy/opt/gz_tools_vendor:/opt/ros/jazzy/opt/gz_ogre_next_vendor:/opt/ros/jazzy/opt/gz_dartsim_vendor:/opt/ros/jazzy/opt/gz_cmake_vendor /usr/bin/cmake --build /home/maria/rmf_ws/build/project_simulation -- -j8 -l8
[57.785s] DEBUG:colcon.colcon_core.event_handler.log_command:Invoking command in '/home/maria/rmf_ws/build/project_simulation': CMAKE_PREFIX_PATH=/rmf_demos_ws/install/rmf_workcell_msgs:/rmf_demos_ws/install/rmf_demos_gz:/rmf_demos_ws/install/rmf_demos:/rmf_demos_ws/install/rmf_reservation_node:/rmf_demos_ws/install/rmf_fleet_adapter_python:/rmf_demos_ws/install/rmf_fleet_adapter:/rmf_demos_ws/install/rmf_task_ros2:/rmf_demos_ws/install/rmf_websocket:/rmf_demos_ws/install/rmf_visualization:/rmf_demos_ws/install/rmf_visualization_schedule:/rmf_demos_ws/install/rmf_visualization_rviz2_plugins:/rmf_demos_ws/install/rmf_visualization_obstacles:/rmf_demos_ws/install/rmf_visualization_navgraphs:/rmf_demos_ws/install/rmf_visualization_floorplans:/rmf_demos_ws/install/rmf_visualization_fleet_states:/rmf_demos_ws/install/rmf_visualization_msgs:/rmf_demos_ws/install/rmf_traffic_ros2:/rmf_demos_ws/install/rmf_task_sequence:/rmf_demos_ws/install/rmf_task:/rmf_demos_ws/install/rmf_battery:/rmf_demos_ws/install/rmf_traffic:/rmf_demos_ws/install/rmf_utils:/rmf_demos_ws/install/rmf_traffic_msgs:/rmf_demos_ws/install/rmf_traffic_editor_test_maps:/rmf_demos_ws/install/rmf_traffic_editor_assets:/rmf_demos_ws/install/rmf_traffic_editor:/rmf_demos_ws/install/rmf_task_msgs:/rmf_demos_ws/install/rmf_site_map_msgs:/rmf_demos_ws/install/rmf_scheduler_msgs:/rmf_demos_ws/install/rmf_robot_sim_gz_plugins:/rmf_demos_ws/install/rmf_robot_sim_common:/rmf_demos_ws/install/rmf_reservation_msgs:/rmf_demos_ws/install/rmf_obstacle_msgs:/rmf_demos_ws/install/rmf_building_sim_gz_plugins:/rmf_demos_ws/install/rmf_lift_msgs:/rmf_demos_ws/install/rmf_ingestor_msgs:/rmf_demos_ws/install/rmf_fleet_msgs:/rmf_demos_ws/install/rmf_door_msgs:/rmf_demos_ws/install/rmf_dispenser_msgs:/rmf_demos_ws/install/rmf_demos_maps:/rmf_demos_ws/install/rmf_demos_assets:/rmf_demos_ws/install/rmf_charger_msgs:/rmf_demos_ws/install/rmf_building_map_msgs:/rmf_demos_ws/install/rmf_api_msgs:/rmf_demos_ws/install/nlohmann_json_schema_validator_vendor:/rmf_demos_ws/install/rmf_demos_fleet_adapter:/rmf_demos_ws/install/rmf_visualization_building_systems:/rmf_demos_ws/install/rmf_traffic_examples:/rmf_demos_ws/install/rmf_demos_bridges:/rmf_demos_ws/install/rmf_demos_tasks:/rmf_demos_ws/install/rmf_building_map_tools:/rmf_demos_ws/install/rmf_charging_schedule:/opt/ros/jazzy:/rmf_demos_ws/install/menge_vendor:/rmf_demos_ws/install/ament_cmake_catch2:/opt/ros/jazzy/opt/gz_sim_vendor:/opt/ros/jazzy/opt/gz_sensors_vendor:/opt/ros/jazzy/opt/gz_physics_vendor:/opt/ros/jazzy/opt/sdformat_vendor:/opt/ros/jazzy/opt/gz_gui_vendor:/opt/ros/jazzy/opt/gz_transport_vendor:/opt/ros/jazzy/opt/gz_rendering_vendor:/opt/ros/jazzy/opt/gz_plugin_vendor:/opt/ros/jazzy/opt/gz_fuel_tools_vendor:/opt/ros/jazzy/opt/gz_msgs_vendor:/opt/ros/jazzy/opt/gz_common_vendor:/opt/ros/jazzy/opt/gz_math_vendor:/opt/ros/jazzy/opt/gz_utils_vendor:/opt/ros/jazzy/opt/gz_tools_vendor:/opt/ros/jazzy/opt/gz_ogre_next_vendor:/opt/ros/jazzy/opt/gz_dartsim_vendor:/opt/ros/jazzy/opt/gz_cmake_vendor /usr/bin/cmake --install /home/maria/rmf_ws/build/project_simulation
[58.174s] Level 1:colcon.colcon_core.environment:create_environment_scripts_only(project_simulation)
[58.174s] Level 1:colcon.colcon_core.environment:checking '/home/maria/rmf_ws/install/project_simulation' for CMake module files
[58.175s] DEBUG:colcon.colcon_core.event_handler.log_command:Invoked command in '/home/maria/rmf_ws/build/project_simulation' returned '0': CMAKE_PREFIX_PATH=/rmf_demos_ws/install/rmf_workcell_msgs:/rmf_demos_ws/install/rmf_demos_gz:/rmf_demos_ws/install/rmf_demos:/rmf_demos_ws/install/rmf_reservation_node:/rmf_demos_ws/install/rmf_fleet_adapter_python:/rmf_demos_ws/install/rmf_fleet_adapter:/rmf_demos_ws/install/rmf_task_ros2:/rmf_demos_ws/install/rmf_websocket:/rmf_demos_ws/install/rmf_visualization:/rmf_demos_ws/install/rmf_visualization_schedule:/rmf_demos_ws/install/rmf_visualization_rviz2_plugins:/rmf_demos_ws/install/rmf_visualization_obstacles:/rmf_demos_ws/install/rmf_visualization_navgraphs:/rmf_demos_ws/install/rmf_visualization_floorplans:/rmf_demos_ws/install/rmf_visualization_fleet_states:/rmf_demos_ws/install/rmf_visualization_msgs:/rmf_demos_ws/install/rmf_traffic_ros2:/rmf_demos_ws/install/rmf_task_sequence:/rmf_demos_ws/install/rmf_task:/rmf_demos_ws/install/rmf_battery:/rmf_demos_ws/install/rmf_traffic:/rmf_demos_ws/install/rmf_utils:/rmf_demos_ws/install/rmf_traffic_msgs:/rmf_demos_ws/install/rmf_traffic_editor_test_maps:/rmf_demos_ws/install/rmf_traffic_editor_assets:/rmf_demos_ws/install/rmf_traffic_editor:/rmf_demos_ws/install/rmf_task_msgs:/rmf_demos_ws/install/rmf_site_map_msgs:/rmf_demos_ws/install/rmf_scheduler_msgs:/rmf_demos_ws/install/rmf_robot_sim_gz_plugins:/rmf_demos_ws/install/rmf_robot_sim_common:/rmf_demos_ws/install/rmf_reservation_msgs:/rmf_demos_ws/install/rmf_obstacle_msgs:/rmf_demos_ws/install/rmf_building_sim_gz_plugins:/rmf_demos_ws/install/rmf_lift_msgs:/rmf_demos_ws/install/rmf_ingestor_msgs:/rmf_demos_ws/install/rmf_fleet_msgs:/rmf_demos_ws/install/rmf_door_msgs:/rmf_demos_ws/install/rmf_dispenser_msgs:/rmf_demos_ws/install/rmf_demos_maps:/rmf_demos_ws/install/rmf_demos_assets:/rmf_demos_ws/install/rmf_charger_msgs:/rmf_demos_ws/install/rmf_building_map_msgs:/rmf_demos_ws/install/rmf_api_msgs:/rmf_demos_ws/install/nlohmann_json_schema_validator_vendor:/rmf_demos_ws/install/rmf_demos_fleet_adapter:/rmf_demos_ws/install/rmf_visualization_building_systems:/rmf_demos_ws/install/rmf_traffic_examples:/rmf_demos_ws/install/rmf_demos_bridges:/rmf_demos_ws/install/rmf_demos_tasks:/rmf_demos_ws/install/rmf_building_map_tools:/rmf_demos_ws/install/rmf_charging_schedule:/opt/ros/jazzy:/rmf_demos_ws/install/menge_vendor:/rmf_demos_ws/install/ament_cmake_catch2:/opt/ros/jazzy/opt/gz_sim_vendor:/opt/ros/jazzy/opt/gz_sensors_vendor:/opt/ros/jazzy/opt/gz_physics_vendor:/opt/ros/jazzy/opt/sdformat_vendor:/opt/ros/jazzy/opt/gz_gui_vendor:/opt/ros/jazzy/opt/gz_transport_vendor:/opt/ros/jazzy/opt/gz_rendering_vendor:/opt/ros/jazzy/opt/gz_plugin_vendor:/opt/ros/jazzy/opt/gz_fuel_tools_vendor:/opt/ros/jazzy/opt/gz_msgs_vendor:/opt/ros/jazzy/opt/gz_common_vendor:/opt/ros/jazzy/opt/gz_math_vendor:/opt/ros/jazzy/opt/gz_utils_vendor:/opt/ros/jazzy/opt/gz_tools_vendor:/opt/ros/jazzy/opt/gz_ogre_next_vendor:/opt/ros/jazzy/opt/gz_dartsim_vendor:/opt/ros/jazzy/opt/gz_cmake_vendor /usr/bin/cmake --install /home/maria/rmf_ws/build/project_simulation
[58.176s] Level 1:colcon.colcon_core.environment:checking '/home/maria/rmf_ws/install/project_simulation' for CMake config files
[58.177s] Level 1:colcon.colcon_core.shell:create_environment_hook('project_simulation', 'cmake_prefix_path')
[58.177s] INFO:colcon.colcon_core.shell:Creating environment hook '/home/maria/rmf_ws/install/project_simulation/share/project_simulation/hook/cmake_prefix_path.ps1'
[58.178s] INFO:colcon.colcon_core.shell:Creating environment descriptor '/home/maria/rmf_ws/install/project_simulation/share/project_simulation/hook/cmake_prefix_path.dsv'
[58.178s] INFO:colcon.colcon_core.shell:Creating environment hook '/home/maria/rmf_ws/install/project_simulation/share/project_simulation/hook/cmake_prefix_path.sh'
[58.179s] Level 1:colcon.colcon_core.environment:checking '/home/maria/rmf_ws/install/project_simulation/bin'
[58.179s] Level 1:colcon.colcon_core.environment:checking '/home/maria/rmf_ws/install/project_simulation/lib/pkgconfig/project_simulation.pc'
[58.180s] Level 1:colcon.colcon_core.environment:checking '/home/maria/rmf_ws/install/project_simulation/lib/python3.12/site-packages'
[58.181s] Level 1:colcon.colcon_core.environment:checking '/home/maria/rmf_ws/install/project_simulation/bin'
[58.181s] INFO:colcon.colcon_core.shell:Creating package script '/home/maria/rmf_ws/install/project_simulation/share/project_simulation/package.ps1'
[58.182s] INFO:colcon.colcon_core.shell:Creating package descriptor '/home/maria/rmf_ws/install/project_simulation/share/project_simulation/package.dsv'
[58.182s] INFO:colcon.colcon_core.shell:Creating package script '/home/maria/rmf_ws/install/project_simulation/share/project_simulation/package.sh'
[58.183s] INFO:colcon.colcon_core.shell:Creating package script '/home/maria/rmf_ws/install/project_simulation/share/project_simulation/package.bash'
[58.183s] INFO:colcon.colcon_core.shell:Creating package script '/home/maria/rmf_ws/install/project_simulation/share/project_simulation/package.zsh'
[58.184s] Level 1:colcon.colcon_core.environment:create_file_with_runtime_dependencies(/home/maria/rmf_ws/install/project_simulation/share/colcon-core/packages/project_simulation)
[58.184s] Level 1:colcon.colcon_core.environment:create_environment_scripts_only(project_simulation)
[58.185s] Level 1:colcon.colcon_core.environment:checking '/home/maria/rmf_ws/install/project_simulation' for CMake module files
[58.185s] Level 1:colcon.colcon_core.environment:checking '/home/maria/rmf_ws/install/project_simulation' for CMake config files
[58.186s] Level 1:colcon.colcon_core.shell:create_environment_hook('project_simulation', 'cmake_prefix_path')
[58.186s] INFO:colcon.colcon_core.shell:Creating environment hook '/home/maria/rmf_ws/install/project_simulation/share/project_simulation/hook/cmake_prefix_path.ps1'
[58.187s] INFO:colcon.colcon_core.shell:Creating environment descriptor '/home/maria/rmf_ws/install/project_simulation/share/project_simulation/hook/cmake_prefix_path.dsv'
[58.187s] INFO:colcon.colcon_core.shell:Creating environment hook '/home/maria/rmf_ws/install/project_simulation/share/project_simulation/hook/cmake_prefix_path.sh'
[58.188s] Level 1:colcon.colcon_core.environment:checking '/home/maria/rmf_ws/install/project_simulation/bin'
[58.188s] Level 1:colcon.colcon_core.environment:checking '/home/maria/rmf_ws/install/project_simulation/lib/pkgconfig/project_simulation.pc'
[58.188s] Level 1:colcon.colcon_core.environment:checking '/home/maria/rmf_ws/install/project_simulation/lib/python3.12/site-packages'
[58.189s] Level 1:colcon.colcon_core.environment:checking '/home/maria/rmf_ws/install/project_simulation/bin'
[58.189s] INFO:colcon.colcon_core.shell:Creating package script '/home/maria/rmf_ws/install/project_simulation/share/project_simulation/package.ps1'
[58.190s] INFO:colcon.colcon_core.shell:Creating package descriptor '/home/maria/rmf_ws/install/project_simulation/share/project_simulation/package.dsv'
[58.191s] INFO:colcon.colcon_core.shell:Creating package script '/home/maria/rmf_ws/install/project_simulation/share/project_simulation/package.sh'
[58.191s] INFO:colcon.colcon_core.shell:Creating package script '/home/maria/rmf_ws/install/project_simulation/share/project_simulation/package.bash'
[58.192s] INFO:colcon.colcon_core.shell:Creating package script '/home/maria/rmf_ws/install/project_simulation/share/project_simulation/package.zsh'
[58.192s] Level 1:colcon.colcon_core.environment:create_file_with_runtime_dependencies(/home/maria/rmf_ws/install/project_simulation/share/colcon-core/packages/project_simulation)
[61.604s] DEBUG:colcon.colcon_core.event_handler.log_command:Invoked command in '/home/maria/rmf_ws/build/rmf_building_sim_gz_plugins' returned '0': CMAKE_PREFIX_PATH=/rmf_demos_ws/install/rmf_workcell_msgs:/rmf_demos_ws/install/rmf_demos_gz:/rmf_demos_ws/install/rmf_demos:/rmf_demos_ws/install/rmf_reservation_node:/rmf_demos_ws/install/rmf_fleet_adapter_python:/rmf_demos_ws/install/rmf_fleet_adapter:/rmf_demos_ws/install/rmf_task_ros2:/rmf_demos_ws/install/rmf_websocket:/rmf_demos_ws/install/rmf_visualization:/rmf_demos_ws/install/rmf_visualization_schedule:/rmf_demos_ws/install/rmf_visualization_rviz2_plugins:/rmf_demos_ws/install/rmf_visualization_obstacles:/rmf_demos_ws/install/rmf_visualization_navgraphs:/rmf_demos_ws/install/rmf_visualization_floorplans:/rmf_demos_ws/install/rmf_visualization_fleet_states:/rmf_demos_ws/install/rmf_visualization_msgs:/rmf_demos_ws/install/rmf_traffic_ros2:/rmf_demos_ws/install/rmf_task_sequence:/rmf_demos_ws/install/rmf_task:/rmf_demos_ws/install/rmf_battery:/rmf_demos_ws/install/rmf_traffic:/rmf_demos_ws/install/rmf_utils:/rmf_demos_ws/install/rmf_traffic_msgs:/rmf_demos_ws/install/rmf_traffic_editor_test_maps:/rmf_demos_ws/install/rmf_traffic_editor_assets:/rmf_demos_ws/install/rmf_traffic_editor:/rmf_demos_ws/install/rmf_task_msgs:/rmf_demos_ws/install/rmf_site_map_msgs:/rmf_demos_ws/install/rmf_scheduler_msgs:/rmf_demos_ws/install/rmf_robot_sim_gz_plugins:/rmf_demos_ws/install/rmf_robot_sim_common:/rmf_demos_ws/install/rmf_reservation_msgs:/rmf_demos_ws/install/rmf_obstacle_msgs:/rmf_demos_ws/install/rmf_building_sim_gz_plugins:/rmf_demos_ws/install/rmf_lift_msgs:/rmf_demos_ws/install/rmf_ingestor_msgs:/rmf_demos_ws/install/rmf_fleet_msgs:/rmf_demos_ws/install/rmf_door_msgs:/rmf_demos_ws/install/rmf_dispenser_msgs:/rmf_demos_ws/install/rmf_demos_maps:/rmf_demos_ws/install/rmf_demos_assets:/rmf_demos_ws/install/rmf_charger_msgs:/rmf_demos_ws/install/rmf_building_map_msgs:/rmf_demos_ws/install/rmf_api_msgs:/rmf_demos_ws/install/nlohmann_json_schema_validator_vendor:/rmf_demos_ws/install/rmf_demos_fleet_adapter:/rmf_demos_ws/install/rmf_visualization_building_systems:/rmf_demos_ws/install/rmf_traffic_examples:/rmf_demos_ws/install/rmf_demos_bridges:/rmf_demos_ws/install/rmf_demos_tasks:/rmf_demos_ws/install/rmf_building_map_tools:/rmf_demos_ws/install/rmf_charging_schedule:/opt/ros/jazzy:/rmf_demos_ws/install/menge_vendor:/rmf_demos_ws/install/ament_cmake_catch2:/opt/ros/jazzy/opt/gz_sim_vendor:/opt/ros/jazzy/opt/gz_sensors_vendor:/opt/ros/jazzy/opt/gz_physics_vendor:/opt/ros/jazzy/opt/sdformat_vendor:/opt/ros/jazzy/opt/gz_gui_vendor:/opt/ros/jazzy/opt/gz_transport_vendor:/opt/ros/jazzy/opt/gz_rendering_vendor:/opt/ros/jazzy/opt/gz_plugin_vendor:/opt/ros/jazzy/opt/gz_fuel_tools_vendor:/opt/ros/jazzy/opt/gz_msgs_vendor:/opt/ros/jazzy/opt/gz_common_vendor:/opt/ros/jazzy/opt/gz_math_vendor:/opt/ros/jazzy/opt/gz_utils_vendor:/opt/ros/jazzy/opt/gz_tools_vendor:/opt/ros/jazzy/opt/gz_ogre_next_vendor:/opt/ros/jazzy/opt/gz_dartsim_vendor:/opt/ros/jazzy/opt/gz_cmake_vendor /usr/bin/cmake --build /home/maria/rmf_ws/build/rmf_building_sim_gz_plugins -- -j8 -l8
[61.605s] DEBUG:colcon.colcon_core.event_handler.log_command:Invoking command in '/home/maria/rmf_ws/build/rmf_building_sim_gz_plugins': CMAKE_PREFIX_PATH=/rmf_demos_ws/install/rmf_workcell_msgs:/rmf_demos_ws/install/rmf_demos_gz:/rmf_demos_ws/install/rmf_demos:/rmf_demos_ws/install/rmf_reservation_node:/rmf_demos_ws/install/rmf_fleet_adapter_python:/rmf_demos_ws/install/rmf_fleet_adapter:/rmf_demos_ws/install/rmf_task_ros2:/rmf_demos_ws/install/rmf_websocket:/rmf_demos_ws/install/rmf_visualization:/rmf_demos_ws/install/rmf_visualization_schedule:/rmf_demos_ws/install/rmf_visualization_rviz2_plugins:/rmf_demos_ws/install/rmf_visualization_obstacles:/rmf_demos_ws/install/rmf_visualization_navgraphs:/rmf_demos_ws/install/rmf_visualization_floorplans:/rmf_demos_ws/install/rmf_visualization_fleet_states:/rmf_demos_ws/install/rmf_visualization_msgs:/rmf_demos_ws/install/rmf_traffic_ros2:/rmf_demos_ws/install/rmf_task_sequence:/rmf_demos_ws/install/rmf_task:/rmf_demos_ws/install/rmf_battery:/rmf_demos_ws/install/rmf_traffic:/rmf_demos_ws/install/rmf_utils:/rmf_demos_ws/install/rmf_traffic_msgs:/rmf_demos_ws/install/rmf_traffic_editor_test_maps:/rmf_demos_ws/install/rmf_traffic_editor_assets:/rmf_demos_ws/install/rmf_traffic_editor:/rmf_demos_ws/install/rmf_task_msgs:/rmf_demos_ws/install/rmf_site_map_msgs:/rmf_demos_ws/install/rmf_scheduler_msgs:/rmf_demos_ws/install/rmf_robot_sim_gz_plugins:/rmf_demos_ws/install/rmf_robot_sim_common:/rmf_demos_ws/install/rmf_reservation_msgs:/rmf_demos_ws/install/rmf_obstacle_msgs:/rmf_demos_ws/install/rmf_building_sim_gz_plugins:/rmf_demos_ws/install/rmf_lift_msgs:/rmf_demos_ws/install/rmf_ingestor_msgs:/rmf_demos_ws/install/rmf_fleet_msgs:/rmf_demos_ws/install/rmf_door_msgs:/rmf_demos_ws/install/rmf_dispenser_msgs:/rmf_demos_ws/install/rmf_demos_maps:/rmf_demos_ws/install/rmf_demos_assets:/rmf_demos_ws/install/rmf_charger_msgs:/rmf_demos_ws/install/rmf_building_map_msgs:/rmf_demos_ws/install/rmf_api_msgs:/rmf_demos_ws/install/nlohmann_json_schema_validator_vendor:/rmf_demos_ws/install/rmf_demos_fleet_adapter:/rmf_demos_ws/install/rmf_visualization_building_systems:/rmf_demos_ws/install/rmf_traffic_examples:/rmf_demos_ws/install/rmf_demos_bridges:/rmf_demos_ws/install/rmf_demos_tasks:/rmf_demos_ws/install/rmf_building_map_tools:/rmf_demos_ws/install/rmf_charging_schedule:/opt/ros/jazzy:/rmf_demos_ws/install/menge_vendor:/rmf_demos_ws/install/ament_cmake_catch2:/opt/ros/jazzy/opt/gz_sim_vendor:/opt/ros/jazzy/opt/gz_sensors_vendor:/opt/ros/jazzy/opt/gz_physics_vendor:/opt/ros/jazzy/opt/sdformat_vendor:/opt/ros/jazzy/opt/gz_gui_vendor:/opt/ros/jazzy/opt/gz_transport_vendor:/opt/ros/jazzy/opt/gz_rendering_vendor:/opt/ros/jazzy/opt/gz_plugin_vendor:/opt/ros/jazzy/opt/gz_fuel_tools_vendor:/opt/ros/jazzy/opt/gz_msgs_vendor:/opt/ros/jazzy/opt/gz_common_vendor:/opt/ros/jazzy/opt/gz_math_vendor:/opt/ros/jazzy/opt/gz_utils_vendor:/opt/ros/jazzy/opt/gz_tools_vendor:/opt/ros/jazzy/opt/gz_ogre_next_vendor:/opt/ros/jazzy/opt/gz_dartsim_vendor:/opt/ros/jazzy/opt/gz_cmake_vendor /usr/bin/cmake --install /home/maria/rmf_ws/build/rmf_building_sim_gz_plugins
[61.776s] DEBUG:colcon.colcon_core.event_handler.log_command:Invoked command in '/home/maria/rmf_ws/build/rmf_visualization_rviz2_plugins' returned '0': CMAKE_PREFIX_PATH=/rmf_demos_ws/install/rmf_workcell_msgs:/rmf_demos_ws/install/rmf_demos_gz:/rmf_demos_ws/install/rmf_demos:/rmf_demos_ws/install/rmf_reservation_node:/rmf_demos_ws/install/rmf_fleet_adapter_python:/rmf_demos_ws/install/rmf_fleet_adapter:/rmf_demos_ws/install/rmf_task_ros2:/rmf_demos_ws/install/rmf_websocket:/rmf_demos_ws/install/rmf_visualization:/rmf_demos_ws/install/rmf_visualization_schedule:/rmf_demos_ws/install/rmf_visualization_rviz2_plugins:/rmf_demos_ws/install/rmf_visualization_obstacles:/rmf_demos_ws/install/rmf_visualization_navgraphs:/rmf_demos_ws/install/rmf_visualization_floorplans:/rmf_demos_ws/install/rmf_visualization_fleet_states:/rmf_demos_ws/install/rmf_visualization_msgs:/rmf_demos_ws/install/rmf_traffic_ros2:/rmf_demos_ws/install/rmf_task_sequence:/rmf_demos_ws/install/rmf_task:/rmf_demos_ws/install/rmf_battery:/rmf_demos_ws/install/rmf_traffic:/rmf_demos_ws/install/rmf_utils:/rmf_demos_ws/install/rmf_traffic_msgs:/rmf_demos_ws/install/rmf_traffic_editor_test_maps:/rmf_demos_ws/install/rmf_traffic_editor_assets:/rmf_demos_ws/install/rmf_traffic_editor:/rmf_demos_ws/install/rmf_task_msgs:/rmf_demos_ws/install/rmf_site_map_msgs:/rmf_demos_ws/install/rmf_scheduler_msgs:/rmf_demos_ws/install/rmf_robot_sim_gz_plugins:/rmf_demos_ws/install/rmf_robot_sim_common:/rmf_demos_ws/install/rmf_reservation_msgs:/rmf_demos_ws/install/rmf_obstacle_msgs:/rmf_demos_ws/install/rmf_building_sim_gz_plugins:/rmf_demos_ws/install/rmf_lift_msgs:/rmf_demos_ws/install/rmf_ingestor_msgs:/rmf_demos_ws/install/rmf_fleet_msgs:/rmf_demos_ws/install/rmf_door_msgs:/rmf_demos_ws/install/rmf_dispenser_msgs:/rmf_demos_ws/install/rmf_demos_maps:/rmf_demos_ws/install/rmf_demos_assets:/rmf_demos_ws/install/rmf_charger_msgs:/rmf_demos_ws/install/rmf_building_map_msgs:/rmf_demos_ws/install/rmf_api_msgs:/rmf_demos_ws/install/nlohmann_json_schema_validator_vendor:/rmf_demos_ws/install/rmf_demos_fleet_adapter:/rmf_demos_ws/install/rmf_visualization_building_systems:/rmf_demos_ws/install/rmf_traffic_examples:/rmf_demos_ws/install/rmf_demos_bridges:/rmf_demos_ws/install/rmf_demos_tasks:/rmf_demos_ws/install/rmf_building_map_tools:/rmf_demos_ws/install/rmf_charging_schedule:/opt/ros/jazzy:/rmf_demos_ws/install/menge_vendor:/rmf_demos_ws/install/ament_cmake_catch2:/opt/ros/jazzy/opt/gz_sim_vendor:/opt/ros/jazzy/opt/gz_sensors_vendor:/opt/ros/jazzy/opt/gz_physics_vendor:/opt/ros/jazzy/opt/sdformat_vendor:/opt/ros/jazzy/opt/gz_gui_vendor:/opt/ros/jazzy/opt/gz_transport_vendor:/opt/ros/jazzy/opt/gz_rendering_vendor:/opt/ros/jazzy/opt/gz_plugin_vendor:/opt/ros/jazzy/opt/gz_fuel_tools_vendor:/opt/ros/jazzy/opt/gz_msgs_vendor:/opt/ros/jazzy/opt/gz_common_vendor:/opt/ros/jazzy/opt/gz_math_vendor:/opt/ros/jazzy/opt/gz_utils_vendor:/opt/ros/jazzy/opt/gz_tools_vendor:/opt/ros/jazzy/opt/gz_ogre_next_vendor:/opt/ros/jazzy/opt/gz_dartsim_vendor:/opt/ros/jazzy/opt/gz_cmake_vendor /usr/bin/cmake --build /home/maria/rmf_ws/build/rmf_visualization_rviz2_plugins -- -j8 -l8
[61.778s] DEBUG:colcon.colcon_core.event_handler.log_command:Invoking command in '/home/maria/rmf_ws/build/rmf_visualization_rviz2_plugins': CMAKE_PREFIX_PATH=/rmf_demos_ws/install/rmf_workcell_msgs:/rmf_demos_ws/install/rmf_demos_gz:/rmf_demos_ws/install/rmf_demos:/rmf_demos_ws/install/rmf_reservation_node:/rmf_demos_ws/install/rmf_fleet_adapter_python:/rmf_demos_ws/install/rmf_fleet_adapter:/rmf_demos_ws/install/rmf_task_ros2:/rmf_demos_ws/install/rmf_websocket:/rmf_demos_ws/install/rmf_visualization:/rmf_demos_ws/install/rmf_visualization_schedule:/rmf_demos_ws/install/rmf_visualization_rviz2_plugins:/rmf_demos_ws/install/rmf_visualization_obstacles:/rmf_demos_ws/install/rmf_visualization_navgraphs:/rmf_demos_ws/install/rmf_visualization_floorplans:/rmf_demos_ws/install/rmf_visualization_fleet_states:/rmf_demos_ws/install/rmf_visualization_msgs:/rmf_demos_ws/install/rmf_traffic_ros2:/rmf_demos_ws/install/rmf_task_sequence:/rmf_demos_ws/install/rmf_task:/rmf_demos_ws/install/rmf_battery:/rmf_demos_ws/install/rmf_traffic:/rmf_demos_ws/install/rmf_utils:/rmf_demos_ws/install/rmf_traffic_msgs:/rmf_demos_ws/install/rmf_traffic_editor_test_maps:/rmf_demos_ws/install/rmf_traffic_editor_assets:/rmf_demos_ws/install/rmf_traffic_editor:/rmf_demos_ws/install/rmf_task_msgs:/rmf_demos_ws/install/rmf_site_map_msgs:/rmf_demos_ws/install/rmf_scheduler_msgs:/rmf_demos_ws/install/rmf_robot_sim_gz_plugins:/rmf_demos_ws/install/rmf_robot_sim_common:/rmf_demos_ws/install/rmf_reservation_msgs:/rmf_demos_ws/install/rmf_obstacle_msgs:/rmf_demos_ws/install/rmf_building_sim_gz_plugins:/rmf_demos_ws/install/rmf_lift_msgs:/rmf_demos_ws/install/rmf_ingestor_msgs:/rmf_demos_ws/install/rmf_fleet_msgs:/rmf_demos_ws/install/rmf_door_msgs:/rmf_demos_ws/install/rmf_dispenser_msgs:/rmf_demos_ws/install/rmf_demos_maps:/rmf_demos_ws/install/rmf_demos_assets:/rmf_demos_ws/install/rmf_charger_msgs:/rmf_demos_ws/install/rmf_building_map_msgs:/rmf_demos_ws/install/rmf_api_msgs:/rmf_demos_ws/install/nlohmann_json_schema_validator_vendor:/rmf_demos_ws/install/rmf_demos_fleet_adapter:/rmf_demos_ws/install/rmf_visualization_building_systems:/rmf_demos_ws/install/rmf_traffic_examples:/rmf_demos_ws/install/rmf_demos_bridges:/rmf_demos_ws/install/rmf_demos_tasks:/rmf_demos_ws/install/rmf_building_map_tools:/rmf_demos_ws/install/rmf_charging_schedule:/opt/ros/jazzy:/rmf_demos_ws/install/menge_vendor:/rmf_demos_ws/install/ament_cmake_catch2:/opt/ros/jazzy/opt/gz_sim_vendor:/opt/ros/jazzy/opt/gz_sensors_vendor:/opt/ros/jazzy/opt/gz_physics_vendor:/opt/ros/jazzy/opt/sdformat_vendor:/opt/ros/jazzy/opt/gz_gui_vendor:/opt/ros/jazzy/opt/gz_transport_vendor:/opt/ros/jazzy/opt/gz_rendering_vendor:/opt/ros/jazzy/opt/gz_plugin_vendor:/opt/ros/jazzy/opt/gz_fuel_tools_vendor:/opt/ros/jazzy/opt/gz_msgs_vendor:/opt/ros/jazzy/opt/gz_common_vendor:/opt/ros/jazzy/opt/gz_math_vendor:/opt/ros/jazzy/opt/gz_utils_vendor:/opt/ros/jazzy/opt/gz_tools_vendor:/opt/ros/jazzy/opt/gz_ogre_next_vendor:/opt/ros/jazzy/opt/gz_dartsim_vendor:/opt/ros/jazzy/opt/gz_cmake_vendor /usr/bin/cmake --install /home/maria/rmf_ws/build/rmf_visualization_rviz2_plugins
[61.948s] Level 1:colcon.colcon_core.environment:create_environment_scripts_only(rmf_building_sim_gz_plugins)
[61.948s] Level 1:colcon.colcon_core.environment:checking '/home/maria/rmf_ws/install/rmf_building_sim_gz_plugins' for CMake module files
[61.948s] DEBUG:colcon.colcon_core.event_handler.log_command:Invoked command in '/home/maria/rmf_ws/build/rmf_building_sim_gz_plugins' returned '0': CMAKE_PREFIX_PATH=/rmf_demos_ws/install/rmf_workcell_msgs:/rmf_demos_ws/install/rmf_demos_gz:/rmf_demos_ws/install/rmf_demos:/rmf_demos_ws/install/rmf_reservation_node:/rmf_demos_ws/install/rmf_fleet_adapter_python:/rmf_demos_ws/install/rmf_fleet_adapter:/rmf_demos_ws/install/rmf_task_ros2:/rmf_demos_ws/install/rmf_websocket:/rmf_demos_ws/install/rmf_visualization:/rmf_demos_ws/install/rmf_visualization_schedule:/rmf_demos_ws/install/rmf_visualization_rviz2_plugins:/rmf_demos_ws/install/rmf_visualization_obstacles:/rmf_demos_ws/install/rmf_visualization_navgraphs:/rmf_demos_ws/install/rmf_visualization_floorplans:/rmf_demos_ws/install/rmf_visualization_fleet_states:/rmf_demos_ws/install/rmf_visualization_msgs:/rmf_demos_ws/install/rmf_traffic_ros2:/rmf_demos_ws/install/rmf_task_sequence:/rmf_demos_ws/install/rmf_task:/rmf_demos_ws/install/rmf_battery:/rmf_demos_ws/install/rmf_traffic:/rmf_demos_ws/install/rmf_utils:/rmf_demos_ws/install/rmf_traffic_msgs:/rmf_demos_ws/install/rmf_traffic_editor_test_maps:/rmf_demos_ws/install/rmf_traffic_editor_assets:/rmf_demos_ws/install/rmf_traffic_editor:/rmf_demos_ws/install/rmf_task_msgs:/rmf_demos_ws/install/rmf_site_map_msgs:/rmf_demos_ws/install/rmf_scheduler_msgs:/rmf_demos_ws/install/rmf_robot_sim_gz_plugins:/rmf_demos_ws/install/rmf_robot_sim_common:/rmf_demos_ws/install/rmf_reservation_msgs:/rmf_demos_ws/install/rmf_obstacle_msgs:/rmf_demos_ws/install/rmf_building_sim_gz_plugins:/rmf_demos_ws/install/rmf_lift_msgs:/rmf_demos_ws/install/rmf_ingestor_msgs:/rmf_demos_ws/install/rmf_fleet_msgs:/rmf_demos_ws/install/rmf_door_msgs:/rmf_demos_ws/install/rmf_dispenser_msgs:/rmf_demos_ws/install/rmf_demos_maps:/rmf_demos_ws/install/rmf_demos_assets:/rmf_demos_ws/install/rmf_charger_msgs:/rmf_demos_ws/install/rmf_building_map_msgs:/rmf_demos_ws/install/rmf_api_msgs:/rmf_demos_ws/install/nlohmann_json_schema_validator_vendor:/rmf_demos_ws/install/rmf_demos_fleet_adapter:/rmf_demos_ws/install/rmf_visualization_building_systems:/rmf_demos_ws/install/rmf_traffic_examples:/rmf_demos_ws/install/rmf_demos_bridges:/rmf_demos_ws/install/rmf_demos_tasks:/rmf_demos_ws/install/rmf_building_map_tools:/rmf_demos_ws/install/rmf_charging_schedule:/opt/ros/jazzy:/rmf_demos_ws/install/menge_vendor:/rmf_demos_ws/install/ament_cmake_catch2:/opt/ros/jazzy/opt/gz_sim_vendor:/opt/ros/jazzy/opt/gz_sensors_vendor:/opt/ros/jazzy/opt/gz_physics_vendor:/opt/ros/jazzy/opt/sdformat_vendor:/opt/ros/jazzy/opt/gz_gui_vendor:/opt/ros/jazzy/opt/gz_transport_vendor:/opt/ros/jazzy/opt/gz_rendering_vendor:/opt/ros/jazzy/opt/gz_plugin_vendor:/opt/ros/jazzy/opt/gz_fuel_tools_vendor:/opt/ros/jazzy/opt/gz_msgs_vendor:/opt/ros/jazzy/opt/gz_common_vendor:/opt/ros/jazzy/opt/gz_math_vendor:/opt/ros/jazzy/opt/gz_utils_vendor:/opt/ros/jazzy/opt/gz_tools_vendor:/opt/ros/jazzy/opt/gz_ogre_next_vendor:/opt/ros/jazzy/opt/gz_dartsim_vendor:/opt/ros/jazzy/opt/gz_cmake_vendor /usr/bin/cmake --install /home/maria/rmf_ws/build/rmf_building_sim_gz_plugins
[61.949s] Level 1:colcon.colcon_core.environment:checking '/home/maria/rmf_ws/install/rmf_building_sim_gz_plugins' for CMake config files
[61.950s] Level 1:colcon.colcon_core.shell:create_environment_hook('rmf_building_sim_gz_plugins', 'cmake_prefix_path')
[61.950s] INFO:colcon.colcon_core.shell:Creating environment hook '/home/maria/rmf_ws/install/rmf_building_sim_gz_plugins/share/rmf_building_sim_gz_plugins/hook/cmake_prefix_path.ps1'
[61.951s] INFO:colcon.colcon_core.shell:Creating environment descriptor '/home/maria/rmf_ws/install/rmf_building_sim_gz_plugins/share/rmf_building_sim_gz_plugins/hook/cmake_prefix_path.dsv'
[61.951s] INFO:colcon.colcon_core.shell:Creating environment hook '/home/maria/rmf_ws/install/rmf_building_sim_gz_plugins/share/rmf_building_sim_gz_plugins/hook/cmake_prefix_path.sh'
[61.952s] Level 1:colcon.colcon_core.environment:checking '/home/maria/rmf_ws/install/rmf_building_sim_gz_plugins/lib'
[61.952s] Level 1:colcon.colcon_core.environment:checking '/home/maria/rmf_ws/install/rmf_building_sim_gz_plugins/bin'
[61.952s] Level 1:colcon.colcon_core.environment:checking '/home/maria/rmf_ws/install/rmf_building_sim_gz_plugins/lib/pkgconfig/rmf_building_sim_gz_plugins.pc'
[61.953s] Level 1:colcon.colcon_core.environment:checking '/home/maria/rmf_ws/install/rmf_building_sim_gz_plugins/lib/python3.12/site-packages'
[61.953s] Level 1:colcon.colcon_core.environment:checking '/home/maria/rmf_ws/install/rmf_building_sim_gz_plugins/bin'
[61.954s] INFO:colcon.colcon_core.shell:Creating package script '/home/maria/rmf_ws/install/rmf_building_sim_gz_plugins/share/rmf_building_sim_gz_plugins/package.ps1'
[61.954s] INFO:colcon.colcon_core.shell:Creating package descriptor '/home/maria/rmf_ws/install/rmf_building_sim_gz_plugins/share/rmf_building_sim_gz_plugins/package.dsv'
[61.955s] INFO:colcon.colcon_core.shell:Creating package script '/home/maria/rmf_ws/install/rmf_building_sim_gz_plugins/share/rmf_building_sim_gz_plugins/package.sh'
[61.956s] INFO:colcon.colcon_core.shell:Creating package script '/home/maria/rmf_ws/install/rmf_building_sim_gz_plugins/share/rmf_building_sim_gz_plugins/package.bash'
[61.956s] INFO:colcon.colcon_core.shell:Creating package script '/home/maria/rmf_ws/install/rmf_building_sim_gz_plugins/share/rmf_building_sim_gz_plugins/package.zsh'
[61.957s] Level 1:colcon.colcon_core.environment:create_file_with_runtime_dependencies(/home/maria/rmf_ws/install/rmf_building_sim_gz_plugins/share/colcon-core/packages/rmf_building_sim_gz_plugins)
[61.958s] Level 1:colcon.colcon_core.environment:create_environment_scripts_only(rmf_building_sim_gz_plugins)
[61.958s] Level 1:colcon.colcon_core.environment:checking '/home/maria/rmf_ws/install/rmf_building_sim_gz_plugins' for CMake module files
[61.959s] Level 1:colcon.colcon_core.environment:checking '/home/maria/rmf_ws/install/rmf_building_sim_gz_plugins' for CMake config files
[61.960s] Level 1:colcon.colcon_core.shell:create_environment_hook('rmf_building_sim_gz_plugins', 'cmake_prefix_path')
[61.960s] INFO:colcon.colcon_core.shell:Creating environment hook '/home/maria/rmf_ws/install/rmf_building_sim_gz_plugins/share/rmf_building_sim_gz_plugins/hook/cmake_prefix_path.ps1'
[61.961s] INFO:colcon.colcon_core.shell:Creating environment descriptor '/home/maria/rmf_ws/install/rmf_building_sim_gz_plugins/share/rmf_building_sim_gz_plugins/hook/cmake_prefix_path.dsv'
[61.961s] INFO:colcon.colcon_core.shell:Creating environment hook '/home/maria/rmf_ws/install/rmf_building_sim_gz_plugins/share/rmf_building_sim_gz_plugins/hook/cmake_prefix_path.sh'
[61.962s] Level 1:colcon.colcon_core.environment:checking '/home/maria/rmf_ws/install/rmf_building_sim_gz_plugins/lib'
[61.962s] Level 1:colcon.colcon_core.environment:checking '/home/maria/rmf_ws/install/rmf_building_sim_gz_plugins/bin'
[61.962s] Level 1:colcon.colcon_core.environment:checking '/home/maria/rmf_ws/install/rmf_building_sim_gz_plugins/lib/pkgconfig/rmf_building_sim_gz_plugins.pc'
[61.962s] Level 1:colcon.colcon_core.environment:checking '/home/maria/rmf_ws/install/rmf_building_sim_gz_plugins/lib/python3.12/site-packages'
[61.963s] Level 1:colcon.colcon_core.environment:checking '/home/maria/rmf_ws/install/rmf_building_sim_gz_plugins/bin'
[61.963s] INFO:colcon.colcon_core.shell:Creating package script '/home/maria/rmf_ws/install/rmf_building_sim_gz_plugins/share/rmf_building_sim_gz_plugins/package.ps1'
[61.964s] INFO:colcon.colcon_core.shell:Creating package descriptor '/home/maria/rmf_ws/install/rmf_building_sim_gz_plugins/share/rmf_building_sim_gz_plugins/package.dsv'
[61.965s] INFO:colcon.colcon_core.shell:Creating package script '/home/maria/rmf_ws/install/rmf_building_sim_gz_plugins/share/rmf_building_sim_gz_plugins/package.sh'
[61.965s] INFO:colcon.colcon_core.shell:Creating package script '/home/maria/rmf_ws/install/rmf_building_sim_gz_plugins/share/rmf_building_sim_gz_plugins/package.bash'
[61.966s] INFO:colcon.colcon_core.shell:Creating package script '/home/maria/rmf_ws/install/rmf_building_sim_gz_plugins/share/rmf_building_sim_gz_plugins/package.zsh'
[61.967s] Level 1:colcon.colcon_core.environment:create_file_with_runtime_dependencies(/home/maria/rmf_ws/install/rmf_building_sim_gz_plugins/share/colcon-core/packages/rmf_building_sim_gz_plugins)
[62.065s] Level 1:colcon.colcon_core.environment:create_environment_scripts_only(rmf_visualization_rviz2_plugins)
[62.066s] Level 1:colcon.colcon_core.environment:checking '/home/maria/rmf_ws/install/rmf_visualization_rviz2_plugins' for CMake module files
[62.066s] DEBUG:colcon.colcon_core.event_handler.log_command:Invoked command in '/home/maria/rmf_ws/build/rmf_visualization_rviz2_plugins' returned '0': CMAKE_PREFIX_PATH=/rmf_demos_ws/install/rmf_workcell_msgs:/rmf_demos_ws/install/rmf_demos_gz:/rmf_demos_ws/install/rmf_demos:/rmf_demos_ws/install/rmf_reservation_node:/rmf_demos_ws/install/rmf_fleet_adapter_python:/rmf_demos_ws/install/rmf_fleet_adapter:/rmf_demos_ws/install/rmf_task_ros2:/rmf_demos_ws/install/rmf_websocket:/rmf_demos_ws/install/rmf_visualization:/rmf_demos_ws/install/rmf_visualization_schedule:/rmf_demos_ws/install/rmf_visualization_rviz2_plugins:/rmf_demos_ws/install/rmf_visualization_obstacles:/rmf_demos_ws/install/rmf_visualization_navgraphs:/rmf_demos_ws/install/rmf_visualization_floorplans:/rmf_demos_ws/install/rmf_visualization_fleet_states:/rmf_demos_ws/install/rmf_visualization_msgs:/rmf_demos_ws/install/rmf_traffic_ros2:/rmf_demos_ws/install/rmf_task_sequence:/rmf_demos_ws/install/rmf_task:/rmf_demos_ws/install/rmf_battery:/rmf_demos_ws/install/rmf_traffic:/rmf_demos_ws/install/rmf_utils:/rmf_demos_ws/install/rmf_traffic_msgs:/rmf_demos_ws/install/rmf_traffic_editor_test_maps:/rmf_demos_ws/install/rmf_traffic_editor_assets:/rmf_demos_ws/install/rmf_traffic_editor:/rmf_demos_ws/install/rmf_task_msgs:/rmf_demos_ws/install/rmf_site_map_msgs:/rmf_demos_ws/install/rmf_scheduler_msgs:/rmf_demos_ws/install/rmf_robot_sim_gz_plugins:/rmf_demos_ws/install/rmf_robot_sim_common:/rmf_demos_ws/install/rmf_reservation_msgs:/rmf_demos_ws/install/rmf_obstacle_msgs:/rmf_demos_ws/install/rmf_building_sim_gz_plugins:/rmf_demos_ws/install/rmf_lift_msgs:/rmf_demos_ws/install/rmf_ingestor_msgs:/rmf_demos_ws/install/rmf_fleet_msgs:/rmf_demos_ws/install/rmf_door_msgs:/rmf_demos_ws/install/rmf_dispenser_msgs:/rmf_demos_ws/install/rmf_demos_maps:/rmf_demos_ws/install/rmf_demos_assets:/rmf_demos_ws/install/rmf_charger_msgs:/rmf_demos_ws/install/rmf_building_map_msgs:/rmf_demos_ws/install/rmf_api_msgs:/rmf_demos_ws/install/nlohmann_json_schema_validator_vendor:/rmf_demos_ws/install/rmf_demos_fleet_adapter:/rmf_demos_ws/install/rmf_visualization_building_systems:/rmf_demos_ws/install/rmf_traffic_examples:/rmf_demos_ws/install/rmf_demos_bridges:/rmf_demos_ws/install/rmf_demos_tasks:/rmf_demos_ws/install/rmf_building_map_tools:/rmf_demos_ws/install/rmf_charging_schedule:/opt/ros/jazzy:/rmf_demos_ws/install/menge_vendor:/rmf_demos_ws/install/ament_cmake_catch2:/opt/ros/jazzy/opt/gz_sim_vendor:/opt/ros/jazzy/opt/gz_sensors_vendor:/opt/ros/jazzy/opt/gz_physics_vendor:/opt/ros/jazzy/opt/sdformat_vendor:/opt/ros/jazzy/opt/gz_gui_vendor:/opt/ros/jazzy/opt/gz_transport_vendor:/opt/ros/jazzy/opt/gz_rendering_vendor:/opt/ros/jazzy/opt/gz_plugin_vendor:/opt/ros/jazzy/opt/gz_fuel_tools_vendor:/opt/ros/jazzy/opt/gz_msgs_vendor:/opt/ros/jazzy/opt/gz_common_vendor:/opt/ros/jazzy/opt/gz_math_vendor:/opt/ros/jazzy/opt/gz_utils_vendor:/opt/ros/jazzy/opt/gz_tools_vendor:/opt/ros/jazzy/opt/gz_ogre_next_vendor:/opt/ros/jazzy/opt/gz_dartsim_vendor:/opt/ros/jazzy/opt/gz_cmake_vendor /usr/bin/cmake --install /home/maria/rmf_ws/build/rmf_visualization_rviz2_plugins
[62.067s] Level 1:colcon.colcon_core.environment:checking '/home/maria/rmf_ws/install/rmf_visualization_rviz2_plugins' for CMake config files
[62.067s] Level 1:colcon.colcon_core.shell:create_environment_hook('rmf_visualization_rviz2_plugins', 'cmake_prefix_path')
[62.068s] INFO:colcon.colcon_core.shell:Creating environment hook '/home/maria/rmf_ws/install/rmf_visualization_rviz2_plugins/share/rmf_visualization_rviz2_plugins/hook/cmake_prefix_path.ps1'
[62.068s] INFO:colcon.colcon_core.shell:Creating environment descriptor '/home/maria/rmf_ws/install/rmf_visualization_rviz2_plugins/share/rmf_visualization_rviz2_plugins/hook/cmake_prefix_path.dsv'
[62.069s] INFO:colcon.colcon_core.shell:Creating environment hook '/home/maria/rmf_ws/install/rmf_visualization_rviz2_plugins/share/rmf_visualization_rviz2_plugins/hook/cmake_prefix_path.sh'
[62.070s] Level 1:colcon.colcon_core.environment:checking '/home/maria/rmf_ws/install/rmf_visualization_rviz2_plugins/lib'
[62.070s] Level 1:colcon.colcon_core.shell:create_environment_hook('rmf_visualization_rviz2_plugins', 'ld_library_path_lib')
[62.070s] INFO:colcon.colcon_core.shell:Creating environment hook '/home/maria/rmf_ws/install/rmf_visualization_rviz2_plugins/share/rmf_visualization_rviz2_plugins/hook/ld_library_path_lib.ps1'
[62.071s] INFO:colcon.colcon_core.shell:Creating environment descriptor '/home/maria/rmf_ws/install/rmf_visualization_rviz2_plugins/share/rmf_visualization_rviz2_plugins/hook/ld_library_path_lib.dsv'
[62.071s] INFO:colcon.colcon_core.shell:Creating environment hook '/home/maria/rmf_ws/install/rmf_visualization_rviz2_plugins/share/rmf_visualization_rviz2_plugins/hook/ld_library_path_lib.sh'
[62.072s] Level 1:colcon.colcon_core.environment:checking '/home/maria/rmf_ws/install/rmf_visualization_rviz2_plugins/bin'
[62.072s] Level 1:colcon.colcon_core.environment:checking '/home/maria/rmf_ws/install/rmf_visualization_rviz2_plugins/lib/pkgconfig/rmf_visualization_rviz2_plugins.pc'
[62.072s] Level 1:colcon.colcon_core.environment:checking '/home/maria/rmf_ws/install/rmf_visualization_rviz2_plugins/lib/python3.12/site-packages'
[62.073s] Level 1:colcon.colcon_core.environment:checking '/home/maria/rmf_ws/install/rmf_visualization_rviz2_plugins/bin'
[62.073s] INFO:colcon.colcon_core.shell:Creating package script '/home/maria/rmf_ws/install/rmf_visualization_rviz2_plugins/share/rmf_visualization_rviz2_plugins/package.ps1'
[62.074s] INFO:colcon.colcon_core.shell:Creating package descriptor '/home/maria/rmf_ws/install/rmf_visualization_rviz2_plugins/share/rmf_visualization_rviz2_plugins/package.dsv'
[62.075s] INFO:colcon.colcon_core.shell:Creating package script '/home/maria/rmf_ws/install/rmf_visualization_rviz2_plugins/share/rmf_visualization_rviz2_plugins/package.sh'
[62.075s] INFO:colcon.colcon_core.shell:Creating package script '/home/maria/rmf_ws/install/rmf_visualization_rviz2_plugins/share/rmf_visualization_rviz2_plugins/package.bash'
[62.076s] INFO:colcon.colcon_core.shell:Creating package script '/home/maria/rmf_ws/install/rmf_visualization_rviz2_plugins/share/rmf_visualization_rviz2_plugins/package.zsh'
[62.076s] Level 1:colcon.colcon_core.environment:create_file_with_runtime_dependencies(/home/maria/rmf_ws/install/rmf_visualization_rviz2_plugins/share/colcon-core/packages/rmf_visualization_rviz2_plugins)
[62.077s] Level 1:colcon.colcon_core.environment:create_environment_scripts_only(rmf_visualization_rviz2_plugins)
[62.077s] Level 1:colcon.colcon_core.environment:checking '/home/maria/rmf_ws/install/rmf_visualization_rviz2_plugins' for CMake module files
[62.078s] Level 1:colcon.colcon_core.environment:checking '/home/maria/rmf_ws/install/rmf_visualization_rviz2_plugins' for CMake config files
[62.078s] Level 1:colcon.colcon_core.shell:create_environment_hook('rmf_visualization_rviz2_plugins', 'cmake_prefix_path')
[62.079s] INFO:colcon.colcon_core.shell:Creating environment hook '/home/maria/rmf_ws/install/rmf_visualization_rviz2_plugins/share/rmf_visualization_rviz2_plugins/hook/cmake_prefix_path.ps1'
[62.079s] INFO:colcon.colcon_core.shell:Creating environment descriptor '/home/maria/rmf_ws/install/rmf_visualization_rviz2_plugins/share/rmf_visualization_rviz2_plugins/hook/cmake_prefix_path.dsv'
[62.080s] INFO:colcon.colcon_core.shell:Creating environment hook '/home/maria/rmf_ws/install/rmf_visualization_rviz2_plugins/share/rmf_visualization_rviz2_plugins/hook/cmake_prefix_path.sh'
[62.080s] Level 1:colcon.colcon_core.environment:checking '/home/maria/rmf_ws/install/rmf_visualization_rviz2_plugins/lib'
[62.081s] Level 1:colcon.colcon_core.shell:create_environment_hook('rmf_visualization_rviz2_plugins', 'ld_library_path_lib')
[62.081s] INFO:colcon.colcon_core.shell:Creating environment hook '/home/maria/rmf_ws/install/rmf_visualization_rviz2_plugins/share/rmf_visualization_rviz2_plugins/hook/ld_library_path_lib.ps1'
[62.081s] INFO:colcon.colcon_core.shell:Creating environment descriptor '/home/maria/rmf_ws/install/rmf_visualization_rviz2_plugins/share/rmf_visualization_rviz2_plugins/hook/ld_library_path_lib.dsv'
[62.082s] INFO:colcon.colcon_core.shell:Creating environment hook '/home/maria/rmf_ws/install/rmf_visualization_rviz2_plugins/share/rmf_visualization_rviz2_plugins/hook/ld_library_path_lib.sh'
[62.082s] Level 1:colcon.colcon_core.environment:checking '/home/maria/rmf_ws/install/rmf_visualization_rviz2_plugins/bin'
[62.082s] Level 1:colcon.colcon_core.environment:checking '/home/maria/rmf_ws/install/rmf_visualization_rviz2_plugins/lib/pkgconfig/rmf_visualization_rviz2_plugins.pc'
[62.083s] Level 1:colcon.colcon_core.environment:checking '/home/maria/rmf_ws/install/rmf_visualization_rviz2_plugins/lib/python3.12/site-packages'
[62.083s] Level 1:colcon.colcon_core.environment:checking '/home/maria/rmf_ws/install/rmf_visualization_rviz2_plugins/bin'
[62.084s] INFO:colcon.colcon_core.shell:Creating package script '/home/maria/rmf_ws/install/rmf_visualization_rviz2_plugins/share/rmf_visualization_rviz2_plugins/package.ps1'
[62.086s] INFO:colcon.colcon_core.shell:Creating package descriptor '/home/maria/rmf_ws/install/rmf_visualization_rviz2_plugins/share/rmf_visualization_rviz2_plugins/package.dsv'
[62.086s] INFO:colcon.colcon_core.shell:Creating package script '/home/maria/rmf_ws/install/rmf_visualization_rviz2_plugins/share/rmf_visualization_rviz2_plugins/package.sh'
[62.087s] INFO:colcon.colcon_core.shell:Creating package script '/home/maria/rmf_ws/install/rmf_visualization_rviz2_plugins/share/rmf_visualization_rviz2_plugins/package.bash'
[62.088s] INFO:colcon.colcon_core.shell:Creating package script '/home/maria/rmf_ws/install/rmf_visualization_rviz2_plugins/share/rmf_visualization_rviz2_plugins/package.zsh'
[62.088s] Level 1:colcon.colcon_core.environment:create_file_with_runtime_dependencies(/home/maria/rmf_ws/install/rmf_visualization_rviz2_plugins/share/colcon-core/packages/rmf_visualization_rviz2_plugins)
[65.429s] DEBUG:colcon.colcon_core.event_handler.log_command:Invoked command in '/home/maria/rmf_ws/build/rmf_robot_sim_common' returned '0': CMAKE_PREFIX_PATH=/rmf_demos_ws/install/rmf_workcell_msgs:/rmf_demos_ws/install/rmf_demos_gz:/rmf_demos_ws/install/rmf_demos:/rmf_demos_ws/install/rmf_reservation_node:/rmf_demos_ws/install/rmf_fleet_adapter_python:/rmf_demos_ws/install/rmf_fleet_adapter:/rmf_demos_ws/install/rmf_task_ros2:/rmf_demos_ws/install/rmf_websocket:/rmf_demos_ws/install/rmf_visualization:/rmf_demos_ws/install/rmf_visualization_schedule:/rmf_demos_ws/install/rmf_visualization_rviz2_plugins:/rmf_demos_ws/install/rmf_visualization_obstacles:/rmf_demos_ws/install/rmf_visualization_navgraphs:/rmf_demos_ws/install/rmf_visualization_floorplans:/rmf_demos_ws/install/rmf_visualization_fleet_states:/rmf_demos_ws/install/rmf_visualization_msgs:/rmf_demos_ws/install/rmf_traffic_ros2:/rmf_demos_ws/install/rmf_task_sequence:/rmf_demos_ws/install/rmf_task:/rmf_demos_ws/install/rmf_battery:/rmf_demos_ws/install/rmf_traffic:/rmf_demos_ws/install/rmf_utils:/rmf_demos_ws/install/rmf_traffic_msgs:/rmf_demos_ws/install/rmf_traffic_editor_test_maps:/rmf_demos_ws/install/rmf_traffic_editor_assets:/rmf_demos_ws/install/rmf_traffic_editor:/rmf_demos_ws/install/rmf_task_msgs:/rmf_demos_ws/install/rmf_site_map_msgs:/rmf_demos_ws/install/rmf_scheduler_msgs:/rmf_demos_ws/install/rmf_robot_sim_gz_plugins:/rmf_demos_ws/install/rmf_robot_sim_common:/rmf_demos_ws/install/rmf_reservation_msgs:/rmf_demos_ws/install/rmf_obstacle_msgs:/rmf_demos_ws/install/rmf_building_sim_gz_plugins:/rmf_demos_ws/install/rmf_lift_msgs:/rmf_demos_ws/install/rmf_ingestor_msgs:/rmf_demos_ws/install/rmf_fleet_msgs:/rmf_demos_ws/install/rmf_door_msgs:/rmf_demos_ws/install/rmf_dispenser_msgs:/rmf_demos_ws/install/rmf_demos_maps:/rmf_demos_ws/install/rmf_demos_assets:/rmf_demos_ws/install/rmf_charger_msgs:/rmf_demos_ws/install/rmf_building_map_msgs:/rmf_demos_ws/install/rmf_api_msgs:/rmf_demos_ws/install/nlohmann_json_schema_validator_vendor:/rmf_demos_ws/install/rmf_demos_fleet_adapter:/rmf_demos_ws/install/rmf_visualization_building_systems:/rmf_demos_ws/install/rmf_traffic_examples:/rmf_demos_ws/install/rmf_demos_bridges:/rmf_demos_ws/install/rmf_demos_tasks:/rmf_demos_ws/install/rmf_building_map_tools:/rmf_demos_ws/install/rmf_charging_schedule:/opt/ros/jazzy:/rmf_demos_ws/install/menge_vendor:/rmf_demos_ws/install/ament_cmake_catch2:/opt/ros/jazzy/opt/gz_sim_vendor:/opt/ros/jazzy/opt/gz_sensors_vendor:/opt/ros/jazzy/opt/gz_physics_vendor:/opt/ros/jazzy/opt/sdformat_vendor:/opt/ros/jazzy/opt/gz_gui_vendor:/opt/ros/jazzy/opt/gz_transport_vendor:/opt/ros/jazzy/opt/gz_rendering_vendor:/opt/ros/jazzy/opt/gz_plugin_vendor:/opt/ros/jazzy/opt/gz_fuel_tools_vendor:/opt/ros/jazzy/opt/gz_msgs_vendor:/opt/ros/jazzy/opt/gz_common_vendor:/opt/ros/jazzy/opt/gz_math_vendor:/opt/ros/jazzy/opt/gz_utils_vendor:/opt/ros/jazzy/opt/gz_tools_vendor:/opt/ros/jazzy/opt/gz_ogre_next_vendor:/opt/ros/jazzy/opt/gz_dartsim_vendor:/opt/ros/jazzy/opt/gz_cmake_vendor /usr/bin/cmake --build /home/maria/rmf_ws/build/rmf_robot_sim_common -- -j8 -l8
[65.430s] DEBUG:colcon.colcon_core.event_handler.log_command:Invoking command in '/home/maria/rmf_ws/build/rmf_robot_sim_common': CMAKE_PREFIX_PATH=/rmf_demos_ws/install/rmf_workcell_msgs:/rmf_demos_ws/install/rmf_demos_gz:/rmf_demos_ws/install/rmf_demos:/rmf_demos_ws/install/rmf_reservation_node:/rmf_demos_ws/install/rmf_fleet_adapter_python:/rmf_demos_ws/install/rmf_fleet_adapter:/rmf_demos_ws/install/rmf_task_ros2:/rmf_demos_ws/install/rmf_websocket:/rmf_demos_ws/install/rmf_visualization:/rmf_demos_ws/install/rmf_visualization_schedule:/rmf_demos_ws/install/rmf_visualization_rviz2_plugins:/rmf_demos_ws/install/rmf_visualization_obstacles:/rmf_demos_ws/install/rmf_visualization_navgraphs:/rmf_demos_ws/install/rmf_visualization_floorplans:/rmf_demos_ws/install/rmf_visualization_fleet_states:/rmf_demos_ws/install/rmf_visualization_msgs:/rmf_demos_ws/install/rmf_traffic_ros2:/rmf_demos_ws/install/rmf_task_sequence:/rmf_demos_ws/install/rmf_task:/rmf_demos_ws/install/rmf_battery:/rmf_demos_ws/install/rmf_traffic:/rmf_demos_ws/install/rmf_utils:/rmf_demos_ws/install/rmf_traffic_msgs:/rmf_demos_ws/install/rmf_traffic_editor_test_maps:/rmf_demos_ws/install/rmf_traffic_editor_assets:/rmf_demos_ws/install/rmf_traffic_editor:/rmf_demos_ws/install/rmf_task_msgs:/rmf_demos_ws/install/rmf_site_map_msgs:/rmf_demos_ws/install/rmf_scheduler_msgs:/rmf_demos_ws/install/rmf_robot_sim_gz_plugins:/rmf_demos_ws/install/rmf_robot_sim_common:/rmf_demos_ws/install/rmf_reservation_msgs:/rmf_demos_ws/install/rmf_obstacle_msgs:/rmf_demos_ws/install/rmf_building_sim_gz_plugins:/rmf_demos_ws/install/rmf_lift_msgs:/rmf_demos_ws/install/rmf_ingestor_msgs:/rmf_demos_ws/install/rmf_fleet_msgs:/rmf_demos_ws/install/rmf_door_msgs:/rmf_demos_ws/install/rmf_dispenser_msgs:/rmf_demos_ws/install/rmf_demos_maps:/rmf_demos_ws/install/rmf_demos_assets:/rmf_demos_ws/install/rmf_charger_msgs:/rmf_demos_ws/install/rmf_building_map_msgs:/rmf_demos_ws/install/rmf_api_msgs:/rmf_demos_ws/install/nlohmann_json_schema_validator_vendor:/rmf_demos_ws/install/rmf_demos_fleet_adapter:/rmf_demos_ws/install/rmf_visualization_building_systems:/rmf_demos_ws/install/rmf_traffic_examples:/rmf_demos_ws/install/rmf_demos_bridges:/rmf_demos_ws/install/rmf_demos_tasks:/rmf_demos_ws/install/rmf_building_map_tools:/rmf_demos_ws/install/rmf_charging_schedule:/opt/ros/jazzy:/rmf_demos_ws/install/menge_vendor:/rmf_demos_ws/install/ament_cmake_catch2:/opt/ros/jazzy/opt/gz_sim_vendor:/opt/ros/jazzy/opt/gz_sensors_vendor:/opt/ros/jazzy/opt/gz_physics_vendor:/opt/ros/jazzy/opt/sdformat_vendor:/opt/ros/jazzy/opt/gz_gui_vendor:/opt/ros/jazzy/opt/gz_transport_vendor:/opt/ros/jazzy/opt/gz_rendering_vendor:/opt/ros/jazzy/opt/gz_plugin_vendor:/opt/ros/jazzy/opt/gz_fuel_tools_vendor:/opt/ros/jazzy/opt/gz_msgs_vendor:/opt/ros/jazzy/opt/gz_common_vendor:/opt/ros/jazzy/opt/gz_math_vendor:/opt/ros/jazzy/opt/gz_utils_vendor:/opt/ros/jazzy/opt/gz_tools_vendor:/opt/ros/jazzy/opt/gz_ogre_next_vendor:/opt/ros/jazzy/opt/gz_dartsim_vendor:/opt/ros/jazzy/opt/gz_cmake_vendor /usr/bin/cmake --install /home/maria/rmf_ws/build/rmf_robot_sim_common
[65.672s] Level 1:colcon.colcon_core.environment:create_environment_scripts_only(rmf_robot_sim_common)
[65.672s] Level 1:colcon.colcon_core.environment:checking '/home/maria/rmf_ws/install/rmf_robot_sim_common' for CMake module files
[65.672s] DEBUG:colcon.colcon_core.event_handler.log_command:Invoked command in '/home/maria/rmf_ws/build/rmf_robot_sim_common' returned '0': CMAKE_PREFIX_PATH=/rmf_demos_ws/install/rmf_workcell_msgs:/rmf_demos_ws/install/rmf_demos_gz:/rmf_demos_ws/install/rmf_demos:/rmf_demos_ws/install/rmf_reservation_node:/rmf_demos_ws/install/rmf_fleet_adapter_python:/rmf_demos_ws/install/rmf_fleet_adapter:/rmf_demos_ws/install/rmf_task_ros2:/rmf_demos_ws/install/rmf_websocket:/rmf_demos_ws/install/rmf_visualization:/rmf_demos_ws/install/rmf_visualization_schedule:/rmf_demos_ws/install/rmf_visualization_rviz2_plugins:/rmf_demos_ws/install/rmf_visualization_obstacles:/rmf_demos_ws/install/rmf_visualization_navgraphs:/rmf_demos_ws/install/rmf_visualization_floorplans:/rmf_demos_ws/install/rmf_visualization_fleet_states:/rmf_demos_ws/install/rmf_visualization_msgs:/rmf_demos_ws/install/rmf_traffic_ros2:/rmf_demos_ws/install/rmf_task_sequence:/rmf_demos_ws/install/rmf_task:/rmf_demos_ws/install/rmf_battery:/rmf_demos_ws/install/rmf_traffic:/rmf_demos_ws/install/rmf_utils:/rmf_demos_ws/install/rmf_traffic_msgs:/rmf_demos_ws/install/rmf_traffic_editor_test_maps:/rmf_demos_ws/install/rmf_traffic_editor_assets:/rmf_demos_ws/install/rmf_traffic_editor:/rmf_demos_ws/install/rmf_task_msgs:/rmf_demos_ws/install/rmf_site_map_msgs:/rmf_demos_ws/install/rmf_scheduler_msgs:/rmf_demos_ws/install/rmf_robot_sim_gz_plugins:/rmf_demos_ws/install/rmf_robot_sim_common:/rmf_demos_ws/install/rmf_reservation_msgs:/rmf_demos_ws/install/rmf_obstacle_msgs:/rmf_demos_ws/install/rmf_building_sim_gz_plugins:/rmf_demos_ws/install/rmf_lift_msgs:/rmf_demos_ws/install/rmf_ingestor_msgs:/rmf_demos_ws/install/rmf_fleet_msgs:/rmf_demos_ws/install/rmf_door_msgs:/rmf_demos_ws/install/rmf_dispenser_msgs:/rmf_demos_ws/install/rmf_demos_maps:/rmf_demos_ws/install/rmf_demos_assets:/rmf_demos_ws/install/rmf_charger_msgs:/rmf_demos_ws/install/rmf_building_map_msgs:/rmf_demos_ws/install/rmf_api_msgs:/rmf_demos_ws/install/nlohmann_json_schema_validator_vendor:/rmf_demos_ws/install/rmf_demos_fleet_adapter:/rmf_demos_ws/install/rmf_visualization_building_systems:/rmf_demos_ws/install/rmf_traffic_examples:/rmf_demos_ws/install/rmf_demos_bridges:/rmf_demos_ws/install/rmf_demos_tasks:/rmf_demos_ws/install/rmf_building_map_tools:/rmf_demos_ws/install/rmf_charging_schedule:/opt/ros/jazzy:/rmf_demos_ws/install/menge_vendor:/rmf_demos_ws/install/ament_cmake_catch2:/opt/ros/jazzy/opt/gz_sim_vendor:/opt/ros/jazzy/opt/gz_sensors_vendor:/opt/ros/jazzy/opt/gz_physics_vendor:/opt/ros/jazzy/opt/sdformat_vendor:/opt/ros/jazzy/opt/gz_gui_vendor:/opt/ros/jazzy/opt/gz_transport_vendor:/opt/ros/jazzy/opt/gz_rendering_vendor:/opt/ros/jazzy/opt/gz_plugin_vendor:/opt/ros/jazzy/opt/gz_fuel_tools_vendor:/opt/ros/jazzy/opt/gz_msgs_vendor:/opt/ros/jazzy/opt/gz_common_vendor:/opt/ros/jazzy/opt/gz_math_vendor:/opt/ros/jazzy/opt/gz_utils_vendor:/opt/ros/jazzy/opt/gz_tools_vendor:/opt/ros/jazzy/opt/gz_ogre_next_vendor:/opt/ros/jazzy/opt/gz_dartsim_vendor:/opt/ros/jazzy/opt/gz_cmake_vendor /usr/bin/cmake --install /home/maria/rmf_ws/build/rmf_robot_sim_common
[65.673s] Level 1:colcon.colcon_core.environment:checking '/home/maria/rmf_ws/install/rmf_robot_sim_common' for CMake config files
[65.673s] Level 1:colcon.colcon_core.shell:create_environment_hook('rmf_robot_sim_common', 'cmake_prefix_path')
[65.674s] INFO:colcon.colcon_core.shell:Creating environment hook '/home/maria/rmf_ws/install/rmf_robot_sim_common/share/rmf_robot_sim_common/hook/cmake_prefix_path.ps1'
[65.674s] INFO:colcon.colcon_core.shell:Creating environment descriptor '/home/maria/rmf_ws/install/rmf_robot_sim_common/share/rmf_robot_sim_common/hook/cmake_prefix_path.dsv'
[65.675s] INFO:colcon.colcon_core.shell:Creating environment hook '/home/maria/rmf_ws/install/rmf_robot_sim_common/share/rmf_robot_sim_common/hook/cmake_prefix_path.sh'
[65.675s] Level 1:colcon.colcon_core.environment:checking '/home/maria/rmf_ws/install/rmf_robot_sim_common/lib'
[65.675s] Level 1:colcon.colcon_core.shell:create_environment_hook('rmf_robot_sim_common', 'ld_library_path_lib')
[65.676s] INFO:colcon.colcon_core.shell:Creating environment hook '/home/maria/rmf_ws/install/rmf_robot_sim_common/share/rmf_robot_sim_common/hook/ld_library_path_lib.ps1'
[65.676s] INFO:colcon.colcon_core.shell:Creating environment descriptor '/home/maria/rmf_ws/install/rmf_robot_sim_common/share/rmf_robot_sim_common/hook/ld_library_path_lib.dsv'
[65.676s] INFO:colcon.colcon_core.shell:Creating environment hook '/home/maria/rmf_ws/install/rmf_robot_sim_common/share/rmf_robot_sim_common/hook/ld_library_path_lib.sh'
[65.677s] Level 1:colcon.colcon_core.environment:checking '/home/maria/rmf_ws/install/rmf_robot_sim_common/bin'
[65.677s] Level 1:colcon.colcon_core.environment:checking '/home/maria/rmf_ws/install/rmf_robot_sim_common/lib/pkgconfig/rmf_robot_sim_common.pc'
[65.677s] Level 1:colcon.colcon_core.environment:checking '/home/maria/rmf_ws/install/rmf_robot_sim_common/lib/python3.12/site-packages'
[65.677s] Level 1:colcon.colcon_core.environment:checking '/home/maria/rmf_ws/install/rmf_robot_sim_common/bin'
[65.678s] INFO:colcon.colcon_core.shell:Creating package script '/home/maria/rmf_ws/install/rmf_robot_sim_common/share/rmf_robot_sim_common/package.ps1'
[65.679s] INFO:colcon.colcon_core.shell:Creating package descriptor '/home/maria/rmf_ws/install/rmf_robot_sim_common/share/rmf_robot_sim_common/package.dsv'
[65.679s] INFO:colcon.colcon_core.shell:Creating package script '/home/maria/rmf_ws/install/rmf_robot_sim_common/share/rmf_robot_sim_common/package.sh'
[65.680s] INFO:colcon.colcon_core.shell:Creating package script '/home/maria/rmf_ws/install/rmf_robot_sim_common/share/rmf_robot_sim_common/package.bash'
[65.680s] INFO:colcon.colcon_core.shell:Creating package script '/home/maria/rmf_ws/install/rmf_robot_sim_common/share/rmf_robot_sim_common/package.zsh'
[65.680s] Level 1:colcon.colcon_core.environment:create_file_with_runtime_dependencies(/home/maria/rmf_ws/install/rmf_robot_sim_common/share/colcon-core/packages/rmf_robot_sim_common)
[65.681s] Level 1:colcon.colcon_core.environment:create_environment_scripts_only(rmf_robot_sim_common)
[65.681s] Level 1:colcon.colcon_core.environment:checking '/home/maria/rmf_ws/install/rmf_robot_sim_common' for CMake module files
[65.682s] Level 1:colcon.colcon_core.environment:checking '/home/maria/rmf_ws/install/rmf_robot_sim_common' for CMake config files
[65.682s] Level 1:colcon.colcon_core.shell:create_environment_hook('rmf_robot_sim_common', 'cmake_prefix_path')
[65.682s] INFO:colcon.colcon_core.shell:Creating environment hook '/home/maria/rmf_ws/install/rmf_robot_sim_common/share/rmf_robot_sim_common/hook/cmake_prefix_path.ps1'
[65.683s] INFO:colcon.colcon_core.shell:Creating environment descriptor '/home/maria/rmf_ws/install/rmf_robot_sim_common/share/rmf_robot_sim_common/hook/cmake_prefix_path.dsv'
[65.683s] INFO:colcon.colcon_core.shell:Creating environment hook '/home/maria/rmf_ws/install/rmf_robot_sim_common/share/rmf_robot_sim_common/hook/cmake_prefix_path.sh'
[65.684s] Level 1:colcon.colcon_core.environment:checking '/home/maria/rmf_ws/install/rmf_robot_sim_common/lib'
[65.684s] Level 1:colcon.colcon_core.shell:create_environment_hook('rmf_robot_sim_common', 'ld_library_path_lib')
[65.684s] INFO:colcon.colcon_core.shell:Creating environment hook '/home/maria/rmf_ws/install/rmf_robot_sim_common/share/rmf_robot_sim_common/hook/ld_library_path_lib.ps1'
[65.684s] INFO:colcon.colcon_core.shell:Creating environment descriptor '/home/maria/rmf_ws/install/rmf_robot_sim_common/share/rmf_robot_sim_common/hook/ld_library_path_lib.dsv'
[65.685s] INFO:colcon.colcon_core.shell:Creating environment hook '/home/maria/rmf_ws/install/rmf_robot_sim_common/share/rmf_robot_sim_common/hook/ld_library_path_lib.sh'
[65.685s] Level 1:colcon.colcon_core.environment:checking '/home/maria/rmf_ws/install/rmf_robot_sim_common/bin'
[65.685s] Level 1:colcon.colcon_core.environment:checking '/home/maria/rmf_ws/install/rmf_robot_sim_common/lib/pkgconfig/rmf_robot_sim_common.pc'
[65.686s] Level 1:colcon.colcon_core.environment:checking '/home/maria/rmf_ws/install/rmf_robot_sim_common/lib/python3.12/site-packages'
[65.686s] Level 1:colcon.colcon_core.environment:checking '/home/maria/rmf_ws/install/rmf_robot_sim_common/bin'
[65.686s] INFO:colcon.colcon_core.shell:Creating package script '/home/maria/rmf_ws/install/rmf_robot_sim_common/share/rmf_robot_sim_common/package.ps1'
[65.687s] INFO:colcon.colcon_core.shell:Creating package descriptor '/home/maria/rmf_ws/install/rmf_robot_sim_common/share/rmf_robot_sim_common/package.dsv'
[65.688s] INFO:colcon.colcon_core.shell:Creating package script '/home/maria/rmf_ws/install/rmf_robot_sim_common/share/rmf_robot_sim_common/package.sh'
[65.688s] INFO:colcon.colcon_core.shell:Creating package script '/home/maria/rmf_ws/install/rmf_robot_sim_common/share/rmf_robot_sim_common/package.bash'
[65.689s] INFO:colcon.colcon_core.shell:Creating package script '/home/maria/rmf_ws/install/rmf_robot_sim_common/share/rmf_robot_sim_common/package.zsh'
[65.689s] Level 1:colcon.colcon_core.environment:create_file_with_runtime_dependencies(/home/maria/rmf_ws/install/rmf_robot_sim_common/share/colcon-core/packages/rmf_robot_sim_common)
[65.689s] INFO:colcon.colcon_ros.task.ament_cmake.build:Building ROS package in '/home/maria/rmf_ws/src/rmf_simulation/rmf_robot_sim_gz_plugins' with build type 'ament_cmake'
[65.690s] INFO:colcon.colcon_cmake.task.cmake.build:Building CMake package in '/home/maria/rmf_ws/src/rmf_simulation/rmf_robot_sim_gz_plugins'
[65.690s] INFO:colcon.colcon_core.shell:Skip shell extension 'powershell' for command environment: Not usable outside of PowerShell
[65.690s] DEBUG:colcon.colcon_core.shell:Skip shell extension 'dsv' for command environment
[65.705s] DEBUG:colcon.colcon_core.event_handler.log_command:Invoking command in '/home/maria/rmf_ws/build/rmf_robot_sim_gz_plugins': AMENT_PREFIX_PATH=/home/maria/rmf_ws/install/rmf_robot_sim_common:/home/maria/rmf_ws/install/rmf_building_sim_gz_plugins:${AMENT_PREFIX_PATH} CMAKE_PREFIX_PATH=/home/maria/rmf_ws/install/rmf_robot_sim_common:/home/maria/rmf_ws/install/rmf_building_sim_gz_plugins:/rmf_demos_ws/install/rmf_workcell_msgs:/rmf_demos_ws/install/rmf_demos_gz:/rmf_demos_ws/install/rmf_demos:/rmf_demos_ws/install/rmf_reservation_node:/rmf_demos_ws/install/rmf_fleet_adapter_python:/rmf_demos_ws/install/rmf_fleet_adapter:/rmf_demos_ws/install/rmf_task_ros2:/rmf_demos_ws/install/rmf_websocket:/rmf_demos_ws/install/rmf_visualization:/rmf_demos_ws/install/rmf_visualization_schedule:/rmf_demos_ws/install/rmf_visualization_rviz2_plugins:/rmf_demos_ws/install/rmf_visualization_obstacles:/rmf_demos_ws/install/rmf_visualization_navgraphs:/rmf_demos_ws/install/rmf_visualization_floorplans:/rmf_demos_ws/install/rmf_visualization_fleet_states:/rmf_demos_ws/install/rmf_visualization_msgs:/rmf_demos_ws/install/rmf_traffic_ros2:/rmf_demos_ws/install/rmf_task_sequence:/rmf_demos_ws/install/rmf_task:/rmf_demos_ws/install/rmf_battery:/rmf_demos_ws/install/rmf_traffic:/rmf_demos_ws/install/rmf_utils:/rmf_demos_ws/install/rmf_traffic_msgs:/rmf_demos_ws/install/rmf_traffic_editor_test_maps:/rmf_demos_ws/install/rmf_traffic_editor_assets:/rmf_demos_ws/install/rmf_traffic_editor:/rmf_demos_ws/install/rmf_task_msgs:/rmf_demos_ws/install/rmf_site_map_msgs:/rmf_demos_ws/install/rmf_scheduler_msgs:/rmf_demos_ws/install/rmf_robot_sim_gz_plugins:/rmf_demos_ws/install/rmf_robot_sim_common:/rmf_demos_ws/install/rmf_reservation_msgs:/rmf_demos_ws/install/rmf_obstacle_msgs:/rmf_demos_ws/install/rmf_building_sim_gz_plugins:/rmf_demos_ws/install/rmf_lift_msgs:/rmf_demos_ws/install/rmf_ingestor_msgs:/rmf_demos_ws/install/rmf_fleet_msgs:/rmf_demos_ws/install/rmf_door_msgs:/rmf_demos_ws/install/rmf_dispenser_msgs:/rmf_demos_ws/install/rmf_demos_maps:/rmf_demos_ws/install/rmf_demos_assets:/rmf_demos_ws/install/rmf_charger_msgs:/rmf_demos_ws/install/rmf_building_map_msgs:/rmf_demos_ws/install/rmf_api_msgs:/rmf_demos_ws/install/nlohmann_json_schema_validator_vendor:/rmf_demos_ws/install/rmf_demos_fleet_adapter:/rmf_demos_ws/install/rmf_visualization_building_systems:/rmf_demos_ws/install/rmf_traffic_examples:/rmf_demos_ws/install/rmf_demos_bridges:/rmf_demos_ws/install/rmf_demos_tasks:/rmf_demos_ws/install/rmf_building_map_tools:/rmf_demos_ws/install/rmf_charging_schedule:/opt/ros/jazzy:/rmf_demos_ws/install/menge_vendor:/rmf_demos_ws/install/ament_cmake_catch2:/opt/ros/jazzy/opt/gz_sim_vendor:/opt/ros/jazzy/opt/gz_sensors_vendor:/opt/ros/jazzy/opt/gz_physics_vendor:/opt/ros/jazzy/opt/sdformat_vendor:/opt/ros/jazzy/opt/gz_gui_vendor:/opt/ros/jazzy/opt/gz_transport_vendor:/opt/ros/jazzy/opt/gz_rendering_vendor:/opt/ros/jazzy/opt/gz_plugin_vendor:/opt/ros/jazzy/opt/gz_fuel_tools_vendor:/opt/ros/jazzy/opt/gz_msgs_vendor:/opt/ros/jazzy/opt/gz_common_vendor:/opt/ros/jazzy/opt/gz_math_vendor:/opt/ros/jazzy/opt/gz_utils_vendor:/opt/ros/jazzy/opt/gz_tools_vendor:/opt/ros/jazzy/opt/gz_ogre_next_vendor:/opt/ros/jazzy/opt/gz_dartsim_vendor:/opt/ros/jazzy/opt/gz_cmake_vendor LD_LIBRARY_PATH=/home/maria/rmf_ws/install/rmf_robot_sim_common/lib:${LD_LIBRARY_PATH} /usr/bin/cmake /home/maria/rmf_ws/src/rmf_simulation/rmf_robot_sim_gz_plugins -DAMENT_CMAKE_SYMLINK_INSTALL=1 -DCMAKE_INSTALL_PREFIX=/home/maria/rmf_ws/install/rmf_robot_sim_gz_plugins
[69.194s] DEBUG:colcon.colcon_core.event_handler.log_command:Invoked command in '/home/maria/rmf_ws/build/rmf_robot_sim_gz_plugins' returned '0': AMENT_PREFIX_PATH=/home/maria/rmf_ws/install/rmf_robot_sim_common:/home/maria/rmf_ws/install/rmf_building_sim_gz_plugins:${AMENT_PREFIX_PATH} CMAKE_PREFIX_PATH=/home/maria/rmf_ws/install/rmf_robot_sim_common:/home/maria/rmf_ws/install/rmf_building_sim_gz_plugins:/rmf_demos_ws/install/rmf_workcell_msgs:/rmf_demos_ws/install/rmf_demos_gz:/rmf_demos_ws/install/rmf_demos:/rmf_demos_ws/install/rmf_reservation_node:/rmf_demos_ws/install/rmf_fleet_adapter_python:/rmf_demos_ws/install/rmf_fleet_adapter:/rmf_demos_ws/install/rmf_task_ros2:/rmf_demos_ws/install/rmf_websocket:/rmf_demos_ws/install/rmf_visualization:/rmf_demos_ws/install/rmf_visualization_schedule:/rmf_demos_ws/install/rmf_visualization_rviz2_plugins:/rmf_demos_ws/install/rmf_visualization_obstacles:/rmf_demos_ws/install/rmf_visualization_navgraphs:/rmf_demos_ws/install/rmf_visualization_floorplans:/rmf_demos_ws/install/rmf_visualization_fleet_states:/rmf_demos_ws/install/rmf_visualization_msgs:/rmf_demos_ws/install/rmf_traffic_ros2:/rmf_demos_ws/install/rmf_task_sequence:/rmf_demos_ws/install/rmf_task:/rmf_demos_ws/install/rmf_battery:/rmf_demos_ws/install/rmf_traffic:/rmf_demos_ws/install/rmf_utils:/rmf_demos_ws/install/rmf_traffic_msgs:/rmf_demos_ws/install/rmf_traffic_editor_test_maps:/rmf_demos_ws/install/rmf_traffic_editor_assets:/rmf_demos_ws/install/rmf_traffic_editor:/rmf_demos_ws/install/rmf_task_msgs:/rmf_demos_ws/install/rmf_site_map_msgs:/rmf_demos_ws/install/rmf_scheduler_msgs:/rmf_demos_ws/install/rmf_robot_sim_gz_plugins:/rmf_demos_ws/install/rmf_robot_sim_common:/rmf_demos_ws/install/rmf_reservation_msgs:/rmf_demos_ws/install/rmf_obstacle_msgs:/rmf_demos_ws/install/rmf_building_sim_gz_plugins:/rmf_demos_ws/install/rmf_lift_msgs:/rmf_demos_ws/install/rmf_ingestor_msgs:/rmf_demos_ws/install/rmf_fleet_msgs:/rmf_demos_ws/install/rmf_door_msgs:/rmf_demos_ws/install/rmf_dispenser_msgs:/rmf_demos_ws/install/rmf_demos_maps:/rmf_demos_ws/install/rmf_demos_assets:/rmf_demos_ws/install/rmf_charger_msgs:/rmf_demos_ws/install/rmf_building_map_msgs:/rmf_demos_ws/install/rmf_api_msgs:/rmf_demos_ws/install/nlohmann_json_schema_validator_vendor:/rmf_demos_ws/install/rmf_demos_fleet_adapter:/rmf_demos_ws/install/rmf_visualization_building_systems:/rmf_demos_ws/install/rmf_traffic_examples:/rmf_demos_ws/install/rmf_demos_bridges:/rmf_demos_ws/install/rmf_demos_tasks:/rmf_demos_ws/install/rmf_building_map_tools:/rmf_demos_ws/install/rmf_charging_schedule:/opt/ros/jazzy:/rmf_demos_ws/install/menge_vendor:/rmf_demos_ws/install/ament_cmake_catch2:/opt/ros/jazzy/opt/gz_sim_vendor:/opt/ros/jazzy/opt/gz_sensors_vendor:/opt/ros/jazzy/opt/gz_physics_vendor:/opt/ros/jazzy/opt/sdformat_vendor:/opt/ros/jazzy/opt/gz_gui_vendor:/opt/ros/jazzy/opt/gz_transport_vendor:/opt/ros/jazzy/opt/gz_rendering_vendor:/opt/ros/jazzy/opt/gz_plugin_vendor:/opt/ros/jazzy/opt/gz_fuel_tools_vendor:/opt/ros/jazzy/opt/gz_msgs_vendor:/opt/ros/jazzy/opt/gz_common_vendor:/opt/ros/jazzy/opt/gz_math_vendor:/opt/ros/jazzy/opt/gz_utils_vendor:/opt/ros/jazzy/opt/gz_tools_vendor:/opt/ros/jazzy/opt/gz_ogre_next_vendor:/opt/ros/jazzy/opt/gz_dartsim_vendor:/opt/ros/jazzy/opt/gz_cmake_vendor LD_LIBRARY_PATH=/home/maria/rmf_ws/install/rmf_robot_sim_common/lib:${LD_LIBRARY_PATH} /usr/bin/cmake /home/maria/rmf_ws/src/rmf_simulation/rmf_robot_sim_gz_plugins -DAMENT_CMAKE_SYMLINK_INSTALL=1 -DCMAKE_INSTALL_PREFIX=/home/maria/rmf_ws/install/rmf_robot_sim_gz_plugins
[69.195s] DEBUG:colcon.colcon_core.event_handler.log_command:Invoking command in '/home/maria/rmf_ws/build/rmf_robot_sim_gz_plugins': AMENT_PREFIX_PATH=/home/maria/rmf_ws/install/rmf_robot_sim_common:/home/maria/rmf_ws/install/rmf_building_sim_gz_plugins:${AMENT_PREFIX_PATH} CMAKE_PREFIX_PATH=/home/maria/rmf_ws/install/rmf_robot_sim_common:/home/maria/rmf_ws/install/rmf_building_sim_gz_plugins:/rmf_demos_ws/install/rmf_workcell_msgs:/rmf_demos_ws/install/rmf_demos_gz:/rmf_demos_ws/install/rmf_demos:/rmf_demos_ws/install/rmf_reservation_node:/rmf_demos_ws/install/rmf_fleet_adapter_python:/rmf_demos_ws/install/rmf_fleet_adapter:/rmf_demos_ws/install/rmf_task_ros2:/rmf_demos_ws/install/rmf_websocket:/rmf_demos_ws/install/rmf_visualization:/rmf_demos_ws/install/rmf_visualization_schedule:/rmf_demos_ws/install/rmf_visualization_rviz2_plugins:/rmf_demos_ws/install/rmf_visualization_obstacles:/rmf_demos_ws/install/rmf_visualization_navgraphs:/rmf_demos_ws/install/rmf_visualization_floorplans:/rmf_demos_ws/install/rmf_visualization_fleet_states:/rmf_demos_ws/install/rmf_visualization_msgs:/rmf_demos_ws/install/rmf_traffic_ros2:/rmf_demos_ws/install/rmf_task_sequence:/rmf_demos_ws/install/rmf_task:/rmf_demos_ws/install/rmf_battery:/rmf_demos_ws/install/rmf_traffic:/rmf_demos_ws/install/rmf_utils:/rmf_demos_ws/install/rmf_traffic_msgs:/rmf_demos_ws/install/rmf_traffic_editor_test_maps:/rmf_demos_ws/install/rmf_traffic_editor_assets:/rmf_demos_ws/install/rmf_traffic_editor:/rmf_demos_ws/install/rmf_task_msgs:/rmf_demos_ws/install/rmf_site_map_msgs:/rmf_demos_ws/install/rmf_scheduler_msgs:/rmf_demos_ws/install/rmf_robot_sim_gz_plugins:/rmf_demos_ws/install/rmf_robot_sim_common:/rmf_demos_ws/install/rmf_reservation_msgs:/rmf_demos_ws/install/rmf_obstacle_msgs:/rmf_demos_ws/install/rmf_building_sim_gz_plugins:/rmf_demos_ws/install/rmf_lift_msgs:/rmf_demos_ws/install/rmf_ingestor_msgs:/rmf_demos_ws/install/rmf_fleet_msgs:/rmf_demos_ws/install/rmf_door_msgs:/rmf_demos_ws/install/rmf_dispenser_msgs:/rmf_demos_ws/install/rmf_demos_maps:/rmf_demos_ws/install/rmf_demos_assets:/rmf_demos_ws/install/rmf_charger_msgs:/rmf_demos_ws/install/rmf_building_map_msgs:/rmf_demos_ws/install/rmf_api_msgs:/rmf_demos_ws/install/nlohmann_json_schema_validator_vendor:/rmf_demos_ws/install/rmf_demos_fleet_adapter:/rmf_demos_ws/install/rmf_visualization_building_systems:/rmf_demos_ws/install/rmf_traffic_examples:/rmf_demos_ws/install/rmf_demos_bridges:/rmf_demos_ws/install/rmf_demos_tasks:/rmf_demos_ws/install/rmf_building_map_tools:/rmf_demos_ws/install/rmf_charging_schedule:/opt/ros/jazzy:/rmf_demos_ws/install/menge_vendor:/rmf_demos_ws/install/ament_cmake_catch2:/opt/ros/jazzy/opt/gz_sim_vendor:/opt/ros/jazzy/opt/gz_sensors_vendor:/opt/ros/jazzy/opt/gz_physics_vendor:/opt/ros/jazzy/opt/sdformat_vendor:/opt/ros/jazzy/opt/gz_gui_vendor:/opt/ros/jazzy/opt/gz_transport_vendor:/opt/ros/jazzy/opt/gz_rendering_vendor:/opt/ros/jazzy/opt/gz_plugin_vendor:/opt/ros/jazzy/opt/gz_fuel_tools_vendor:/opt/ros/jazzy/opt/gz_msgs_vendor:/opt/ros/jazzy/opt/gz_common_vendor:/opt/ros/jazzy/opt/gz_math_vendor:/opt/ros/jazzy/opt/gz_utils_vendor:/opt/ros/jazzy/opt/gz_tools_vendor:/opt/ros/jazzy/opt/gz_ogre_next_vendor:/opt/ros/jazzy/opt/gz_dartsim_vendor:/opt/ros/jazzy/opt/gz_cmake_vendor LD_LIBRARY_PATH=/home/maria/rmf_ws/install/rmf_robot_sim_common/lib:${LD_LIBRARY_PATH} /usr/bin/cmake --build /home/maria/rmf_ws/build/rmf_robot_sim_gz_plugins -- -j8 -l8
[69.886s] DEBUG:colcon.colcon_core.event_handler.log_command:Invoked command in '/home/maria/rmf_ws/build/rmf_visualization_schedule' returned '0': CMAKE_PREFIX_PATH=/rmf_demos_ws/install/rmf_workcell_msgs:/rmf_demos_ws/install/rmf_demos_gz:/rmf_demos_ws/install/rmf_demos:/rmf_demos_ws/install/rmf_reservation_node:/rmf_demos_ws/install/rmf_fleet_adapter_python:/rmf_demos_ws/install/rmf_fleet_adapter:/rmf_demos_ws/install/rmf_task_ros2:/rmf_demos_ws/install/rmf_websocket:/rmf_demos_ws/install/rmf_visualization:/rmf_demos_ws/install/rmf_visualization_schedule:/rmf_demos_ws/install/rmf_visualization_rviz2_plugins:/rmf_demos_ws/install/rmf_visualization_obstacles:/rmf_demos_ws/install/rmf_visualization_navgraphs:/rmf_demos_ws/install/rmf_visualization_floorplans:/rmf_demos_ws/install/rmf_visualization_fleet_states:/rmf_demos_ws/install/rmf_visualization_msgs:/rmf_demos_ws/install/rmf_traffic_ros2:/rmf_demos_ws/install/rmf_task_sequence:/rmf_demos_ws/install/rmf_task:/rmf_demos_ws/install/rmf_battery:/rmf_demos_ws/install/rmf_traffic:/rmf_demos_ws/install/rmf_utils:/rmf_demos_ws/install/rmf_traffic_msgs:/rmf_demos_ws/install/rmf_traffic_editor_test_maps:/rmf_demos_ws/install/rmf_traffic_editor_assets:/rmf_demos_ws/install/rmf_traffic_editor:/rmf_demos_ws/install/rmf_task_msgs:/rmf_demos_ws/install/rmf_site_map_msgs:/rmf_demos_ws/install/rmf_scheduler_msgs:/rmf_demos_ws/install/rmf_robot_sim_gz_plugins:/rmf_demos_ws/install/rmf_robot_sim_common:/rmf_demos_ws/install/rmf_reservation_msgs:/rmf_demos_ws/install/rmf_obstacle_msgs:/rmf_demos_ws/install/rmf_building_sim_gz_plugins:/rmf_demos_ws/install/rmf_lift_msgs:/rmf_demos_ws/install/rmf_ingestor_msgs:/rmf_demos_ws/install/rmf_fleet_msgs:/rmf_demos_ws/install/rmf_door_msgs:/rmf_demos_ws/install/rmf_dispenser_msgs:/rmf_demos_ws/install/rmf_demos_maps:/rmf_demos_ws/install/rmf_demos_assets:/rmf_demos_ws/install/rmf_charger_msgs:/rmf_demos_ws/install/rmf_building_map_msgs:/rmf_demos_ws/install/rmf_api_msgs:/rmf_demos_ws/install/nlohmann_json_schema_validator_vendor:/rmf_demos_ws/install/rmf_demos_fleet_adapter:/rmf_demos_ws/install/rmf_visualization_building_systems:/rmf_demos_ws/install/rmf_traffic_examples:/rmf_demos_ws/install/rmf_demos_bridges:/rmf_demos_ws/install/rmf_demos_tasks:/rmf_demos_ws/install/rmf_building_map_tools:/rmf_demos_ws/install/rmf_charging_schedule:/opt/ros/jazzy:/rmf_demos_ws/install/menge_vendor:/rmf_demos_ws/install/ament_cmake_catch2:/opt/ros/jazzy/opt/gz_sim_vendor:/opt/ros/jazzy/opt/gz_sensors_vendor:/opt/ros/jazzy/opt/gz_physics_vendor:/opt/ros/jazzy/opt/sdformat_vendor:/opt/ros/jazzy/opt/gz_gui_vendor:/opt/ros/jazzy/opt/gz_transport_vendor:/opt/ros/jazzy/opt/gz_rendering_vendor:/opt/ros/jazzy/opt/gz_plugin_vendor:/opt/ros/jazzy/opt/gz_fuel_tools_vendor:/opt/ros/jazzy/opt/gz_msgs_vendor:/opt/ros/jazzy/opt/gz_common_vendor:/opt/ros/jazzy/opt/gz_math_vendor:/opt/ros/jazzy/opt/gz_utils_vendor:/opt/ros/jazzy/opt/gz_tools_vendor:/opt/ros/jazzy/opt/gz_ogre_next_vendor:/opt/ros/jazzy/opt/gz_dartsim_vendor:/opt/ros/jazzy/opt/gz_cmake_vendor /usr/bin/cmake --build /home/maria/rmf_ws/build/rmf_visualization_schedule -- -j8 -l8
[69.887s] DEBUG:colcon.colcon_core.event_handler.log_command:Invoking command in '/home/maria/rmf_ws/build/rmf_visualization_schedule': CMAKE_PREFIX_PATH=/rmf_demos_ws/install/rmf_workcell_msgs:/rmf_demos_ws/install/rmf_demos_gz:/rmf_demos_ws/install/rmf_demos:/rmf_demos_ws/install/rmf_reservation_node:/rmf_demos_ws/install/rmf_fleet_adapter_python:/rmf_demos_ws/install/rmf_fleet_adapter:/rmf_demos_ws/install/rmf_task_ros2:/rmf_demos_ws/install/rmf_websocket:/rmf_demos_ws/install/rmf_visualization:/rmf_demos_ws/install/rmf_visualization_schedule:/rmf_demos_ws/install/rmf_visualization_rviz2_plugins:/rmf_demos_ws/install/rmf_visualization_obstacles:/rmf_demos_ws/install/rmf_visualization_navgraphs:/rmf_demos_ws/install/rmf_visualization_floorplans:/rmf_demos_ws/install/rmf_visualization_fleet_states:/rmf_demos_ws/install/rmf_visualization_msgs:/rmf_demos_ws/install/rmf_traffic_ros2:/rmf_demos_ws/install/rmf_task_sequence:/rmf_demos_ws/install/rmf_task:/rmf_demos_ws/install/rmf_battery:/rmf_demos_ws/install/rmf_traffic:/rmf_demos_ws/install/rmf_utils:/rmf_demos_ws/install/rmf_traffic_msgs:/rmf_demos_ws/install/rmf_traffic_editor_test_maps:/rmf_demos_ws/install/rmf_traffic_editor_assets:/rmf_demos_ws/install/rmf_traffic_editor:/rmf_demos_ws/install/rmf_task_msgs:/rmf_demos_ws/install/rmf_site_map_msgs:/rmf_demos_ws/install/rmf_scheduler_msgs:/rmf_demos_ws/install/rmf_robot_sim_gz_plugins:/rmf_demos_ws/install/rmf_robot_sim_common:/rmf_demos_ws/install/rmf_reservation_msgs:/rmf_demos_ws/install/rmf_obstacle_msgs:/rmf_demos_ws/install/rmf_building_sim_gz_plugins:/rmf_demos_ws/install/rmf_lift_msgs:/rmf_demos_ws/install/rmf_ingestor_msgs:/rmf_demos_ws/install/rmf_fleet_msgs:/rmf_demos_ws/install/rmf_door_msgs:/rmf_demos_ws/install/rmf_dispenser_msgs:/rmf_demos_ws/install/rmf_demos_maps:/rmf_demos_ws/install/rmf_demos_assets:/rmf_demos_ws/install/rmf_charger_msgs:/rmf_demos_ws/install/rmf_building_map_msgs:/rmf_demos_ws/install/rmf_api_msgs:/rmf_demos_ws/install/nlohmann_json_schema_validator_vendor:/rmf_demos_ws/install/rmf_demos_fleet_adapter:/rmf_demos_ws/install/rmf_visualization_building_systems:/rmf_demos_ws/install/rmf_traffic_examples:/rmf_demos_ws/install/rmf_demos_bridges:/rmf_demos_ws/install/rmf_demos_tasks:/rmf_demos_ws/install/rmf_building_map_tools:/rmf_demos_ws/install/rmf_charging_schedule:/opt/ros/jazzy:/rmf_demos_ws/install/menge_vendor:/rmf_demos_ws/install/ament_cmake_catch2:/opt/ros/jazzy/opt/gz_sim_vendor:/opt/ros/jazzy/opt/gz_sensors_vendor:/opt/ros/jazzy/opt/gz_physics_vendor:/opt/ros/jazzy/opt/sdformat_vendor:/opt/ros/jazzy/opt/gz_gui_vendor:/opt/ros/jazzy/opt/gz_transport_vendor:/opt/ros/jazzy/opt/gz_rendering_vendor:/opt/ros/jazzy/opt/gz_plugin_vendor:/opt/ros/jazzy/opt/gz_fuel_tools_vendor:/opt/ros/jazzy/opt/gz_msgs_vendor:/opt/ros/jazzy/opt/gz_common_vendor:/opt/ros/jazzy/opt/gz_math_vendor:/opt/ros/jazzy/opt/gz_utils_vendor:/opt/ros/jazzy/opt/gz_tools_vendor:/opt/ros/jazzy/opt/gz_ogre_next_vendor:/opt/ros/jazzy/opt/gz_dartsim_vendor:/opt/ros/jazzy/opt/gz_cmake_vendor /usr/bin/cmake --install /home/maria/rmf_ws/build/rmf_visualization_schedule
[70.374s] Level 1:colcon.colcon_core.environment:create_environment_scripts_only(rmf_visualization_schedule)
[70.374s] Level 1:colcon.colcon_core.environment:checking '/home/maria/rmf_ws/install/rmf_visualization_schedule' for CMake module files
[70.375s] DEBUG:colcon.colcon_core.event_handler.log_command:Invoked command in '/home/maria/rmf_ws/build/rmf_visualization_schedule' returned '0': CMAKE_PREFIX_PATH=/rmf_demos_ws/install/rmf_workcell_msgs:/rmf_demos_ws/install/rmf_demos_gz:/rmf_demos_ws/install/rmf_demos:/rmf_demos_ws/install/rmf_reservation_node:/rmf_demos_ws/install/rmf_fleet_adapter_python:/rmf_demos_ws/install/rmf_fleet_adapter:/rmf_demos_ws/install/rmf_task_ros2:/rmf_demos_ws/install/rmf_websocket:/rmf_demos_ws/install/rmf_visualization:/rmf_demos_ws/install/rmf_visualization_schedule:/rmf_demos_ws/install/rmf_visualization_rviz2_plugins:/rmf_demos_ws/install/rmf_visualization_obstacles:/rmf_demos_ws/install/rmf_visualization_navgraphs:/rmf_demos_ws/install/rmf_visualization_floorplans:/rmf_demos_ws/install/rmf_visualization_fleet_states:/rmf_demos_ws/install/rmf_visualization_msgs:/rmf_demos_ws/install/rmf_traffic_ros2:/rmf_demos_ws/install/rmf_task_sequence:/rmf_demos_ws/install/rmf_task:/rmf_demos_ws/install/rmf_battery:/rmf_demos_ws/install/rmf_traffic:/rmf_demos_ws/install/rmf_utils:/rmf_demos_ws/install/rmf_traffic_msgs:/rmf_demos_ws/install/rmf_traffic_editor_test_maps:/rmf_demos_ws/install/rmf_traffic_editor_assets:/rmf_demos_ws/install/rmf_traffic_editor:/rmf_demos_ws/install/rmf_task_msgs:/rmf_demos_ws/install/rmf_site_map_msgs:/rmf_demos_ws/install/rmf_scheduler_msgs:/rmf_demos_ws/install/rmf_robot_sim_gz_plugins:/rmf_demos_ws/install/rmf_robot_sim_common:/rmf_demos_ws/install/rmf_reservation_msgs:/rmf_demos_ws/install/rmf_obstacle_msgs:/rmf_demos_ws/install/rmf_building_sim_gz_plugins:/rmf_demos_ws/install/rmf_lift_msgs:/rmf_demos_ws/install/rmf_ingestor_msgs:/rmf_demos_ws/install/rmf_fleet_msgs:/rmf_demos_ws/install/rmf_door_msgs:/rmf_demos_ws/install/rmf_dispenser_msgs:/rmf_demos_ws/install/rmf_demos_maps:/rmf_demos_ws/install/rmf_demos_assets:/rmf_demos_ws/install/rmf_charger_msgs:/rmf_demos_ws/install/rmf_building_map_msgs:/rmf_demos_ws/install/rmf_api_msgs:/rmf_demos_ws/install/nlohmann_json_schema_validator_vendor:/rmf_demos_ws/install/rmf_demos_fleet_adapter:/rmf_demos_ws/install/rmf_visualization_building_systems:/rmf_demos_ws/install/rmf_traffic_examples:/rmf_demos_ws/install/rmf_demos_bridges:/rmf_demos_ws/install/rmf_demos_tasks:/rmf_demos_ws/install/rmf_building_map_tools:/rmf_demos_ws/install/rmf_charging_schedule:/opt/ros/jazzy:/rmf_demos_ws/install/menge_vendor:/rmf_demos_ws/install/ament_cmake_catch2:/opt/ros/jazzy/opt/gz_sim_vendor:/opt/ros/jazzy/opt/gz_sensors_vendor:/opt/ros/jazzy/opt/gz_physics_vendor:/opt/ros/jazzy/opt/sdformat_vendor:/opt/ros/jazzy/opt/gz_gui_vendor:/opt/ros/jazzy/opt/gz_transport_vendor:/opt/ros/jazzy/opt/gz_rendering_vendor:/opt/ros/jazzy/opt/gz_plugin_vendor:/opt/ros/jazzy/opt/gz_fuel_tools_vendor:/opt/ros/jazzy/opt/gz_msgs_vendor:/opt/ros/jazzy/opt/gz_common_vendor:/opt/ros/jazzy/opt/gz_math_vendor:/opt/ros/jazzy/opt/gz_utils_vendor:/opt/ros/jazzy/opt/gz_tools_vendor:/opt/ros/jazzy/opt/gz_ogre_next_vendor:/opt/ros/jazzy/opt/gz_dartsim_vendor:/opt/ros/jazzy/opt/gz_cmake_vendor /usr/bin/cmake --install /home/maria/rmf_ws/build/rmf_visualization_schedule
[70.375s] Level 1:colcon.colcon_core.environment:checking '/home/maria/rmf_ws/install/rmf_visualization_schedule' for CMake config files
[70.375s] Level 1:colcon.colcon_core.shell:create_environment_hook('rmf_visualization_schedule', 'cmake_prefix_path')
[70.375s] INFO:colcon.colcon_core.shell:Creating environment hook '/home/maria/rmf_ws/install/rmf_visualization_schedule/share/rmf_visualization_schedule/hook/cmake_prefix_path.ps1'
[70.376s] INFO:colcon.colcon_core.shell:Creating environment descriptor '/home/maria/rmf_ws/install/rmf_visualization_schedule/share/rmf_visualization_schedule/hook/cmake_prefix_path.dsv'
[70.376s] INFO:colcon.colcon_core.shell:Creating environment hook '/home/maria/rmf_ws/install/rmf_visualization_schedule/share/rmf_visualization_schedule/hook/cmake_prefix_path.sh'
[70.376s] Level 1:colcon.colcon_core.environment:checking '/home/maria/rmf_ws/install/rmf_visualization_schedule/lib'
[70.377s] Level 1:colcon.colcon_core.shell:create_environment_hook('rmf_visualization_schedule', 'ld_library_path_lib')
[70.377s] INFO:colcon.colcon_core.shell:Creating environment hook '/home/maria/rmf_ws/install/rmf_visualization_schedule/share/rmf_visualization_schedule/hook/ld_library_path_lib.ps1'
[70.377s] INFO:colcon.colcon_core.shell:Creating environment descriptor '/home/maria/rmf_ws/install/rmf_visualization_schedule/share/rmf_visualization_schedule/hook/ld_library_path_lib.dsv'
[70.377s] INFO:colcon.colcon_core.shell:Creating environment hook '/home/maria/rmf_ws/install/rmf_visualization_schedule/share/rmf_visualization_schedule/hook/ld_library_path_lib.sh'
[70.377s] Level 1:colcon.colcon_core.environment:checking '/home/maria/rmf_ws/install/rmf_visualization_schedule/bin'
[70.377s] Level 1:colcon.colcon_core.environment:checking '/home/maria/rmf_ws/install/rmf_visualization_schedule/lib/pkgconfig/rmf_visualization_schedule.pc'
[70.378s] Level 1:colcon.colcon_core.environment:checking '/home/maria/rmf_ws/install/rmf_visualization_schedule/lib/python3.12/site-packages'
[70.378s] Level 1:colcon.colcon_core.environment:checking '/home/maria/rmf_ws/install/rmf_visualization_schedule/bin'
[70.378s] INFO:colcon.colcon_core.shell:Creating package script '/home/maria/rmf_ws/install/rmf_visualization_schedule/share/rmf_visualization_schedule/package.ps1'
[70.378s] INFO:colcon.colcon_core.shell:Creating package descriptor '/home/maria/rmf_ws/install/rmf_visualization_schedule/share/rmf_visualization_schedule/package.dsv'
[70.379s] INFO:colcon.colcon_core.shell:Creating package script '/home/maria/rmf_ws/install/rmf_visualization_schedule/share/rmf_visualization_schedule/package.sh'
[70.379s] INFO:colcon.colcon_core.shell:Creating package script '/home/maria/rmf_ws/install/rmf_visualization_schedule/share/rmf_visualization_schedule/package.bash'
[70.379s] INFO:colcon.colcon_core.shell:Creating package script '/home/maria/rmf_ws/install/rmf_visualization_schedule/share/rmf_visualization_schedule/package.zsh'
[70.379s] Level 1:colcon.colcon_core.environment:create_file_with_runtime_dependencies(/home/maria/rmf_ws/install/rmf_visualization_schedule/share/colcon-core/packages/rmf_visualization_schedule)
[70.380s] Level 1:colcon.colcon_core.environment:create_environment_scripts_only(rmf_visualization_schedule)
[70.380s] Level 1:colcon.colcon_core.environment:checking '/home/maria/rmf_ws/install/rmf_visualization_schedule' for CMake module files
[70.380s] Level 1:colcon.colcon_core.environment:checking '/home/maria/rmf_ws/install/rmf_visualization_schedule' for CMake config files
[70.381s] Level 1:colcon.colcon_core.shell:create_environment_hook('rmf_visualization_schedule', 'cmake_prefix_path')
[70.381s] INFO:colcon.colcon_core.shell:Creating environment hook '/home/maria/rmf_ws/install/rmf_visualization_schedule/share/rmf_visualization_schedule/hook/cmake_prefix_path.ps1'
[70.381s] INFO:colcon.colcon_core.shell:Creating environment descriptor '/home/maria/rmf_ws/install/rmf_visualization_schedule/share/rmf_visualization_schedule/hook/cmake_prefix_path.dsv'
[70.381s] INFO:colcon.colcon_core.shell:Creating environment hook '/home/maria/rmf_ws/install/rmf_visualization_schedule/share/rmf_visualization_schedule/hook/cmake_prefix_path.sh'
[70.382s] Level 1:colcon.colcon_core.environment:checking '/home/maria/rmf_ws/install/rmf_visualization_schedule/lib'
[70.382s] Level 1:colcon.colcon_core.shell:create_environment_hook('rmf_visualization_schedule', 'ld_library_path_lib')
[70.382s] INFO:colcon.colcon_core.shell:Creating environment hook '/home/maria/rmf_ws/install/rmf_visualization_schedule/share/rmf_visualization_schedule/hook/ld_library_path_lib.ps1'
[70.382s] INFO:colcon.colcon_core.shell:Creating environment descriptor '/home/maria/rmf_ws/install/rmf_visualization_schedule/share/rmf_visualization_schedule/hook/ld_library_path_lib.dsv'
[70.382s] INFO:colcon.colcon_core.shell:Creating environment hook '/home/maria/rmf_ws/install/rmf_visualization_schedule/share/rmf_visualization_schedule/hook/ld_library_path_lib.sh'
[70.383s] Level 1:colcon.colcon_core.environment:checking '/home/maria/rmf_ws/install/rmf_visualization_schedule/bin'
[70.383s] Level 1:colcon.colcon_core.environment:checking '/home/maria/rmf_ws/install/rmf_visualization_schedule/lib/pkgconfig/rmf_visualization_schedule.pc'
[70.383s] Level 1:colcon.colcon_core.environment:checking '/home/maria/rmf_ws/install/rmf_visualization_schedule/lib/python3.12/site-packages'
[70.383s] Level 1:colcon.colcon_core.environment:checking '/home/maria/rmf_ws/install/rmf_visualization_schedule/bin'
[70.383s] INFO:colcon.colcon_core.shell:Creating package script '/home/maria/rmf_ws/install/rmf_visualization_schedule/share/rmf_visualization_schedule/package.ps1'
[70.384s] INFO:colcon.colcon_core.shell:Creating package descriptor '/home/maria/rmf_ws/install/rmf_visualization_schedule/share/rmf_visualization_schedule/package.dsv'
[70.384s] INFO:colcon.colcon_core.shell:Creating package script '/home/maria/rmf_ws/install/rmf_visualization_schedule/share/rmf_visualization_schedule/package.sh'
[70.384s] INFO:colcon.colcon_core.shell:Creating package script '/home/maria/rmf_ws/install/rmf_visualization_schedule/share/rmf_visualization_schedule/package.bash'
[70.385s] INFO:colcon.colcon_core.shell:Creating package script '/home/maria/rmf_ws/install/rmf_visualization_schedule/share/rmf_visualization_schedule/package.zsh'
[70.385s] Level 1:colcon.colcon_core.environment:create_file_with_runtime_dependencies(/home/maria/rmf_ws/install/rmf_visualization_schedule/share/colcon-core/packages/rmf_visualization_schedule)
[70.385s] INFO:colcon.colcon_ros.task.ament_cmake.build:Building ROS package in '/home/maria/rmf_ws/src/rmf_visualization/rmf_visualization' with build type 'ament_cmake'
[70.385s] INFO:colcon.colcon_cmake.task.cmake.build:Building CMake package in '/home/maria/rmf_ws/src/rmf_visualization/rmf_visualization'
[70.385s] INFO:colcon.colcon_core.shell:Skip shell extension 'powershell' for command environment: Not usable outside of PowerShell
[70.385s] DEBUG:colcon.colcon_core.shell:Skip shell extension 'dsv' for command environment
[70.408s] DEBUG:colcon.colcon_core.event_handler.log_command:Invoking command in '/home/maria/rmf_ws/build/rmf_visualization': AMENT_PREFIX_PATH=/home/maria/rmf_ws/install/rmf_visualization_schedule:/home/maria/rmf_ws/install/rmf_visualization_rviz2_plugins:/home/maria/rmf_ws/install/rmf_visualization_obstacles:/home/maria/rmf_ws/install/rmf_visualization_navgraphs:/home/maria/rmf_ws/install/rmf_visualization_floorplans:/home/maria/rmf_ws/install/rmf_visualization_fleet_states:/home/maria/rmf_ws/install/rmf_visualization_building_systems:${AMENT_PREFIX_PATH} CMAKE_PREFIX_PATH=/home/maria/rmf_ws/install/rmf_visualization_schedule:/home/maria/rmf_ws/install/rmf_visualization_rviz2_plugins:/home/maria/rmf_ws/install/rmf_visualization_obstacles:/home/maria/rmf_ws/install/rmf_visualization_navgraphs:/home/maria/rmf_ws/install/rmf_visualization_floorplans:/home/maria/rmf_ws/install/rmf_visualization_fleet_states:/rmf_demos_ws/install/rmf_workcell_msgs:/rmf_demos_ws/install/rmf_demos_gz:/rmf_demos_ws/install/rmf_demos:/rmf_demos_ws/install/rmf_reservation_node:/rmf_demos_ws/install/rmf_fleet_adapter_python:/rmf_demos_ws/install/rmf_fleet_adapter:/rmf_demos_ws/install/rmf_task_ros2:/rmf_demos_ws/install/rmf_websocket:/rmf_demos_ws/install/rmf_visualization:/rmf_demos_ws/install/rmf_visualization_schedule:/rmf_demos_ws/install/rmf_visualization_rviz2_plugins:/rmf_demos_ws/install/rmf_visualization_obstacles:/rmf_demos_ws/install/rmf_visualization_navgraphs:/rmf_demos_ws/install/rmf_visualization_floorplans:/rmf_demos_ws/install/rmf_visualization_fleet_states:/rmf_demos_ws/install/rmf_visualization_msgs:/rmf_demos_ws/install/rmf_traffic_ros2:/rmf_demos_ws/install/rmf_task_sequence:/rmf_demos_ws/install/rmf_task:/rmf_demos_ws/install/rmf_battery:/rmf_demos_ws/install/rmf_traffic:/rmf_demos_ws/install/rmf_utils:/rmf_demos_ws/install/rmf_traffic_msgs:/rmf_demos_ws/install/rmf_traffic_editor_test_maps:/rmf_demos_ws/install/rmf_traffic_editor_assets:/rmf_demos_ws/install/rmf_traffic_editor:/rmf_demos_ws/install/rmf_task_msgs:/rmf_demos_ws/install/rmf_site_map_msgs:/rmf_demos_ws/install/rmf_scheduler_msgs:/rmf_demos_ws/install/rmf_robot_sim_gz_plugins:/rmf_demos_ws/install/rmf_robot_sim_common:/rmf_demos_ws/install/rmf_reservation_msgs:/rmf_demos_ws/install/rmf_obstacle_msgs:/rmf_demos_ws/install/rmf_building_sim_gz_plugins:/rmf_demos_ws/install/rmf_lift_msgs:/rmf_demos_ws/install/rmf_ingestor_msgs:/rmf_demos_ws/install/rmf_fleet_msgs:/rmf_demos_ws/install/rmf_door_msgs:/rmf_demos_ws/install/rmf_dispenser_msgs:/rmf_demos_ws/install/rmf_demos_maps:/rmf_demos_ws/install/rmf_demos_assets:/rmf_demos_ws/install/rmf_charger_msgs:/rmf_demos_ws/install/rmf_building_map_msgs:/rmf_demos_ws/install/rmf_api_msgs:/rmf_demos_ws/install/nlohmann_json_schema_validator_vendor:/rmf_demos_ws/install/rmf_demos_fleet_adapter:/rmf_demos_ws/install/rmf_visualization_building_systems:/rmf_demos_ws/install/rmf_traffic_examples:/rmf_demos_ws/install/rmf_demos_bridges:/rmf_demos_ws/install/rmf_demos_tasks:/rmf_demos_ws/install/rmf_building_map_tools:/rmf_demos_ws/install/rmf_charging_schedule:/opt/ros/jazzy:/rmf_demos_ws/install/menge_vendor:/rmf_demos_ws/install/ament_cmake_catch2:/opt/ros/jazzy/opt/gz_sim_vendor:/opt/ros/jazzy/opt/gz_sensors_vendor:/opt/ros/jazzy/opt/gz_physics_vendor:/opt/ros/jazzy/opt/sdformat_vendor:/opt/ros/jazzy/opt/gz_gui_vendor:/opt/ros/jazzy/opt/gz_transport_vendor:/opt/ros/jazzy/opt/gz_rendering_vendor:/opt/ros/jazzy/opt/gz_plugin_vendor:/opt/ros/jazzy/opt/gz_fuel_tools_vendor:/opt/ros/jazzy/opt/gz_msgs_vendor:/opt/ros/jazzy/opt/gz_common_vendor:/opt/ros/jazzy/opt/gz_math_vendor:/opt/ros/jazzy/opt/gz_utils_vendor:/opt/ros/jazzy/opt/gz_tools_vendor:/opt/ros/jazzy/opt/gz_ogre_next_vendor:/opt/ros/jazzy/opt/gz_dartsim_vendor:/opt/ros/jazzy/opt/gz_cmake_vendor LD_LIBRARY_PATH=/home/maria/rmf_ws/install/rmf_visualization_schedule/lib:/home/maria/rmf_ws/install/rmf_visualization_rviz2_plugins/lib:/home/maria/rmf_ws/install/rmf_visualization_obstacles/lib:/home/maria/rmf_ws/install/rmf_visualization_navgraphs/lib:/home/maria/rmf_ws/install/rmf_visualization_floorplans/lib:/home/maria/rmf_ws/install/rmf_visualization_fleet_states/lib:${LD_LIBRARY_PATH} PYTHONPATH=/home/maria/rmf_ws/build/rmf_visualization_building_systems:/home/maria/rmf_ws/install/rmf_visualization_building_systems/lib/python3.12/site-packages:${PYTHONPATH} /usr/bin/cmake /home/maria/rmf_ws/src/rmf_visualization/rmf_visualization -DAMENT_CMAKE_SYMLINK_INSTALL=1 -DCMAKE_INSTALL_PREFIX=/home/maria/rmf_ws/install/rmf_visualization
[71.180s] DEBUG:colcon.colcon_core.event_handler.log_command:Invoked command in '/home/maria/rmf_ws/build/rmf_visualization' returned '0': AMENT_PREFIX_PATH=/home/maria/rmf_ws/install/rmf_visualization_schedule:/home/maria/rmf_ws/install/rmf_visualization_rviz2_plugins:/home/maria/rmf_ws/install/rmf_visualization_obstacles:/home/maria/rmf_ws/install/rmf_visualization_navgraphs:/home/maria/rmf_ws/install/rmf_visualization_floorplans:/home/maria/rmf_ws/install/rmf_visualization_fleet_states:/home/maria/rmf_ws/install/rmf_visualization_building_systems:${AMENT_PREFIX_PATH} CMAKE_PREFIX_PATH=/home/maria/rmf_ws/install/rmf_visualization_schedule:/home/maria/rmf_ws/install/rmf_visualization_rviz2_plugins:/home/maria/rmf_ws/install/rmf_visualization_obstacles:/home/maria/rmf_ws/install/rmf_visualization_navgraphs:/home/maria/rmf_ws/install/rmf_visualization_floorplans:/home/maria/rmf_ws/install/rmf_visualization_fleet_states:/rmf_demos_ws/install/rmf_workcell_msgs:/rmf_demos_ws/install/rmf_demos_gz:/rmf_demos_ws/install/rmf_demos:/rmf_demos_ws/install/rmf_reservation_node:/rmf_demos_ws/install/rmf_fleet_adapter_python:/rmf_demos_ws/install/rmf_fleet_adapter:/rmf_demos_ws/install/rmf_task_ros2:/rmf_demos_ws/install/rmf_websocket:/rmf_demos_ws/install/rmf_visualization:/rmf_demos_ws/install/rmf_visualization_schedule:/rmf_demos_ws/install/rmf_visualization_rviz2_plugins:/rmf_demos_ws/install/rmf_visualization_obstacles:/rmf_demos_ws/install/rmf_visualization_navgraphs:/rmf_demos_ws/install/rmf_visualization_floorplans:/rmf_demos_ws/install/rmf_visualization_fleet_states:/rmf_demos_ws/install/rmf_visualization_msgs:/rmf_demos_ws/install/rmf_traffic_ros2:/rmf_demos_ws/install/rmf_task_sequence:/rmf_demos_ws/install/rmf_task:/rmf_demos_ws/install/rmf_battery:/rmf_demos_ws/install/rmf_traffic:/rmf_demos_ws/install/rmf_utils:/rmf_demos_ws/install/rmf_traffic_msgs:/rmf_demos_ws/install/rmf_traffic_editor_test_maps:/rmf_demos_ws/install/rmf_traffic_editor_assets:/rmf_demos_ws/install/rmf_traffic_editor:/rmf_demos_ws/install/rmf_task_msgs:/rmf_demos_ws/install/rmf_site_map_msgs:/rmf_demos_ws/install/rmf_scheduler_msgs:/rmf_demos_ws/install/rmf_robot_sim_gz_plugins:/rmf_demos_ws/install/rmf_robot_sim_common:/rmf_demos_ws/install/rmf_reservation_msgs:/rmf_demos_ws/install/rmf_obstacle_msgs:/rmf_demos_ws/install/rmf_building_sim_gz_plugins:/rmf_demos_ws/install/rmf_lift_msgs:/rmf_demos_ws/install/rmf_ingestor_msgs:/rmf_demos_ws/install/rmf_fleet_msgs:/rmf_demos_ws/install/rmf_door_msgs:/rmf_demos_ws/install/rmf_dispenser_msgs:/rmf_demos_ws/install/rmf_demos_maps:/rmf_demos_ws/install/rmf_demos_assets:/rmf_demos_ws/install/rmf_charger_msgs:/rmf_demos_ws/install/rmf_building_map_msgs:/rmf_demos_ws/install/rmf_api_msgs:/rmf_demos_ws/install/nlohmann_json_schema_validator_vendor:/rmf_demos_ws/install/rmf_demos_fleet_adapter:/rmf_demos_ws/install/rmf_visualization_building_systems:/rmf_demos_ws/install/rmf_traffic_examples:/rmf_demos_ws/install/rmf_demos_bridges:/rmf_demos_ws/install/rmf_demos_tasks:/rmf_demos_ws/install/rmf_building_map_tools:/rmf_demos_ws/install/rmf_charging_schedule:/opt/ros/jazzy:/rmf_demos_ws/install/menge_vendor:/rmf_demos_ws/install/ament_cmake_catch2:/opt/ros/jazzy/opt/gz_sim_vendor:/opt/ros/jazzy/opt/gz_sensors_vendor:/opt/ros/jazzy/opt/gz_physics_vendor:/opt/ros/jazzy/opt/sdformat_vendor:/opt/ros/jazzy/opt/gz_gui_vendor:/opt/ros/jazzy/opt/gz_transport_vendor:/opt/ros/jazzy/opt/gz_rendering_vendor:/opt/ros/jazzy/opt/gz_plugin_vendor:/opt/ros/jazzy/opt/gz_fuel_tools_vendor:/opt/ros/jazzy/opt/gz_msgs_vendor:/opt/ros/jazzy/opt/gz_common_vendor:/opt/ros/jazzy/opt/gz_math_vendor:/opt/ros/jazzy/opt/gz_utils_vendor:/opt/ros/jazzy/opt/gz_tools_vendor:/opt/ros/jazzy/opt/gz_ogre_next_vendor:/opt/ros/jazzy/opt/gz_dartsim_vendor:/opt/ros/jazzy/opt/gz_cmake_vendor LD_LIBRARY_PATH=/home/maria/rmf_ws/install/rmf_visualization_schedule/lib:/home/maria/rmf_ws/install/rmf_visualization_rviz2_plugins/lib:/home/maria/rmf_ws/install/rmf_visualization_obstacles/lib:/home/maria/rmf_ws/install/rmf_visualization_navgraphs/lib:/home/maria/rmf_ws/install/rmf_visualization_floorplans/lib:/home/maria/rmf_ws/install/rmf_visualization_fleet_states/lib:${LD_LIBRARY_PATH} PYTHONPATH=/home/maria/rmf_ws/build/rmf_visualization_building_systems:/home/maria/rmf_ws/install/rmf_visualization_building_systems/lib/python3.12/site-packages:${PYTHONPATH} /usr/bin/cmake /home/maria/rmf_ws/src/rmf_visualization/rmf_visualization -DAMENT_CMAKE_SYMLINK_INSTALL=1 -DCMAKE_INSTALL_PREFIX=/home/maria/rmf_ws/install/rmf_visualization
[71.180s] DEBUG:colcon.colcon_core.event_handler.log_command:Invoking command in '/home/maria/rmf_ws/build/rmf_visualization': AMENT_PREFIX_PATH=/home/maria/rmf_ws/install/rmf_visualization_schedule:/home/maria/rmf_ws/install/rmf_visualization_rviz2_plugins:/home/maria/rmf_ws/install/rmf_visualization_obstacles:/home/maria/rmf_ws/install/rmf_visualization_navgraphs:/home/maria/rmf_ws/install/rmf_visualization_floorplans:/home/maria/rmf_ws/install/rmf_visualization_fleet_states:/home/maria/rmf_ws/install/rmf_visualization_building_systems:${AMENT_PREFIX_PATH} CMAKE_PREFIX_PATH=/home/maria/rmf_ws/install/rmf_visualization_schedule:/home/maria/rmf_ws/install/rmf_visualization_rviz2_plugins:/home/maria/rmf_ws/install/rmf_visualization_obstacles:/home/maria/rmf_ws/install/rmf_visualization_navgraphs:/home/maria/rmf_ws/install/rmf_visualization_floorplans:/home/maria/rmf_ws/install/rmf_visualization_fleet_states:/rmf_demos_ws/install/rmf_workcell_msgs:/rmf_demos_ws/install/rmf_demos_gz:/rmf_demos_ws/install/rmf_demos:/rmf_demos_ws/install/rmf_reservation_node:/rmf_demos_ws/install/rmf_fleet_adapter_python:/rmf_demos_ws/install/rmf_fleet_adapter:/rmf_demos_ws/install/rmf_task_ros2:/rmf_demos_ws/install/rmf_websocket:/rmf_demos_ws/install/rmf_visualization:/rmf_demos_ws/install/rmf_visualization_schedule:/rmf_demos_ws/install/rmf_visualization_rviz2_plugins:/rmf_demos_ws/install/rmf_visualization_obstacles:/rmf_demos_ws/install/rmf_visualization_navgraphs:/rmf_demos_ws/install/rmf_visualization_floorplans:/rmf_demos_ws/install/rmf_visualization_fleet_states:/rmf_demos_ws/install/rmf_visualization_msgs:/rmf_demos_ws/install/rmf_traffic_ros2:/rmf_demos_ws/install/rmf_task_sequence:/rmf_demos_ws/install/rmf_task:/rmf_demos_ws/install/rmf_battery:/rmf_demos_ws/install/rmf_traffic:/rmf_demos_ws/install/rmf_utils:/rmf_demos_ws/install/rmf_traffic_msgs:/rmf_demos_ws/install/rmf_traffic_editor_test_maps:/rmf_demos_ws/install/rmf_traffic_editor_assets:/rmf_demos_ws/install/rmf_traffic_editor:/rmf_demos_ws/install/rmf_task_msgs:/rmf_demos_ws/install/rmf_site_map_msgs:/rmf_demos_ws/install/rmf_scheduler_msgs:/rmf_demos_ws/install/rmf_robot_sim_gz_plugins:/rmf_demos_ws/install/rmf_robot_sim_common:/rmf_demos_ws/install/rmf_reservation_msgs:/rmf_demos_ws/install/rmf_obstacle_msgs:/rmf_demos_ws/install/rmf_building_sim_gz_plugins:/rmf_demos_ws/install/rmf_lift_msgs:/rmf_demos_ws/install/rmf_ingestor_msgs:/rmf_demos_ws/install/rmf_fleet_msgs:/rmf_demos_ws/install/rmf_door_msgs:/rmf_demos_ws/install/rmf_dispenser_msgs:/rmf_demos_ws/install/rmf_demos_maps:/rmf_demos_ws/install/rmf_demos_assets:/rmf_demos_ws/install/rmf_charger_msgs:/rmf_demos_ws/install/rmf_building_map_msgs:/rmf_demos_ws/install/rmf_api_msgs:/rmf_demos_ws/install/nlohmann_json_schema_validator_vendor:/rmf_demos_ws/install/rmf_demos_fleet_adapter:/rmf_demos_ws/install/rmf_visualization_building_systems:/rmf_demos_ws/install/rmf_traffic_examples:/rmf_demos_ws/install/rmf_demos_bridges:/rmf_demos_ws/install/rmf_demos_tasks:/rmf_demos_ws/install/rmf_building_map_tools:/rmf_demos_ws/install/rmf_charging_schedule:/opt/ros/jazzy:/rmf_demos_ws/install/menge_vendor:/rmf_demos_ws/install/ament_cmake_catch2:/opt/ros/jazzy/opt/gz_sim_vendor:/opt/ros/jazzy/opt/gz_sensors_vendor:/opt/ros/jazzy/opt/gz_physics_vendor:/opt/ros/jazzy/opt/sdformat_vendor:/opt/ros/jazzy/opt/gz_gui_vendor:/opt/ros/jazzy/opt/gz_transport_vendor:/opt/ros/jazzy/opt/gz_rendering_vendor:/opt/ros/jazzy/opt/gz_plugin_vendor:/opt/ros/jazzy/opt/gz_fuel_tools_vendor:/opt/ros/jazzy/opt/gz_msgs_vendor:/opt/ros/jazzy/opt/gz_common_vendor:/opt/ros/jazzy/opt/gz_math_vendor:/opt/ros/jazzy/opt/gz_utils_vendor:/opt/ros/jazzy/opt/gz_tools_vendor:/opt/ros/jazzy/opt/gz_ogre_next_vendor:/opt/ros/jazzy/opt/gz_dartsim_vendor:/opt/ros/jazzy/opt/gz_cmake_vendor LD_LIBRARY_PATH=/home/maria/rmf_ws/install/rmf_visualization_schedule/lib:/home/maria/rmf_ws/install/rmf_visualization_rviz2_plugins/lib:/home/maria/rmf_ws/install/rmf_visualization_obstacles/lib:/home/maria/rmf_ws/install/rmf_visualization_navgraphs/lib:/home/maria/rmf_ws/install/rmf_visualization_floorplans/lib:/home/maria/rmf_ws/install/rmf_visualization_fleet_states/lib:${LD_LIBRARY_PATH} PYTHONPATH=/home/maria/rmf_ws/build/rmf_visualization_building_systems:/home/maria/rmf_ws/install/rmf_visualization_building_systems/lib/python3.12/site-packages:${PYTHONPATH} /usr/bin/cmake --build /home/maria/rmf_ws/build/rmf_visualization -- -j8 -l8
[71.223s] DEBUG:colcon.colcon_core.event_handler.log_command:Invoked command in '/home/maria/rmf_ws/build/rmf_visualization' returned '0': AMENT_PREFIX_PATH=/home/maria/rmf_ws/install/rmf_visualization_schedule:/home/maria/rmf_ws/install/rmf_visualization_rviz2_plugins:/home/maria/rmf_ws/install/rmf_visualization_obstacles:/home/maria/rmf_ws/install/rmf_visualization_navgraphs:/home/maria/rmf_ws/install/rmf_visualization_floorplans:/home/maria/rmf_ws/install/rmf_visualization_fleet_states:/home/maria/rmf_ws/install/rmf_visualization_building_systems:${AMENT_PREFIX_PATH} CMAKE_PREFIX_PATH=/home/maria/rmf_ws/install/rmf_visualization_schedule:/home/maria/rmf_ws/install/rmf_visualization_rviz2_plugins:/home/maria/rmf_ws/install/rmf_visualization_obstacles:/home/maria/rmf_ws/install/rmf_visualization_navgraphs:/home/maria/rmf_ws/install/rmf_visualization_floorplans:/home/maria/rmf_ws/install/rmf_visualization_fleet_states:/rmf_demos_ws/install/rmf_workcell_msgs:/rmf_demos_ws/install/rmf_demos_gz:/rmf_demos_ws/install/rmf_demos:/rmf_demos_ws/install/rmf_reservation_node:/rmf_demos_ws/install/rmf_fleet_adapter_python:/rmf_demos_ws/install/rmf_fleet_adapter:/rmf_demos_ws/install/rmf_task_ros2:/rmf_demos_ws/install/rmf_websocket:/rmf_demos_ws/install/rmf_visualization:/rmf_demos_ws/install/rmf_visualization_schedule:/rmf_demos_ws/install/rmf_visualization_rviz2_plugins:/rmf_demos_ws/install/rmf_visualization_obstacles:/rmf_demos_ws/install/rmf_visualization_navgraphs:/rmf_demos_ws/install/rmf_visualization_floorplans:/rmf_demos_ws/install/rmf_visualization_fleet_states:/rmf_demos_ws/install/rmf_visualization_msgs:/rmf_demos_ws/install/rmf_traffic_ros2:/rmf_demos_ws/install/rmf_task_sequence:/rmf_demos_ws/install/rmf_task:/rmf_demos_ws/install/rmf_battery:/rmf_demos_ws/install/rmf_traffic:/rmf_demos_ws/install/rmf_utils:/rmf_demos_ws/install/rmf_traffic_msgs:/rmf_demos_ws/install/rmf_traffic_editor_test_maps:/rmf_demos_ws/install/rmf_traffic_editor_assets:/rmf_demos_ws/install/rmf_traffic_editor:/rmf_demos_ws/install/rmf_task_msgs:/rmf_demos_ws/install/rmf_site_map_msgs:/rmf_demos_ws/install/rmf_scheduler_msgs:/rmf_demos_ws/install/rmf_robot_sim_gz_plugins:/rmf_demos_ws/install/rmf_robot_sim_common:/rmf_demos_ws/install/rmf_reservation_msgs:/rmf_demos_ws/install/rmf_obstacle_msgs:/rmf_demos_ws/install/rmf_building_sim_gz_plugins:/rmf_demos_ws/install/rmf_lift_msgs:/rmf_demos_ws/install/rmf_ingestor_msgs:/rmf_demos_ws/install/rmf_fleet_msgs:/rmf_demos_ws/install/rmf_door_msgs:/rmf_demos_ws/install/rmf_dispenser_msgs:/rmf_demos_ws/install/rmf_demos_maps:/rmf_demos_ws/install/rmf_demos_assets:/rmf_demos_ws/install/rmf_charger_msgs:/rmf_demos_ws/install/rmf_building_map_msgs:/rmf_demos_ws/install/rmf_api_msgs:/rmf_demos_ws/install/nlohmann_json_schema_validator_vendor:/rmf_demos_ws/install/rmf_demos_fleet_adapter:/rmf_demos_ws/install/rmf_visualization_building_systems:/rmf_demos_ws/install/rmf_traffic_examples:/rmf_demos_ws/install/rmf_demos_bridges:/rmf_demos_ws/install/rmf_demos_tasks:/rmf_demos_ws/install/rmf_building_map_tools:/rmf_demos_ws/install/rmf_charging_schedule:/opt/ros/jazzy:/rmf_demos_ws/install/menge_vendor:/rmf_demos_ws/install/ament_cmake_catch2:/opt/ros/jazzy/opt/gz_sim_vendor:/opt/ros/jazzy/opt/gz_sensors_vendor:/opt/ros/jazzy/opt/gz_physics_vendor:/opt/ros/jazzy/opt/sdformat_vendor:/opt/ros/jazzy/opt/gz_gui_vendor:/opt/ros/jazzy/opt/gz_transport_vendor:/opt/ros/jazzy/opt/gz_rendering_vendor:/opt/ros/jazzy/opt/gz_plugin_vendor:/opt/ros/jazzy/opt/gz_fuel_tools_vendor:/opt/ros/jazzy/opt/gz_msgs_vendor:/opt/ros/jazzy/opt/gz_common_vendor:/opt/ros/jazzy/opt/gz_math_vendor:/opt/ros/jazzy/opt/gz_utils_vendor:/opt/ros/jazzy/opt/gz_tools_vendor:/opt/ros/jazzy/opt/gz_ogre_next_vendor:/opt/ros/jazzy/opt/gz_dartsim_vendor:/opt/ros/jazzy/opt/gz_cmake_vendor LD_LIBRARY_PATH=/home/maria/rmf_ws/install/rmf_visualization_schedule/lib:/home/maria/rmf_ws/install/rmf_visualization_rviz2_plugins/lib:/home/maria/rmf_ws/install/rmf_visualization_obstacles/lib:/home/maria/rmf_ws/install/rmf_visualization_navgraphs/lib:/home/maria/rmf_ws/install/rmf_visualization_floorplans/lib:/home/maria/rmf_ws/install/rmf_visualization_fleet_states/lib:${LD_LIBRARY_PATH} PYTHONPATH=/home/maria/rmf_ws/build/rmf_visualization_building_systems:/home/maria/rmf_ws/install/rmf_visualization_building_systems/lib/python3.12/site-packages:${PYTHONPATH} /usr/bin/cmake --build /home/maria/rmf_ws/build/rmf_visualization -- -j8 -l8
[71.224s] DEBUG:colcon.colcon_core.event_handler.log_command:Invoking command in '/home/maria/rmf_ws/build/rmf_visualization': AMENT_PREFIX_PATH=/home/maria/rmf_ws/install/rmf_visualization_schedule:/home/maria/rmf_ws/install/rmf_visualization_rviz2_plugins:/home/maria/rmf_ws/install/rmf_visualization_obstacles:/home/maria/rmf_ws/install/rmf_visualization_navgraphs:/home/maria/rmf_ws/install/rmf_visualization_floorplans:/home/maria/rmf_ws/install/rmf_visualization_fleet_states:/home/maria/rmf_ws/install/rmf_visualization_building_systems:${AMENT_PREFIX_PATH} CMAKE_PREFIX_PATH=/home/maria/rmf_ws/install/rmf_visualization_schedule:/home/maria/rmf_ws/install/rmf_visualization_rviz2_plugins:/home/maria/rmf_ws/install/rmf_visualization_obstacles:/home/maria/rmf_ws/install/rmf_visualization_navgraphs:/home/maria/rmf_ws/install/rmf_visualization_floorplans:/home/maria/rmf_ws/install/rmf_visualization_fleet_states:/rmf_demos_ws/install/rmf_workcell_msgs:/rmf_demos_ws/install/rmf_demos_gz:/rmf_demos_ws/install/rmf_demos:/rmf_demos_ws/install/rmf_reservation_node:/rmf_demos_ws/install/rmf_fleet_adapter_python:/rmf_demos_ws/install/rmf_fleet_adapter:/rmf_demos_ws/install/rmf_task_ros2:/rmf_demos_ws/install/rmf_websocket:/rmf_demos_ws/install/rmf_visualization:/rmf_demos_ws/install/rmf_visualization_schedule:/rmf_demos_ws/install/rmf_visualization_rviz2_plugins:/rmf_demos_ws/install/rmf_visualization_obstacles:/rmf_demos_ws/install/rmf_visualization_navgraphs:/rmf_demos_ws/install/rmf_visualization_floorplans:/rmf_demos_ws/install/rmf_visualization_fleet_states:/rmf_demos_ws/install/rmf_visualization_msgs:/rmf_demos_ws/install/rmf_traffic_ros2:/rmf_demos_ws/install/rmf_task_sequence:/rmf_demos_ws/install/rmf_task:/rmf_demos_ws/install/rmf_battery:/rmf_demos_ws/install/rmf_traffic:/rmf_demos_ws/install/rmf_utils:/rmf_demos_ws/install/rmf_traffic_msgs:/rmf_demos_ws/install/rmf_traffic_editor_test_maps:/rmf_demos_ws/install/rmf_traffic_editor_assets:/rmf_demos_ws/install/rmf_traffic_editor:/rmf_demos_ws/install/rmf_task_msgs:/rmf_demos_ws/install/rmf_site_map_msgs:/rmf_demos_ws/install/rmf_scheduler_msgs:/rmf_demos_ws/install/rmf_robot_sim_gz_plugins:/rmf_demos_ws/install/rmf_robot_sim_common:/rmf_demos_ws/install/rmf_reservation_msgs:/rmf_demos_ws/install/rmf_obstacle_msgs:/rmf_demos_ws/install/rmf_building_sim_gz_plugins:/rmf_demos_ws/install/rmf_lift_msgs:/rmf_demos_ws/install/rmf_ingestor_msgs:/rmf_demos_ws/install/rmf_fleet_msgs:/rmf_demos_ws/install/rmf_door_msgs:/rmf_demos_ws/install/rmf_dispenser_msgs:/rmf_demos_ws/install/rmf_demos_maps:/rmf_demos_ws/install/rmf_demos_assets:/rmf_demos_ws/install/rmf_charger_msgs:/rmf_demos_ws/install/rmf_building_map_msgs:/rmf_demos_ws/install/rmf_api_msgs:/rmf_demos_ws/install/nlohmann_json_schema_validator_vendor:/rmf_demos_ws/install/rmf_demos_fleet_adapter:/rmf_demos_ws/install/rmf_visualization_building_systems:/rmf_demos_ws/install/rmf_traffic_examples:/rmf_demos_ws/install/rmf_demos_bridges:/rmf_demos_ws/install/rmf_demos_tasks:/rmf_demos_ws/install/rmf_building_map_tools:/rmf_demos_ws/install/rmf_charging_schedule:/opt/ros/jazzy:/rmf_demos_ws/install/menge_vendor:/rmf_demos_ws/install/ament_cmake_catch2:/opt/ros/jazzy/opt/gz_sim_vendor:/opt/ros/jazzy/opt/gz_sensors_vendor:/opt/ros/jazzy/opt/gz_physics_vendor:/opt/ros/jazzy/opt/sdformat_vendor:/opt/ros/jazzy/opt/gz_gui_vendor:/opt/ros/jazzy/opt/gz_transport_vendor:/opt/ros/jazzy/opt/gz_rendering_vendor:/opt/ros/jazzy/opt/gz_plugin_vendor:/opt/ros/jazzy/opt/gz_fuel_tools_vendor:/opt/ros/jazzy/opt/gz_msgs_vendor:/opt/ros/jazzy/opt/gz_common_vendor:/opt/ros/jazzy/opt/gz_math_vendor:/opt/ros/jazzy/opt/gz_utils_vendor:/opt/ros/jazzy/opt/gz_tools_vendor:/opt/ros/jazzy/opt/gz_ogre_next_vendor:/opt/ros/jazzy/opt/gz_dartsim_vendor:/opt/ros/jazzy/opt/gz_cmake_vendor LD_LIBRARY_PATH=/home/maria/rmf_ws/install/rmf_visualization_schedule/lib:/home/maria/rmf_ws/install/rmf_visualization_rviz2_plugins/lib:/home/maria/rmf_ws/install/rmf_visualization_obstacles/lib:/home/maria/rmf_ws/install/rmf_visualization_navgraphs/lib:/home/maria/rmf_ws/install/rmf_visualization_floorplans/lib:/home/maria/rmf_ws/install/rmf_visualization_fleet_states/lib:${LD_LIBRARY_PATH} PYTHONPATH=/home/maria/rmf_ws/build/rmf_visualization_building_systems:/home/maria/rmf_ws/install/rmf_visualization_building_systems/lib/python3.12/site-packages:${PYTHONPATH} /usr/bin/cmake --install /home/maria/rmf_ws/build/rmf_visualization
[71.398s] Level 1:colcon.colcon_core.environment:create_environment_scripts_only(rmf_visualization)
[71.398s] Level 1:colcon.colcon_core.environment:checking '/home/maria/rmf_ws/install/rmf_visualization' for CMake module files
[71.398s] DEBUG:colcon.colcon_core.event_handler.log_command:Invoked command in '/home/maria/rmf_ws/build/rmf_visualization' returned '0': AMENT_PREFIX_PATH=/home/maria/rmf_ws/install/rmf_visualization_schedule:/home/maria/rmf_ws/install/rmf_visualization_rviz2_plugins:/home/maria/rmf_ws/install/rmf_visualization_obstacles:/home/maria/rmf_ws/install/rmf_visualization_navgraphs:/home/maria/rmf_ws/install/rmf_visualization_floorplans:/home/maria/rmf_ws/install/rmf_visualization_fleet_states:/home/maria/rmf_ws/install/rmf_visualization_building_systems:${AMENT_PREFIX_PATH} CMAKE_PREFIX_PATH=/home/maria/rmf_ws/install/rmf_visualization_schedule:/home/maria/rmf_ws/install/rmf_visualization_rviz2_plugins:/home/maria/rmf_ws/install/rmf_visualization_obstacles:/home/maria/rmf_ws/install/rmf_visualization_navgraphs:/home/maria/rmf_ws/install/rmf_visualization_floorplans:/home/maria/rmf_ws/install/rmf_visualization_fleet_states:/rmf_demos_ws/install/rmf_workcell_msgs:/rmf_demos_ws/install/rmf_demos_gz:/rmf_demos_ws/install/rmf_demos:/rmf_demos_ws/install/rmf_reservation_node:/rmf_demos_ws/install/rmf_fleet_adapter_python:/rmf_demos_ws/install/rmf_fleet_adapter:/rmf_demos_ws/install/rmf_task_ros2:/rmf_demos_ws/install/rmf_websocket:/rmf_demos_ws/install/rmf_visualization:/rmf_demos_ws/install/rmf_visualization_schedule:/rmf_demos_ws/install/rmf_visualization_rviz2_plugins:/rmf_demos_ws/install/rmf_visualization_obstacles:/rmf_demos_ws/install/rmf_visualization_navgraphs:/rmf_demos_ws/install/rmf_visualization_floorplans:/rmf_demos_ws/install/rmf_visualization_fleet_states:/rmf_demos_ws/install/rmf_visualization_msgs:/rmf_demos_ws/install/rmf_traffic_ros2:/rmf_demos_ws/install/rmf_task_sequence:/rmf_demos_ws/install/rmf_task:/rmf_demos_ws/install/rmf_battery:/rmf_demos_ws/install/rmf_traffic:/rmf_demos_ws/install/rmf_utils:/rmf_demos_ws/install/rmf_traffic_msgs:/rmf_demos_ws/install/rmf_traffic_editor_test_maps:/rmf_demos_ws/install/rmf_traffic_editor_assets:/rmf_demos_ws/install/rmf_traffic_editor:/rmf_demos_ws/install/rmf_task_msgs:/rmf_demos_ws/install/rmf_site_map_msgs:/rmf_demos_ws/install/rmf_scheduler_msgs:/rmf_demos_ws/install/rmf_robot_sim_gz_plugins:/rmf_demos_ws/install/rmf_robot_sim_common:/rmf_demos_ws/install/rmf_reservation_msgs:/rmf_demos_ws/install/rmf_obstacle_msgs:/rmf_demos_ws/install/rmf_building_sim_gz_plugins:/rmf_demos_ws/install/rmf_lift_msgs:/rmf_demos_ws/install/rmf_ingestor_msgs:/rmf_demos_ws/install/rmf_fleet_msgs:/rmf_demos_ws/install/rmf_door_msgs:/rmf_demos_ws/install/rmf_dispenser_msgs:/rmf_demos_ws/install/rmf_demos_maps:/rmf_demos_ws/install/rmf_demos_assets:/rmf_demos_ws/install/rmf_charger_msgs:/rmf_demos_ws/install/rmf_building_map_msgs:/rmf_demos_ws/install/rmf_api_msgs:/rmf_demos_ws/install/nlohmann_json_schema_validator_vendor:/rmf_demos_ws/install/rmf_demos_fleet_adapter:/rmf_demos_ws/install/rmf_visualization_building_systems:/rmf_demos_ws/install/rmf_traffic_examples:/rmf_demos_ws/install/rmf_demos_bridges:/rmf_demos_ws/install/rmf_demos_tasks:/rmf_demos_ws/install/rmf_building_map_tools:/rmf_demos_ws/install/rmf_charging_schedule:/opt/ros/jazzy:/rmf_demos_ws/install/menge_vendor:/rmf_demos_ws/install/ament_cmake_catch2:/opt/ros/jazzy/opt/gz_sim_vendor:/opt/ros/jazzy/opt/gz_sensors_vendor:/opt/ros/jazzy/opt/gz_physics_vendor:/opt/ros/jazzy/opt/sdformat_vendor:/opt/ros/jazzy/opt/gz_gui_vendor:/opt/ros/jazzy/opt/gz_transport_vendor:/opt/ros/jazzy/opt/gz_rendering_vendor:/opt/ros/jazzy/opt/gz_plugin_vendor:/opt/ros/jazzy/opt/gz_fuel_tools_vendor:/opt/ros/jazzy/opt/gz_msgs_vendor:/opt/ros/jazzy/opt/gz_common_vendor:/opt/ros/jazzy/opt/gz_math_vendor:/opt/ros/jazzy/opt/gz_utils_vendor:/opt/ros/jazzy/opt/gz_tools_vendor:/opt/ros/jazzy/opt/gz_ogre_next_vendor:/opt/ros/jazzy/opt/gz_dartsim_vendor:/opt/ros/jazzy/opt/gz_cmake_vendor LD_LIBRARY_PATH=/home/maria/rmf_ws/install/rmf_visualization_schedule/lib:/home/maria/rmf_ws/install/rmf_visualization_rviz2_plugins/lib:/home/maria/rmf_ws/install/rmf_visualization_obstacles/lib:/home/maria/rmf_ws/install/rmf_visualization_navgraphs/lib:/home/maria/rmf_ws/install/rmf_visualization_floorplans/lib:/home/maria/rmf_ws/install/rmf_visualization_fleet_states/lib:${LD_LIBRARY_PATH} PYTHONPATH=/home/maria/rmf_ws/build/rmf_visualization_building_systems:/home/maria/rmf_ws/install/rmf_visualization_building_systems/lib/python3.12/site-packages:${PYTHONPATH} /usr/bin/cmake --install /home/maria/rmf_ws/build/rmf_visualization
[71.398s] Level 1:colcon.colcon_core.environment:checking '/home/maria/rmf_ws/install/rmf_visualization' for CMake config files
[71.399s] Level 1:colcon.colcon_core.shell:create_environment_hook('rmf_visualization', 'cmake_prefix_path')
[71.399s] INFO:colcon.colcon_core.shell:Creating environment hook '/home/maria/rmf_ws/install/rmf_visualization/share/rmf_visualization/hook/cmake_prefix_path.ps1'
[71.399s] INFO:colcon.colcon_core.shell:Creating environment descriptor '/home/maria/rmf_ws/install/rmf_visualization/share/rmf_visualization/hook/cmake_prefix_path.dsv'
[71.399s] INFO:colcon.colcon_core.shell:Creating environment hook '/home/maria/rmf_ws/install/rmf_visualization/share/rmf_visualization/hook/cmake_prefix_path.sh'
[71.400s] Level 1:colcon.colcon_core.environment:checking '/home/maria/rmf_ws/install/rmf_visualization/bin'
[71.400s] Level 1:colcon.colcon_core.environment:checking '/home/maria/rmf_ws/install/rmf_visualization/lib/pkgconfig/rmf_visualization.pc'
[71.400s] Level 1:colcon.colcon_core.environment:checking '/home/maria/rmf_ws/install/rmf_visualization/lib/python3.12/site-packages'
[71.400s] Level 1:colcon.colcon_core.environment:checking '/home/maria/rmf_ws/install/rmf_visualization/bin'
[71.401s] INFO:colcon.colcon_core.shell:Creating package script '/home/maria/rmf_ws/install/rmf_visualization/share/rmf_visualization/package.ps1'
[71.401s] INFO:colcon.colcon_core.shell:Creating package descriptor '/home/maria/rmf_ws/install/rmf_visualization/share/rmf_visualization/package.dsv'
[71.401s] INFO:colcon.colcon_core.shell:Creating package script '/home/maria/rmf_ws/install/rmf_visualization/share/rmf_visualization/package.sh'
[71.401s] INFO:colcon.colcon_core.shell:Creating package script '/home/maria/rmf_ws/install/rmf_visualization/share/rmf_visualization/package.bash'
[71.402s] INFO:colcon.colcon_core.shell:Creating package script '/home/maria/rmf_ws/install/rmf_visualization/share/rmf_visualization/package.zsh'
[71.402s] Level 1:colcon.colcon_core.environment:create_file_with_runtime_dependencies(/home/maria/rmf_ws/install/rmf_visualization/share/colcon-core/packages/rmf_visualization)
[71.402s] Level 1:colcon.colcon_core.environment:create_environment_scripts_only(rmf_visualization)
[71.402s] Level 1:colcon.colcon_core.environment:checking '/home/maria/rmf_ws/install/rmf_visualization' for CMake module files
[71.403s] Level 1:colcon.colcon_core.environment:checking '/home/maria/rmf_ws/install/rmf_visualization' for CMake config files
[71.403s] Level 1:colcon.colcon_core.shell:create_environment_hook('rmf_visualization', 'cmake_prefix_path')
[71.403s] INFO:colcon.colcon_core.shell:Creating environment hook '/home/maria/rmf_ws/install/rmf_visualization/share/rmf_visualization/hook/cmake_prefix_path.ps1'
[71.403s] INFO:colcon.colcon_core.shell:Creating environment descriptor '/home/maria/rmf_ws/install/rmf_visualization/share/rmf_visualization/hook/cmake_prefix_path.dsv'
[71.404s] INFO:colcon.colcon_core.shell:Creating environment hook '/home/maria/rmf_ws/install/rmf_visualization/share/rmf_visualization/hook/cmake_prefix_path.sh'
[71.404s] Level 1:colcon.colcon_core.environment:checking '/home/maria/rmf_ws/install/rmf_visualization/bin'
[71.404s] Level 1:colcon.colcon_core.environment:checking '/home/maria/rmf_ws/install/rmf_visualization/lib/pkgconfig/rmf_visualization.pc'
[71.404s] Level 1:colcon.colcon_core.environment:checking '/home/maria/rmf_ws/install/rmf_visualization/lib/python3.12/site-packages'
[71.405s] Level 1:colcon.colcon_core.environment:checking '/home/maria/rmf_ws/install/rmf_visualization/bin'
[71.405s] INFO:colcon.colcon_core.shell:Creating package script '/home/maria/rmf_ws/install/rmf_visualization/share/rmf_visualization/package.ps1'
[71.405s] INFO:colcon.colcon_core.shell:Creating package descriptor '/home/maria/rmf_ws/install/rmf_visualization/share/rmf_visualization/package.dsv'
[71.405s] INFO:colcon.colcon_core.shell:Creating package script '/home/maria/rmf_ws/install/rmf_visualization/share/rmf_visualization/package.sh'
[71.406s] INFO:colcon.colcon_core.shell:Creating package script '/home/maria/rmf_ws/install/rmf_visualization/share/rmf_visualization/package.bash'
[71.406s] INFO:colcon.colcon_core.shell:Creating package script '/home/maria/rmf_ws/install/rmf_visualization/share/rmf_visualization/package.zsh'
[71.406s] Level 1:colcon.colcon_core.environment:create_file_with_runtime_dependencies(/home/maria/rmf_ws/install/rmf_visualization/share/colcon-core/packages/rmf_visualization)
[95.087s] DEBUG:colcon.colcon_core.event_handler.log_command:Invoked command in '/home/maria/rmf_ws/build/project_maps' returned '0': CMAKE_PREFIX_PATH=/rmf_demos_ws/install/rmf_workcell_msgs:/rmf_demos_ws/install/rmf_demos_gz:/rmf_demos_ws/install/rmf_demos:/rmf_demos_ws/install/rmf_reservation_node:/rmf_demos_ws/install/rmf_fleet_adapter_python:/rmf_demos_ws/install/rmf_fleet_adapter:/rmf_demos_ws/install/rmf_task_ros2:/rmf_demos_ws/install/rmf_websocket:/rmf_demos_ws/install/rmf_visualization:/rmf_demos_ws/install/rmf_visualization_schedule:/rmf_demos_ws/install/rmf_visualization_rviz2_plugins:/rmf_demos_ws/install/rmf_visualization_obstacles:/rmf_demos_ws/install/rmf_visualization_navgraphs:/rmf_demos_ws/install/rmf_visualization_floorplans:/rmf_demos_ws/install/rmf_visualization_fleet_states:/rmf_demos_ws/install/rmf_visualization_msgs:/rmf_demos_ws/install/rmf_traffic_ros2:/rmf_demos_ws/install/rmf_task_sequence:/rmf_demos_ws/install/rmf_task:/rmf_demos_ws/install/rmf_battery:/rmf_demos_ws/install/rmf_traffic:/rmf_demos_ws/install/rmf_utils:/rmf_demos_ws/install/rmf_traffic_msgs:/rmf_demos_ws/install/rmf_traffic_editor_test_maps:/rmf_demos_ws/install/rmf_traffic_editor_assets:/rmf_demos_ws/install/rmf_traffic_editor:/rmf_demos_ws/install/rmf_task_msgs:/rmf_demos_ws/install/rmf_site_map_msgs:/rmf_demos_ws/install/rmf_scheduler_msgs:/rmf_demos_ws/install/rmf_robot_sim_gz_plugins:/rmf_demos_ws/install/rmf_robot_sim_common:/rmf_demos_ws/install/rmf_reservation_msgs:/rmf_demos_ws/install/rmf_obstacle_msgs:/rmf_demos_ws/install/rmf_building_sim_gz_plugins:/rmf_demos_ws/install/rmf_lift_msgs:/rmf_demos_ws/install/rmf_ingestor_msgs:/rmf_demos_ws/install/rmf_fleet_msgs:/rmf_demos_ws/install/rmf_door_msgs:/rmf_demos_ws/install/rmf_dispenser_msgs:/rmf_demos_ws/install/rmf_demos_maps:/rmf_demos_ws/install/rmf_demos_assets:/rmf_demos_ws/install/rmf_charger_msgs:/rmf_demos_ws/install/rmf_building_map_msgs:/rmf_demos_ws/install/rmf_api_msgs:/rmf_demos_ws/install/nlohmann_json_schema_validator_vendor:/rmf_demos_ws/install/rmf_demos_fleet_adapter:/rmf_demos_ws/install/rmf_visualization_building_systems:/rmf_demos_ws/install/rmf_traffic_examples:/rmf_demos_ws/install/rmf_demos_bridges:/rmf_demos_ws/install/rmf_demos_tasks:/rmf_demos_ws/install/rmf_building_map_tools:/rmf_demos_ws/install/rmf_charging_schedule:/opt/ros/jazzy:/rmf_demos_ws/install/menge_vendor:/rmf_demos_ws/install/ament_cmake_catch2:/opt/ros/jazzy/opt/gz_sim_vendor:/opt/ros/jazzy/opt/gz_sensors_vendor:/opt/ros/jazzy/opt/gz_physics_vendor:/opt/ros/jazzy/opt/sdformat_vendor:/opt/ros/jazzy/opt/gz_gui_vendor:/opt/ros/jazzy/opt/gz_transport_vendor:/opt/ros/jazzy/opt/gz_rendering_vendor:/opt/ros/jazzy/opt/gz_plugin_vendor:/opt/ros/jazzy/opt/gz_fuel_tools_vendor:/opt/ros/jazzy/opt/gz_msgs_vendor:/opt/ros/jazzy/opt/gz_common_vendor:/opt/ros/jazzy/opt/gz_math_vendor:/opt/ros/jazzy/opt/gz_utils_vendor:/opt/ros/jazzy/opt/gz_tools_vendor:/opt/ros/jazzy/opt/gz_ogre_next_vendor:/opt/ros/jazzy/opt/gz_dartsim_vendor:/opt/ros/jazzy/opt/gz_cmake_vendor /usr/bin/cmake --build /home/maria/rmf_ws/build/project_maps -- -j8 -l8
[95.088s] DEBUG:colcon.colcon_core.event_handler.log_command:Invoking command in '/home/maria/rmf_ws/build/project_maps': CMAKE_PREFIX_PATH=/rmf_demos_ws/install/rmf_workcell_msgs:/rmf_demos_ws/install/rmf_demos_gz:/rmf_demos_ws/install/rmf_demos:/rmf_demos_ws/install/rmf_reservation_node:/rmf_demos_ws/install/rmf_fleet_adapter_python:/rmf_demos_ws/install/rmf_fleet_adapter:/rmf_demos_ws/install/rmf_task_ros2:/rmf_demos_ws/install/rmf_websocket:/rmf_demos_ws/install/rmf_visualization:/rmf_demos_ws/install/rmf_visualization_schedule:/rmf_demos_ws/install/rmf_visualization_rviz2_plugins:/rmf_demos_ws/install/rmf_visualization_obstacles:/rmf_demos_ws/install/rmf_visualization_navgraphs:/rmf_demos_ws/install/rmf_visualization_floorplans:/rmf_demos_ws/install/rmf_visualization_fleet_states:/rmf_demos_ws/install/rmf_visualization_msgs:/rmf_demos_ws/install/rmf_traffic_ros2:/rmf_demos_ws/install/rmf_task_sequence:/rmf_demos_ws/install/rmf_task:/rmf_demos_ws/install/rmf_battery:/rmf_demos_ws/install/rmf_traffic:/rmf_demos_ws/install/rmf_utils:/rmf_demos_ws/install/rmf_traffic_msgs:/rmf_demos_ws/install/rmf_traffic_editor_test_maps:/rmf_demos_ws/install/rmf_traffic_editor_assets:/rmf_demos_ws/install/rmf_traffic_editor:/rmf_demos_ws/install/rmf_task_msgs:/rmf_demos_ws/install/rmf_site_map_msgs:/rmf_demos_ws/install/rmf_scheduler_msgs:/rmf_demos_ws/install/rmf_robot_sim_gz_plugins:/rmf_demos_ws/install/rmf_robot_sim_common:/rmf_demos_ws/install/rmf_reservation_msgs:/rmf_demos_ws/install/rmf_obstacle_msgs:/rmf_demos_ws/install/rmf_building_sim_gz_plugins:/rmf_demos_ws/install/rmf_lift_msgs:/rmf_demos_ws/install/rmf_ingestor_msgs:/rmf_demos_ws/install/rmf_fleet_msgs:/rmf_demos_ws/install/rmf_door_msgs:/rmf_demos_ws/install/rmf_dispenser_msgs:/rmf_demos_ws/install/rmf_demos_maps:/rmf_demos_ws/install/rmf_demos_assets:/rmf_demos_ws/install/rmf_charger_msgs:/rmf_demos_ws/install/rmf_building_map_msgs:/rmf_demos_ws/install/rmf_api_msgs:/rmf_demos_ws/install/nlohmann_json_schema_validator_vendor:/rmf_demos_ws/install/rmf_demos_fleet_adapter:/rmf_demos_ws/install/rmf_visualization_building_systems:/rmf_demos_ws/install/rmf_traffic_examples:/rmf_demos_ws/install/rmf_demos_bridges:/rmf_demos_ws/install/rmf_demos_tasks:/rmf_demos_ws/install/rmf_building_map_tools:/rmf_demos_ws/install/rmf_charging_schedule:/opt/ros/jazzy:/rmf_demos_ws/install/menge_vendor:/rmf_demos_ws/install/ament_cmake_catch2:/opt/ros/jazzy/opt/gz_sim_vendor:/opt/ros/jazzy/opt/gz_sensors_vendor:/opt/ros/jazzy/opt/gz_physics_vendor:/opt/ros/jazzy/opt/sdformat_vendor:/opt/ros/jazzy/opt/gz_gui_vendor:/opt/ros/jazzy/opt/gz_transport_vendor:/opt/ros/jazzy/opt/gz_rendering_vendor:/opt/ros/jazzy/opt/gz_plugin_vendor:/opt/ros/jazzy/opt/gz_fuel_tools_vendor:/opt/ros/jazzy/opt/gz_msgs_vendor:/opt/ros/jazzy/opt/gz_common_vendor:/opt/ros/jazzy/opt/gz_math_vendor:/opt/ros/jazzy/opt/gz_utils_vendor:/opt/ros/jazzy/opt/gz_tools_vendor:/opt/ros/jazzy/opt/gz_ogre_next_vendor:/opt/ros/jazzy/opt/gz_dartsim_vendor:/opt/ros/jazzy/opt/gz_cmake_vendor /usr/bin/cmake --install /home/maria/rmf_ws/build/project_maps
[102.241s] DEBUG:colcon.colcon_core.event_handler.log_command:Invoked command in '/home/maria/rmf_ws/build/rmf_robot_sim_gz_plugins' returned '0': AMENT_PREFIX_PATH=/home/maria/rmf_ws/install/rmf_robot_sim_common:/home/maria/rmf_ws/install/rmf_building_sim_gz_plugins:${AMENT_PREFIX_PATH} CMAKE_PREFIX_PATH=/home/maria/rmf_ws/install/rmf_robot_sim_common:/home/maria/rmf_ws/install/rmf_building_sim_gz_plugins:/rmf_demos_ws/install/rmf_workcell_msgs:/rmf_demos_ws/install/rmf_demos_gz:/rmf_demos_ws/install/rmf_demos:/rmf_demos_ws/install/rmf_reservation_node:/rmf_demos_ws/install/rmf_fleet_adapter_python:/rmf_demos_ws/install/rmf_fleet_adapter:/rmf_demos_ws/install/rmf_task_ros2:/rmf_demos_ws/install/rmf_websocket:/rmf_demos_ws/install/rmf_visualization:/rmf_demos_ws/install/rmf_visualization_schedule:/rmf_demos_ws/install/rmf_visualization_rviz2_plugins:/rmf_demos_ws/install/rmf_visualization_obstacles:/rmf_demos_ws/install/rmf_visualization_navgraphs:/rmf_demos_ws/install/rmf_visualization_floorplans:/rmf_demos_ws/install/rmf_visualization_fleet_states:/rmf_demos_ws/install/rmf_visualization_msgs:/rmf_demos_ws/install/rmf_traffic_ros2:/rmf_demos_ws/install/rmf_task_sequence:/rmf_demos_ws/install/rmf_task:/rmf_demos_ws/install/rmf_battery:/rmf_demos_ws/install/rmf_traffic:/rmf_demos_ws/install/rmf_utils:/rmf_demos_ws/install/rmf_traffic_msgs:/rmf_demos_ws/install/rmf_traffic_editor_test_maps:/rmf_demos_ws/install/rmf_traffic_editor_assets:/rmf_demos_ws/install/rmf_traffic_editor:/rmf_demos_ws/install/rmf_task_msgs:/rmf_demos_ws/install/rmf_site_map_msgs:/rmf_demos_ws/install/rmf_scheduler_msgs:/rmf_demos_ws/install/rmf_robot_sim_gz_plugins:/rmf_demos_ws/install/rmf_robot_sim_common:/rmf_demos_ws/install/rmf_reservation_msgs:/rmf_demos_ws/install/rmf_obstacle_msgs:/rmf_demos_ws/install/rmf_building_sim_gz_plugins:/rmf_demos_ws/install/rmf_lift_msgs:/rmf_demos_ws/install/rmf_ingestor_msgs:/rmf_demos_ws/install/rmf_fleet_msgs:/rmf_demos_ws/install/rmf_door_msgs:/rmf_demos_ws/install/rmf_dispenser_msgs:/rmf_demos_ws/install/rmf_demos_maps:/rmf_demos_ws/install/rmf_demos_assets:/rmf_demos_ws/install/rmf_charger_msgs:/rmf_demos_ws/install/rmf_building_map_msgs:/rmf_demos_ws/install/rmf_api_msgs:/rmf_demos_ws/install/nlohmann_json_schema_validator_vendor:/rmf_demos_ws/install/rmf_demos_fleet_adapter:/rmf_demos_ws/install/rmf_visualization_building_systems:/rmf_demos_ws/install/rmf_traffic_examples:/rmf_demos_ws/install/rmf_demos_bridges:/rmf_demos_ws/install/rmf_demos_tasks:/rmf_demos_ws/install/rmf_building_map_tools:/rmf_demos_ws/install/rmf_charging_schedule:/opt/ros/jazzy:/rmf_demos_ws/install/menge_vendor:/rmf_demos_ws/install/ament_cmake_catch2:/opt/ros/jazzy/opt/gz_sim_vendor:/opt/ros/jazzy/opt/gz_sensors_vendor:/opt/ros/jazzy/opt/gz_physics_vendor:/opt/ros/jazzy/opt/sdformat_vendor:/opt/ros/jazzy/opt/gz_gui_vendor:/opt/ros/jazzy/opt/gz_transport_vendor:/opt/ros/jazzy/opt/gz_rendering_vendor:/opt/ros/jazzy/opt/gz_plugin_vendor:/opt/ros/jazzy/opt/gz_fuel_tools_vendor:/opt/ros/jazzy/opt/gz_msgs_vendor:/opt/ros/jazzy/opt/gz_common_vendor:/opt/ros/jazzy/opt/gz_math_vendor:/opt/ros/jazzy/opt/gz_utils_vendor:/opt/ros/jazzy/opt/gz_tools_vendor:/opt/ros/jazzy/opt/gz_ogre_next_vendor:/opt/ros/jazzy/opt/gz_dartsim_vendor:/opt/ros/jazzy/opt/gz_cmake_vendor LD_LIBRARY_PATH=/home/maria/rmf_ws/install/rmf_robot_sim_common/lib:${LD_LIBRARY_PATH} /usr/bin/cmake --build /home/maria/rmf_ws/build/rmf_robot_sim_gz_plugins -- -j8 -l8
[102.242s] DEBUG:colcon.colcon_core.event_handler.log_command:Invoking command in '/home/maria/rmf_ws/build/rmf_robot_sim_gz_plugins': AMENT_PREFIX_PATH=/home/maria/rmf_ws/install/rmf_robot_sim_common:/home/maria/rmf_ws/install/rmf_building_sim_gz_plugins:${AMENT_PREFIX_PATH} CMAKE_PREFIX_PATH=/home/maria/rmf_ws/install/rmf_robot_sim_common:/home/maria/rmf_ws/install/rmf_building_sim_gz_plugins:/rmf_demos_ws/install/rmf_workcell_msgs:/rmf_demos_ws/install/rmf_demos_gz:/rmf_demos_ws/install/rmf_demos:/rmf_demos_ws/install/rmf_reservation_node:/rmf_demos_ws/install/rmf_fleet_adapter_python:/rmf_demos_ws/install/rmf_fleet_adapter:/rmf_demos_ws/install/rmf_task_ros2:/rmf_demos_ws/install/rmf_websocket:/rmf_demos_ws/install/rmf_visualization:/rmf_demos_ws/install/rmf_visualization_schedule:/rmf_demos_ws/install/rmf_visualization_rviz2_plugins:/rmf_demos_ws/install/rmf_visualization_obstacles:/rmf_demos_ws/install/rmf_visualization_navgraphs:/rmf_demos_ws/install/rmf_visualization_floorplans:/rmf_demos_ws/install/rmf_visualization_fleet_states:/rmf_demos_ws/install/rmf_visualization_msgs:/rmf_demos_ws/install/rmf_traffic_ros2:/rmf_demos_ws/install/rmf_task_sequence:/rmf_demos_ws/install/rmf_task:/rmf_demos_ws/install/rmf_battery:/rmf_demos_ws/install/rmf_traffic:/rmf_demos_ws/install/rmf_utils:/rmf_demos_ws/install/rmf_traffic_msgs:/rmf_demos_ws/install/rmf_traffic_editor_test_maps:/rmf_demos_ws/install/rmf_traffic_editor_assets:/rmf_demos_ws/install/rmf_traffic_editor:/rmf_demos_ws/install/rmf_task_msgs:/rmf_demos_ws/install/rmf_site_map_msgs:/rmf_demos_ws/install/rmf_scheduler_msgs:/rmf_demos_ws/install/rmf_robot_sim_gz_plugins:/rmf_demos_ws/install/rmf_robot_sim_common:/rmf_demos_ws/install/rmf_reservation_msgs:/rmf_demos_ws/install/rmf_obstacle_msgs:/rmf_demos_ws/install/rmf_building_sim_gz_plugins:/rmf_demos_ws/install/rmf_lift_msgs:/rmf_demos_ws/install/rmf_ingestor_msgs:/rmf_demos_ws/install/rmf_fleet_msgs:/rmf_demos_ws/install/rmf_door_msgs:/rmf_demos_ws/install/rmf_dispenser_msgs:/rmf_demos_ws/install/rmf_demos_maps:/rmf_demos_ws/install/rmf_demos_assets:/rmf_demos_ws/install/rmf_charger_msgs:/rmf_demos_ws/install/rmf_building_map_msgs:/rmf_demos_ws/install/rmf_api_msgs:/rmf_demos_ws/install/nlohmann_json_schema_validator_vendor:/rmf_demos_ws/install/rmf_demos_fleet_adapter:/rmf_demos_ws/install/rmf_visualization_building_systems:/rmf_demos_ws/install/rmf_traffic_examples:/rmf_demos_ws/install/rmf_demos_bridges:/rmf_demos_ws/install/rmf_demos_tasks:/rmf_demos_ws/install/rmf_building_map_tools:/rmf_demos_ws/install/rmf_charging_schedule:/opt/ros/jazzy:/rmf_demos_ws/install/menge_vendor:/rmf_demos_ws/install/ament_cmake_catch2:/opt/ros/jazzy/opt/gz_sim_vendor:/opt/ros/jazzy/opt/gz_sensors_vendor:/opt/ros/jazzy/opt/gz_physics_vendor:/opt/ros/jazzy/opt/sdformat_vendor:/opt/ros/jazzy/opt/gz_gui_vendor:/opt/ros/jazzy/opt/gz_transport_vendor:/opt/ros/jazzy/opt/gz_rendering_vendor:/opt/ros/jazzy/opt/gz_plugin_vendor:/opt/ros/jazzy/opt/gz_fuel_tools_vendor:/opt/ros/jazzy/opt/gz_msgs_vendor:/opt/ros/jazzy/opt/gz_common_vendor:/opt/ros/jazzy/opt/gz_math_vendor:/opt/ros/jazzy/opt/gz_utils_vendor:/opt/ros/jazzy/opt/gz_tools_vendor:/opt/ros/jazzy/opt/gz_ogre_next_vendor:/opt/ros/jazzy/opt/gz_dartsim_vendor:/opt/ros/jazzy/opt/gz_cmake_vendor LD_LIBRARY_PATH=/home/maria/rmf_ws/install/rmf_robot_sim_common/lib:${LD_LIBRARY_PATH} /usr/bin/cmake --install /home/maria/rmf_ws/build/rmf_robot_sim_gz_plugins
[102.456s] Level 1:colcon.colcon_core.environment:create_environment_scripts_only(rmf_robot_sim_gz_plugins)
[102.456s] Level 1:colcon.colcon_core.environment:checking '/home/maria/rmf_ws/install/rmf_robot_sim_gz_plugins' for CMake module files
[102.457s] DEBUG:colcon.colcon_core.event_handler.log_command:Invoked command in '/home/maria/rmf_ws/build/rmf_robot_sim_gz_plugins' returned '0': AMENT_PREFIX_PATH=/home/maria/rmf_ws/install/rmf_robot_sim_common:/home/maria/rmf_ws/install/rmf_building_sim_gz_plugins:${AMENT_PREFIX_PATH} CMAKE_PREFIX_PATH=/home/maria/rmf_ws/install/rmf_robot_sim_common:/home/maria/rmf_ws/install/rmf_building_sim_gz_plugins:/rmf_demos_ws/install/rmf_workcell_msgs:/rmf_demos_ws/install/rmf_demos_gz:/rmf_demos_ws/install/rmf_demos:/rmf_demos_ws/install/rmf_reservation_node:/rmf_demos_ws/install/rmf_fleet_adapter_python:/rmf_demos_ws/install/rmf_fleet_adapter:/rmf_demos_ws/install/rmf_task_ros2:/rmf_demos_ws/install/rmf_websocket:/rmf_demos_ws/install/rmf_visualization:/rmf_demos_ws/install/rmf_visualization_schedule:/rmf_demos_ws/install/rmf_visualization_rviz2_plugins:/rmf_demos_ws/install/rmf_visualization_obstacles:/rmf_demos_ws/install/rmf_visualization_navgraphs:/rmf_demos_ws/install/rmf_visualization_floorplans:/rmf_demos_ws/install/rmf_visualization_fleet_states:/rmf_demos_ws/install/rmf_visualization_msgs:/rmf_demos_ws/install/rmf_traffic_ros2:/rmf_demos_ws/install/rmf_task_sequence:/rmf_demos_ws/install/rmf_task:/rmf_demos_ws/install/rmf_battery:/rmf_demos_ws/install/rmf_traffic:/rmf_demos_ws/install/rmf_utils:/rmf_demos_ws/install/rmf_traffic_msgs:/rmf_demos_ws/install/rmf_traffic_editor_test_maps:/rmf_demos_ws/install/rmf_traffic_editor_assets:/rmf_demos_ws/install/rmf_traffic_editor:/rmf_demos_ws/install/rmf_task_msgs:/rmf_demos_ws/install/rmf_site_map_msgs:/rmf_demos_ws/install/rmf_scheduler_msgs:/rmf_demos_ws/install/rmf_robot_sim_gz_plugins:/rmf_demos_ws/install/rmf_robot_sim_common:/rmf_demos_ws/install/rmf_reservation_msgs:/rmf_demos_ws/install/rmf_obstacle_msgs:/rmf_demos_ws/install/rmf_building_sim_gz_plugins:/rmf_demos_ws/install/rmf_lift_msgs:/rmf_demos_ws/install/rmf_ingestor_msgs:/rmf_demos_ws/install/rmf_fleet_msgs:/rmf_demos_ws/install/rmf_door_msgs:/rmf_demos_ws/install/rmf_dispenser_msgs:/rmf_demos_ws/install/rmf_demos_maps:/rmf_demos_ws/install/rmf_demos_assets:/rmf_demos_ws/install/rmf_charger_msgs:/rmf_demos_ws/install/rmf_building_map_msgs:/rmf_demos_ws/install/rmf_api_msgs:/rmf_demos_ws/install/nlohmann_json_schema_validator_vendor:/rmf_demos_ws/install/rmf_demos_fleet_adapter:/rmf_demos_ws/install/rmf_visualization_building_systems:/rmf_demos_ws/install/rmf_traffic_examples:/rmf_demos_ws/install/rmf_demos_bridges:/rmf_demos_ws/install/rmf_demos_tasks:/rmf_demos_ws/install/rmf_building_map_tools:/rmf_demos_ws/install/rmf_charging_schedule:/opt/ros/jazzy:/rmf_demos_ws/install/menge_vendor:/rmf_demos_ws/install/ament_cmake_catch2:/opt/ros/jazzy/opt/gz_sim_vendor:/opt/ros/jazzy/opt/gz_sensors_vendor:/opt/ros/jazzy/opt/gz_physics_vendor:/opt/ros/jazzy/opt/sdformat_vendor:/opt/ros/jazzy/opt/gz_gui_vendor:/opt/ros/jazzy/opt/gz_transport_vendor:/opt/ros/jazzy/opt/gz_rendering_vendor:/opt/ros/jazzy/opt/gz_plugin_vendor:/opt/ros/jazzy/opt/gz_fuel_tools_vendor:/opt/ros/jazzy/opt/gz_msgs_vendor:/opt/ros/jazzy/opt/gz_common_vendor:/opt/ros/jazzy/opt/gz_math_vendor:/opt/ros/jazzy/opt/gz_utils_vendor:/opt/ros/jazzy/opt/gz_tools_vendor:/opt/ros/jazzy/opt/gz_ogre_next_vendor:/opt/ros/jazzy/opt/gz_dartsim_vendor:/opt/ros/jazzy/opt/gz_cmake_vendor LD_LIBRARY_PATH=/home/maria/rmf_ws/install/rmf_robot_sim_common/lib:${LD_LIBRARY_PATH} /usr/bin/cmake --install /home/maria/rmf_ws/build/rmf_robot_sim_gz_plugins
[102.457s] Level 1:colcon.colcon_core.environment:checking '/home/maria/rmf_ws/install/rmf_robot_sim_gz_plugins' for CMake config files
[102.457s] Level 1:colcon.colcon_core.shell:create_environment_hook('rmf_robot_sim_gz_plugins', 'cmake_prefix_path')
[102.457s] INFO:colcon.colcon_core.shell:Creating environment hook '/home/maria/rmf_ws/install/rmf_robot_sim_gz_plugins/share/rmf_robot_sim_gz_plugins/hook/cmake_prefix_path.ps1'
[102.458s] INFO:colcon.colcon_core.shell:Creating environment descriptor '/home/maria/rmf_ws/install/rmf_robot_sim_gz_plugins/share/rmf_robot_sim_gz_plugins/hook/cmake_prefix_path.dsv'
[102.458s] INFO:colcon.colcon_core.shell:Creating environment hook '/home/maria/rmf_ws/install/rmf_robot_sim_gz_plugins/share/rmf_robot_sim_gz_plugins/hook/cmake_prefix_path.sh'
[102.458s] Level 1:colcon.colcon_core.environment:checking '/home/maria/rmf_ws/install/rmf_robot_sim_gz_plugins/lib'
[102.458s] Level 1:colcon.colcon_core.environment:checking '/home/maria/rmf_ws/install/rmf_robot_sim_gz_plugins/bin'
[102.458s] Level 1:colcon.colcon_core.environment:checking '/home/maria/rmf_ws/install/rmf_robot_sim_gz_plugins/lib/pkgconfig/rmf_robot_sim_gz_plugins.pc'
[102.459s] Level 1:colcon.colcon_core.environment:checking '/home/maria/rmf_ws/install/rmf_robot_sim_gz_plugins/lib/python3.12/site-packages'
[102.459s] Level 1:colcon.colcon_core.environment:checking '/home/maria/rmf_ws/install/rmf_robot_sim_gz_plugins/bin'
[102.459s] INFO:colcon.colcon_core.shell:Creating package script '/home/maria/rmf_ws/install/rmf_robot_sim_gz_plugins/share/rmf_robot_sim_gz_plugins/package.ps1'
[102.459s] INFO:colcon.colcon_core.shell:Creating package descriptor '/home/maria/rmf_ws/install/rmf_robot_sim_gz_plugins/share/rmf_robot_sim_gz_plugins/package.dsv'
[102.460s] INFO:colcon.colcon_core.shell:Creating package script '/home/maria/rmf_ws/install/rmf_robot_sim_gz_plugins/share/rmf_robot_sim_gz_plugins/package.sh'
[102.460s] INFO:colcon.colcon_core.shell:Creating package script '/home/maria/rmf_ws/install/rmf_robot_sim_gz_plugins/share/rmf_robot_sim_gz_plugins/package.bash'
[102.460s] INFO:colcon.colcon_core.shell:Creating package script '/home/maria/rmf_ws/install/rmf_robot_sim_gz_plugins/share/rmf_robot_sim_gz_plugins/package.zsh'
[102.460s] Level 1:colcon.colcon_core.environment:create_file_with_runtime_dependencies(/home/maria/rmf_ws/install/rmf_robot_sim_gz_plugins/share/colcon-core/packages/rmf_robot_sim_gz_plugins)
[102.461s] Level 1:colcon.colcon_core.environment:create_environment_scripts_only(rmf_robot_sim_gz_plugins)
[102.461s] Level 1:colcon.colcon_core.environment:checking '/home/maria/rmf_ws/install/rmf_robot_sim_gz_plugins' for CMake module files
[102.461s] Level 1:colcon.colcon_core.environment:checking '/home/maria/rmf_ws/install/rmf_robot_sim_gz_plugins' for CMake config files
[102.461s] Level 1:colcon.colcon_core.shell:create_environment_hook('rmf_robot_sim_gz_plugins', 'cmake_prefix_path')
[102.461s] INFO:colcon.colcon_core.shell:Creating environment hook '/home/maria/rmf_ws/install/rmf_robot_sim_gz_plugins/share/rmf_robot_sim_gz_plugins/hook/cmake_prefix_path.ps1'
[102.462s] INFO:colcon.colcon_core.shell:Creating environment descriptor '/home/maria/rmf_ws/install/rmf_robot_sim_gz_plugins/share/rmf_robot_sim_gz_plugins/hook/cmake_prefix_path.dsv'
[102.462s] INFO:colcon.colcon_core.shell:Creating environment hook '/home/maria/rmf_ws/install/rmf_robot_sim_gz_plugins/share/rmf_robot_sim_gz_plugins/hook/cmake_prefix_path.sh'
[102.462s] Level 1:colcon.colcon_core.environment:checking '/home/maria/rmf_ws/install/rmf_robot_sim_gz_plugins/lib'
[102.463s] Level 1:colcon.colcon_core.environment:checking '/home/maria/rmf_ws/install/rmf_robot_sim_gz_plugins/bin'
[102.463s] Level 1:colcon.colcon_core.environment:checking '/home/maria/rmf_ws/install/rmf_robot_sim_gz_plugins/lib/pkgconfig/rmf_robot_sim_gz_plugins.pc'
[102.463s] Level 1:colcon.colcon_core.environment:checking '/home/maria/rmf_ws/install/rmf_robot_sim_gz_plugins/lib/python3.12/site-packages'
[102.463s] Level 1:colcon.colcon_core.environment:checking '/home/maria/rmf_ws/install/rmf_robot_sim_gz_plugins/bin'
[102.463s] INFO:colcon.colcon_core.shell:Creating package script '/home/maria/rmf_ws/install/rmf_robot_sim_gz_plugins/share/rmf_robot_sim_gz_plugins/package.ps1'
[102.464s] INFO:colcon.colcon_core.shell:Creating package descriptor '/home/maria/rmf_ws/install/rmf_robot_sim_gz_plugins/share/rmf_robot_sim_gz_plugins/package.dsv'
[102.464s] INFO:colcon.colcon_core.shell:Creating package script '/home/maria/rmf_ws/install/rmf_robot_sim_gz_plugins/share/rmf_robot_sim_gz_plugins/package.sh'
[102.464s] INFO:colcon.colcon_core.shell:Creating package script '/home/maria/rmf_ws/install/rmf_robot_sim_gz_plugins/share/rmf_robot_sim_gz_plugins/package.bash'
[102.465s] INFO:colcon.colcon_core.shell:Creating package script '/home/maria/rmf_ws/install/rmf_robot_sim_gz_plugins/share/rmf_robot_sim_gz_plugins/package.zsh'
[102.465s] Level 1:colcon.colcon_core.environment:create_file_with_runtime_dependencies(/home/maria/rmf_ws/install/rmf_robot_sim_gz_plugins/share/colcon-core/packages/rmf_robot_sim_gz_plugins)
[102.465s] INFO:colcon.colcon_ros.task.ament_cmake.build:Building ROS package in '/home/maria/rmf_ws/src/first_project' with build type 'ament_cmake'
[102.465s] INFO:colcon.colcon_cmake.task.cmake.build:Building CMake package in '/home/maria/rmf_ws/src/first_project'
[102.466s] INFO:colcon.colcon_core.shell:Skip shell extension 'powershell' for command environment: Not usable outside of PowerShell
[102.466s] DEBUG:colcon.colcon_core.shell:Skip shell extension 'dsv' for command environment
[102.472s] INFO:colcon.colcon_ros.task.ament_cmake.build:Building ROS package in '/home/maria/rmf_ws/src/large_project' with build type 'ament_cmake'
[102.472s] INFO:colcon.colcon_cmake.task.cmake.build:Building CMake package in '/home/maria/rmf_ws/src/large_project'
[102.472s] INFO:colcon.colcon_core.shell:Skip shell extension 'powershell' for command environment: Not usable outside of PowerShell
[102.472s] DEBUG:colcon.colcon_core.shell:Skip shell extension 'dsv' for command environment
[102.500s] DEBUG:colcon.colcon_core.event_handler.log_command:Invoking command in '/home/maria/rmf_ws/build/first_project': AMENT_PREFIX_PATH=/home/maria/rmf_ws/install/rmf_visualization:/home/maria/rmf_ws/install/rmf_robot_sim_gz_plugins:/home/maria/rmf_ws/install/rmf_visualization_schedule:/home/maria/rmf_ws/install/rmf_visualization_rviz2_plugins:/home/maria/rmf_ws/install/rmf_visualization_obstacles:/home/maria/rmf_ws/install/rmf_visualization_navgraphs:/home/maria/rmf_ws/install/rmf_visualization_floorplans:/home/maria/rmf_ws/install/rmf_visualization_fleet_states:/home/maria/rmf_ws/install/rmf_visualization_building_systems:/home/maria/rmf_ws/install/rmf_robot_sim_common:/home/maria/rmf_ws/install/rmf_building_sim_gz_plugins:${AMENT_PREFIX_PATH} CMAKE_PREFIX_PATH=/home/maria/rmf_ws/install/rmf_visualization:/home/maria/rmf_ws/install/rmf_robot_sim_gz_plugins:/home/maria/rmf_ws/install/rmf_visualization_schedule:/home/maria/rmf_ws/install/rmf_visualization_rviz2_plugins:/home/maria/rmf_ws/install/rmf_visualization_obstacles:/home/maria/rmf_ws/install/rmf_visualization_navgraphs:/home/maria/rmf_ws/install/rmf_visualization_floorplans:/home/maria/rmf_ws/install/rmf_visualization_fleet_states:/home/maria/rmf_ws/install/rmf_robot_sim_common:/home/maria/rmf_ws/install/rmf_building_sim_gz_plugins:/rmf_demos_ws/install/rmf_workcell_msgs:/rmf_demos_ws/install/rmf_demos_gz:/rmf_demos_ws/install/rmf_demos:/rmf_demos_ws/install/rmf_reservation_node:/rmf_demos_ws/install/rmf_fleet_adapter_python:/rmf_demos_ws/install/rmf_fleet_adapter:/rmf_demos_ws/install/rmf_task_ros2:/rmf_demos_ws/install/rmf_websocket:/rmf_demos_ws/install/rmf_visualization:/rmf_demos_ws/install/rmf_visualization_schedule:/rmf_demos_ws/install/rmf_visualization_rviz2_plugins:/rmf_demos_ws/install/rmf_visualization_obstacles:/rmf_demos_ws/install/rmf_visualization_navgraphs:/rmf_demos_ws/install/rmf_visualization_floorplans:/rmf_demos_ws/install/rmf_visualization_fleet_states:/rmf_demos_ws/install/rmf_visualization_msgs:/rmf_demos_ws/install/rmf_traffic_ros2:/rmf_demos_ws/install/rmf_task_sequence:/rmf_demos_ws/install/rmf_task:/rmf_demos_ws/install/rmf_battery:/rmf_demos_ws/install/rmf_traffic:/rmf_demos_ws/install/rmf_utils:/rmf_demos_ws/install/rmf_traffic_msgs:/rmf_demos_ws/install/rmf_traffic_editor_test_maps:/rmf_demos_ws/install/rmf_traffic_editor_assets:/rmf_demos_ws/install/rmf_traffic_editor:/rmf_demos_ws/install/rmf_task_msgs:/rmf_demos_ws/install/rmf_site_map_msgs:/rmf_demos_ws/install/rmf_scheduler_msgs:/rmf_demos_ws/install/rmf_robot_sim_gz_plugins:/rmf_demos_ws/install/rmf_robot_sim_common:/rmf_demos_ws/install/rmf_reservation_msgs:/rmf_demos_ws/install/rmf_obstacle_msgs:/rmf_demos_ws/install/rmf_building_sim_gz_plugins:/rmf_demos_ws/install/rmf_lift_msgs:/rmf_demos_ws/install/rmf_ingestor_msgs:/rmf_demos_ws/install/rmf_fleet_msgs:/rmf_demos_ws/install/rmf_door_msgs:/rmf_demos_ws/install/rmf_dispenser_msgs:/rmf_demos_ws/install/rmf_demos_maps:/rmf_demos_ws/install/rmf_demos_assets:/rmf_demos_ws/install/rmf_charger_msgs:/rmf_demos_ws/install/rmf_building_map_msgs:/rmf_demos_ws/install/rmf_api_msgs:/rmf_demos_ws/install/nlohmann_json_schema_validator_vendor:/rmf_demos_ws/install/rmf_demos_fleet_adapter:/rmf_demos_ws/install/rmf_visualization_building_systems:/rmf_demos_ws/install/rmf_traffic_examples:/rmf_demos_ws/install/rmf_demos_bridges:/rmf_demos_ws/install/rmf_demos_tasks:/rmf_demos_ws/install/rmf_building_map_tools:/rmf_demos_ws/install/rmf_charging_schedule:/opt/ros/jazzy:/rmf_demos_ws/install/menge_vendor:/rmf_demos_ws/install/ament_cmake_catch2:/opt/ros/jazzy/opt/gz_sim_vendor:/opt/ros/jazzy/opt/gz_sensors_vendor:/opt/ros/jazzy/opt/gz_physics_vendor:/opt/ros/jazzy/opt/sdformat_vendor:/opt/ros/jazzy/opt/gz_gui_vendor:/opt/ros/jazzy/opt/gz_transport_vendor:/opt/ros/jazzy/opt/gz_rendering_vendor:/opt/ros/jazzy/opt/gz_plugin_vendor:/opt/ros/jazzy/opt/gz_fuel_tools_vendor:/opt/ros/jazzy/opt/gz_msgs_vendor:/opt/ros/jazzy/opt/gz_common_vendor:/opt/ros/jazzy/opt/gz_math_vendor:/opt/ros/jazzy/opt/gz_utils_vendor:/opt/ros/jazzy/opt/gz_tools_vendor:/opt/ros/jazzy/opt/gz_ogre_next_vendor:/opt/ros/jazzy/opt/gz_dartsim_vendor:/opt/ros/jazzy/opt/gz_cmake_vendor LD_LIBRARY_PATH=/home/maria/rmf_ws/install/rmf_visualization_schedule/lib:/home/maria/rmf_ws/install/rmf_visualization_rviz2_plugins/lib:/home/maria/rmf_ws/install/rmf_visualization_obstacles/lib:/home/maria/rmf_ws/install/rmf_visualization_navgraphs/lib:/home/maria/rmf_ws/install/rmf_visualization_floorplans/lib:/home/maria/rmf_ws/install/rmf_visualization_fleet_states/lib:/home/maria/rmf_ws/install/rmf_robot_sim_common/lib:${LD_LIBRARY_PATH} PYTHONPATH=/home/maria/rmf_ws/build/rmf_visualization_building_systems:/home/maria/rmf_ws/install/rmf_visualization_building_systems/lib/python3.12/site-packages:${PYTHONPATH} /usr/bin/cmake --build /home/maria/rmf_ws/build/first_project -- -j8 -l8
[102.505s] DEBUG:colcon.colcon_core.event_handler.log_command:Invoking command in '/home/maria/rmf_ws/build/large_project': AMENT_PREFIX_PATH=/home/maria/rmf_ws/install/rmf_visualization:/home/maria/rmf_ws/install/rmf_robot_sim_gz_plugins:/home/maria/rmf_ws/install/rmf_visualization_schedule:/home/maria/rmf_ws/install/rmf_visualization_rviz2_plugins:/home/maria/rmf_ws/install/rmf_visualization_obstacles:/home/maria/rmf_ws/install/rmf_visualization_navgraphs:/home/maria/rmf_ws/install/rmf_visualization_floorplans:/home/maria/rmf_ws/install/rmf_visualization_fleet_states:/home/maria/rmf_ws/install/rmf_visualization_building_systems:/home/maria/rmf_ws/install/rmf_robot_sim_common:/home/maria/rmf_ws/install/rmf_building_sim_gz_plugins:${AMENT_PREFIX_PATH} CMAKE_PREFIX_PATH=/home/maria/rmf_ws/install/rmf_visualization:/home/maria/rmf_ws/install/rmf_robot_sim_gz_plugins:/home/maria/rmf_ws/install/rmf_visualization_schedule:/home/maria/rmf_ws/install/rmf_visualization_rviz2_plugins:/home/maria/rmf_ws/install/rmf_visualization_obstacles:/home/maria/rmf_ws/install/rmf_visualization_navgraphs:/home/maria/rmf_ws/install/rmf_visualization_floorplans:/home/maria/rmf_ws/install/rmf_visualization_fleet_states:/home/maria/rmf_ws/install/rmf_robot_sim_common:/home/maria/rmf_ws/install/rmf_building_sim_gz_plugins:/rmf_demos_ws/install/rmf_workcell_msgs:/rmf_demos_ws/install/rmf_demos_gz:/rmf_demos_ws/install/rmf_demos:/rmf_demos_ws/install/rmf_reservation_node:/rmf_demos_ws/install/rmf_fleet_adapter_python:/rmf_demos_ws/install/rmf_fleet_adapter:/rmf_demos_ws/install/rmf_task_ros2:/rmf_demos_ws/install/rmf_websocket:/rmf_demos_ws/install/rmf_visualization:/rmf_demos_ws/install/rmf_visualization_schedule:/rmf_demos_ws/install/rmf_visualization_rviz2_plugins:/rmf_demos_ws/install/rmf_visualization_obstacles:/rmf_demos_ws/install/rmf_visualization_navgraphs:/rmf_demos_ws/install/rmf_visualization_floorplans:/rmf_demos_ws/install/rmf_visualization_fleet_states:/rmf_demos_ws/install/rmf_visualization_msgs:/rmf_demos_ws/install/rmf_traffic_ros2:/rmf_demos_ws/install/rmf_task_sequence:/rmf_demos_ws/install/rmf_task:/rmf_demos_ws/install/rmf_battery:/rmf_demos_ws/install/rmf_traffic:/rmf_demos_ws/install/rmf_utils:/rmf_demos_ws/install/rmf_traffic_msgs:/rmf_demos_ws/install/rmf_traffic_editor_test_maps:/rmf_demos_ws/install/rmf_traffic_editor_assets:/rmf_demos_ws/install/rmf_traffic_editor:/rmf_demos_ws/install/rmf_task_msgs:/rmf_demos_ws/install/rmf_site_map_msgs:/rmf_demos_ws/install/rmf_scheduler_msgs:/rmf_demos_ws/install/rmf_robot_sim_gz_plugins:/rmf_demos_ws/install/rmf_robot_sim_common:/rmf_demos_ws/install/rmf_reservation_msgs:/rmf_demos_ws/install/rmf_obstacle_msgs:/rmf_demos_ws/install/rmf_building_sim_gz_plugins:/rmf_demos_ws/install/rmf_lift_msgs:/rmf_demos_ws/install/rmf_ingestor_msgs:/rmf_demos_ws/install/rmf_fleet_msgs:/rmf_demos_ws/install/rmf_door_msgs:/rmf_demos_ws/install/rmf_dispenser_msgs:/rmf_demos_ws/install/rmf_demos_maps:/rmf_demos_ws/install/rmf_demos_assets:/rmf_demos_ws/install/rmf_charger_msgs:/rmf_demos_ws/install/rmf_building_map_msgs:/rmf_demos_ws/install/rmf_api_msgs:/rmf_demos_ws/install/nlohmann_json_schema_validator_vendor:/rmf_demos_ws/install/rmf_demos_fleet_adapter:/rmf_demos_ws/install/rmf_visualization_building_systems:/rmf_demos_ws/install/rmf_traffic_examples:/rmf_demos_ws/install/rmf_demos_bridges:/rmf_demos_ws/install/rmf_demos_tasks:/rmf_demos_ws/install/rmf_building_map_tools:/rmf_demos_ws/install/rmf_charging_schedule:/opt/ros/jazzy:/rmf_demos_ws/install/menge_vendor:/rmf_demos_ws/install/ament_cmake_catch2:/opt/ros/jazzy/opt/gz_sim_vendor:/opt/ros/jazzy/opt/gz_sensors_vendor:/opt/ros/jazzy/opt/gz_physics_vendor:/opt/ros/jazzy/opt/sdformat_vendor:/opt/ros/jazzy/opt/gz_gui_vendor:/opt/ros/jazzy/opt/gz_transport_vendor:/opt/ros/jazzy/opt/gz_rendering_vendor:/opt/ros/jazzy/opt/gz_plugin_vendor:/opt/ros/jazzy/opt/gz_fuel_tools_vendor:/opt/ros/jazzy/opt/gz_msgs_vendor:/opt/ros/jazzy/opt/gz_common_vendor:/opt/ros/jazzy/opt/gz_math_vendor:/opt/ros/jazzy/opt/gz_utils_vendor:/opt/ros/jazzy/opt/gz_tools_vendor:/opt/ros/jazzy/opt/gz_ogre_next_vendor:/opt/ros/jazzy/opt/gz_dartsim_vendor:/opt/ros/jazzy/opt/gz_cmake_vendor LD_LIBRARY_PATH=/home/maria/rmf_ws/install/rmf_visualization_schedule/lib:/home/maria/rmf_ws/install/rmf_visualization_rviz2_plugins/lib:/home/maria/rmf_ws/install/rmf_visualization_obstacles/lib:/home/maria/rmf_ws/install/rmf_visualization_navgraphs/lib:/home/maria/rmf_ws/install/rmf_visualization_floorplans/lib:/home/maria/rmf_ws/install/rmf_visualization_fleet_states/lib:/home/maria/rmf_ws/install/rmf_robot_sim_common/lib:${LD_LIBRARY_PATH} PYTHONPATH=/home/maria/rmf_ws/build/rmf_visualization_building_systems:/home/maria/rmf_ws/install/rmf_visualization_building_systems/lib/python3.12/site-packages:${PYTHONPATH} /usr/bin/cmake /home/maria/rmf_ws/src/large_project -DAMENT_CMAKE_SYMLINK_INSTALL=1 -DCMAKE_INSTALL_PREFIX=/home/maria/rmf_ws/install/large_project
[103.353s] DEBUG:colcon.colcon_core.event_handler.log_command:Invoked command in '/home/maria/rmf_ws/build/first_project' returned '0': AMENT_PREFIX_PATH=/home/maria/rmf_ws/install/rmf_visualization:/home/maria/rmf_ws/install/rmf_robot_sim_gz_plugins:/home/maria/rmf_ws/install/rmf_visualization_schedule:/home/maria/rmf_ws/install/rmf_visualization_rviz2_plugins:/home/maria/rmf_ws/install/rmf_visualization_obstacles:/home/maria/rmf_ws/install/rmf_visualization_navgraphs:/home/maria/rmf_ws/install/rmf_visualization_floorplans:/home/maria/rmf_ws/install/rmf_visualization_fleet_states:/home/maria/rmf_ws/install/rmf_visualization_building_systems:/home/maria/rmf_ws/install/rmf_robot_sim_common:/home/maria/rmf_ws/install/rmf_building_sim_gz_plugins:${AMENT_PREFIX_PATH} CMAKE_PREFIX_PATH=/home/maria/rmf_ws/install/rmf_visualization:/home/maria/rmf_ws/install/rmf_robot_sim_gz_plugins:/home/maria/rmf_ws/install/rmf_visualization_schedule:/home/maria/rmf_ws/install/rmf_visualization_rviz2_plugins:/home/maria/rmf_ws/install/rmf_visualization_obstacles:/home/maria/rmf_ws/install/rmf_visualization_navgraphs:/home/maria/rmf_ws/install/rmf_visualization_floorplans:/home/maria/rmf_ws/install/rmf_visualization_fleet_states:/home/maria/rmf_ws/install/rmf_robot_sim_common:/home/maria/rmf_ws/install/rmf_building_sim_gz_plugins:/rmf_demos_ws/install/rmf_workcell_msgs:/rmf_demos_ws/install/rmf_demos_gz:/rmf_demos_ws/install/rmf_demos:/rmf_demos_ws/install/rmf_reservation_node:/rmf_demos_ws/install/rmf_fleet_adapter_python:/rmf_demos_ws/install/rmf_fleet_adapter:/rmf_demos_ws/install/rmf_task_ros2:/rmf_demos_ws/install/rmf_websocket:/rmf_demos_ws/install/rmf_visualization:/rmf_demos_ws/install/rmf_visualization_schedule:/rmf_demos_ws/install/rmf_visualization_rviz2_plugins:/rmf_demos_ws/install/rmf_visualization_obstacles:/rmf_demos_ws/install/rmf_visualization_navgraphs:/rmf_demos_ws/install/rmf_visualization_floorplans:/rmf_demos_ws/install/rmf_visualization_fleet_states:/rmf_demos_ws/install/rmf_visualization_msgs:/rmf_demos_ws/install/rmf_traffic_ros2:/rmf_demos_ws/install/rmf_task_sequence:/rmf_demos_ws/install/rmf_task:/rmf_demos_ws/install/rmf_battery:/rmf_demos_ws/install/rmf_traffic:/rmf_demos_ws/install/rmf_utils:/rmf_demos_ws/install/rmf_traffic_msgs:/rmf_demos_ws/install/rmf_traffic_editor_test_maps:/rmf_demos_ws/install/rmf_traffic_editor_assets:/rmf_demos_ws/install/rmf_traffic_editor:/rmf_demos_ws/install/rmf_task_msgs:/rmf_demos_ws/install/rmf_site_map_msgs:/rmf_demos_ws/install/rmf_scheduler_msgs:/rmf_demos_ws/install/rmf_robot_sim_gz_plugins:/rmf_demos_ws/install/rmf_robot_sim_common:/rmf_demos_ws/install/rmf_reservation_msgs:/rmf_demos_ws/install/rmf_obstacle_msgs:/rmf_demos_ws/install/rmf_building_sim_gz_plugins:/rmf_demos_ws/install/rmf_lift_msgs:/rmf_demos_ws/install/rmf_ingestor_msgs:/rmf_demos_ws/install/rmf_fleet_msgs:/rmf_demos_ws/install/rmf_door_msgs:/rmf_demos_ws/install/rmf_dispenser_msgs:/rmf_demos_ws/install/rmf_demos_maps:/rmf_demos_ws/install/rmf_demos_assets:/rmf_demos_ws/install/rmf_charger_msgs:/rmf_demos_ws/install/rmf_building_map_msgs:/rmf_demos_ws/install/rmf_api_msgs:/rmf_demos_ws/install/nlohmann_json_schema_validator_vendor:/rmf_demos_ws/install/rmf_demos_fleet_adapter:/rmf_demos_ws/install/rmf_visualization_building_systems:/rmf_demos_ws/install/rmf_traffic_examples:/rmf_demos_ws/install/rmf_demos_bridges:/rmf_demos_ws/install/rmf_demos_tasks:/rmf_demos_ws/install/rmf_building_map_tools:/rmf_demos_ws/install/rmf_charging_schedule:/opt/ros/jazzy:/rmf_demos_ws/install/menge_vendor:/rmf_demos_ws/install/ament_cmake_catch2:/opt/ros/jazzy/opt/gz_sim_vendor:/opt/ros/jazzy/opt/gz_sensors_vendor:/opt/ros/jazzy/opt/gz_physics_vendor:/opt/ros/jazzy/opt/sdformat_vendor:/opt/ros/jazzy/opt/gz_gui_vendor:/opt/ros/jazzy/opt/gz_transport_vendor:/opt/ros/jazzy/opt/gz_rendering_vendor:/opt/ros/jazzy/opt/gz_plugin_vendor:/opt/ros/jazzy/opt/gz_fuel_tools_vendor:/opt/ros/jazzy/opt/gz_msgs_vendor:/opt/ros/jazzy/opt/gz_common_vendor:/opt/ros/jazzy/opt/gz_math_vendor:/opt/ros/jazzy/opt/gz_utils_vendor:/opt/ros/jazzy/opt/gz_tools_vendor:/opt/ros/jazzy/opt/gz_ogre_next_vendor:/opt/ros/jazzy/opt/gz_dartsim_vendor:/opt/ros/jazzy/opt/gz_cmake_vendor LD_LIBRARY_PATH=/home/maria/rmf_ws/install/rmf_visualization_schedule/lib:/home/maria/rmf_ws/install/rmf_visualization_rviz2_plugins/lib:/home/maria/rmf_ws/install/rmf_visualization_obstacles/lib:/home/maria/rmf_ws/install/rmf_visualization_navgraphs/lib:/home/maria/rmf_ws/install/rmf_visualization_floorplans/lib:/home/maria/rmf_ws/install/rmf_visualization_fleet_states/lib:/home/maria/rmf_ws/install/rmf_robot_sim_common/lib:${LD_LIBRARY_PATH} PYTHONPATH=/home/maria/rmf_ws/build/rmf_visualization_building_systems:/home/maria/rmf_ws/install/rmf_visualization_building_systems/lib/python3.12/site-packages:${PYTHONPATH} /usr/bin/cmake --build /home/maria/rmf_ws/build/first_project -- -j8 -l8
[103.355s] DEBUG:colcon.colcon_core.event_handler.log_command:Invoking command in '/home/maria/rmf_ws/build/first_project': AMENT_PREFIX_PATH=/home/maria/rmf_ws/install/rmf_visualization:/home/maria/rmf_ws/install/rmf_robot_sim_gz_plugins:/home/maria/rmf_ws/install/rmf_visualization_schedule:/home/maria/rmf_ws/install/rmf_visualization_rviz2_plugins:/home/maria/rmf_ws/install/rmf_visualization_obstacles:/home/maria/rmf_ws/install/rmf_visualization_navgraphs:/home/maria/rmf_ws/install/rmf_visualization_floorplans:/home/maria/rmf_ws/install/rmf_visualization_fleet_states:/home/maria/rmf_ws/install/rmf_visualization_building_systems:/home/maria/rmf_ws/install/rmf_robot_sim_common:/home/maria/rmf_ws/install/rmf_building_sim_gz_plugins:${AMENT_PREFIX_PATH} CMAKE_PREFIX_PATH=/home/maria/rmf_ws/install/rmf_visualization:/home/maria/rmf_ws/install/rmf_robot_sim_gz_plugins:/home/maria/rmf_ws/install/rmf_visualization_schedule:/home/maria/rmf_ws/install/rmf_visualization_rviz2_plugins:/home/maria/rmf_ws/install/rmf_visualization_obstacles:/home/maria/rmf_ws/install/rmf_visualization_navgraphs:/home/maria/rmf_ws/install/rmf_visualization_floorplans:/home/maria/rmf_ws/install/rmf_visualization_fleet_states:/home/maria/rmf_ws/install/rmf_robot_sim_common:/home/maria/rmf_ws/install/rmf_building_sim_gz_plugins:/rmf_demos_ws/install/rmf_workcell_msgs:/rmf_demos_ws/install/rmf_demos_gz:/rmf_demos_ws/install/rmf_demos:/rmf_demos_ws/install/rmf_reservation_node:/rmf_demos_ws/install/rmf_fleet_adapter_python:/rmf_demos_ws/install/rmf_fleet_adapter:/rmf_demos_ws/install/rmf_task_ros2:/rmf_demos_ws/install/rmf_websocket:/rmf_demos_ws/install/rmf_visualization:/rmf_demos_ws/install/rmf_visualization_schedule:/rmf_demos_ws/install/rmf_visualization_rviz2_plugins:/rmf_demos_ws/install/rmf_visualization_obstacles:/rmf_demos_ws/install/rmf_visualization_navgraphs:/rmf_demos_ws/install/rmf_visualization_floorplans:/rmf_demos_ws/install/rmf_visualization_fleet_states:/rmf_demos_ws/install/rmf_visualization_msgs:/rmf_demos_ws/install/rmf_traffic_ros2:/rmf_demos_ws/install/rmf_task_sequence:/rmf_demos_ws/install/rmf_task:/rmf_demos_ws/install/rmf_battery:/rmf_demos_ws/install/rmf_traffic:/rmf_demos_ws/install/rmf_utils:/rmf_demos_ws/install/rmf_traffic_msgs:/rmf_demos_ws/install/rmf_traffic_editor_test_maps:/rmf_demos_ws/install/rmf_traffic_editor_assets:/rmf_demos_ws/install/rmf_traffic_editor:/rmf_demos_ws/install/rmf_task_msgs:/rmf_demos_ws/install/rmf_site_map_msgs:/rmf_demos_ws/install/rmf_scheduler_msgs:/rmf_demos_ws/install/rmf_robot_sim_gz_plugins:/rmf_demos_ws/install/rmf_robot_sim_common:/rmf_demos_ws/install/rmf_reservation_msgs:/rmf_demos_ws/install/rmf_obstacle_msgs:/rmf_demos_ws/install/rmf_building_sim_gz_plugins:/rmf_demos_ws/install/rmf_lift_msgs:/rmf_demos_ws/install/rmf_ingestor_msgs:/rmf_demos_ws/install/rmf_fleet_msgs:/rmf_demos_ws/install/rmf_door_msgs:/rmf_demos_ws/install/rmf_dispenser_msgs:/rmf_demos_ws/install/rmf_demos_maps:/rmf_demos_ws/install/rmf_demos_assets:/rmf_demos_ws/install/rmf_charger_msgs:/rmf_demos_ws/install/rmf_building_map_msgs:/rmf_demos_ws/install/rmf_api_msgs:/rmf_demos_ws/install/nlohmann_json_schema_validator_vendor:/rmf_demos_ws/install/rmf_demos_fleet_adapter:/rmf_demos_ws/install/rmf_visualization_building_systems:/rmf_demos_ws/install/rmf_traffic_examples:/rmf_demos_ws/install/rmf_demos_bridges:/rmf_demos_ws/install/rmf_demos_tasks:/rmf_demos_ws/install/rmf_building_map_tools:/rmf_demos_ws/install/rmf_charging_schedule:/opt/ros/jazzy:/rmf_demos_ws/install/menge_vendor:/rmf_demos_ws/install/ament_cmake_catch2:/opt/ros/jazzy/opt/gz_sim_vendor:/opt/ros/jazzy/opt/gz_sensors_vendor:/opt/ros/jazzy/opt/gz_physics_vendor:/opt/ros/jazzy/opt/sdformat_vendor:/opt/ros/jazzy/opt/gz_gui_vendor:/opt/ros/jazzy/opt/gz_transport_vendor:/opt/ros/jazzy/opt/gz_rendering_vendor:/opt/ros/jazzy/opt/gz_plugin_vendor:/opt/ros/jazzy/opt/gz_fuel_tools_vendor:/opt/ros/jazzy/opt/gz_msgs_vendor:/opt/ros/jazzy/opt/gz_common_vendor:/opt/ros/jazzy/opt/gz_math_vendor:/opt/ros/jazzy/opt/gz_utils_vendor:/opt/ros/jazzy/opt/gz_tools_vendor:/opt/ros/jazzy/opt/gz_ogre_next_vendor:/opt/ros/jazzy/opt/gz_dartsim_vendor:/opt/ros/jazzy/opt/gz_cmake_vendor LD_LIBRARY_PATH=/home/maria/rmf_ws/install/rmf_visualization_schedule/lib:/home/maria/rmf_ws/install/rmf_visualization_rviz2_plugins/lib:/home/maria/rmf_ws/install/rmf_visualization_obstacles/lib:/home/maria/rmf_ws/install/rmf_visualization_navgraphs/lib:/home/maria/rmf_ws/install/rmf_visualization_floorplans/lib:/home/maria/rmf_ws/install/rmf_visualization_fleet_states/lib:/home/maria/rmf_ws/install/rmf_robot_sim_common/lib:${LD_LIBRARY_PATH} PYTHONPATH=/home/maria/rmf_ws/build/rmf_visualization_building_systems:/home/maria/rmf_ws/install/rmf_visualization_building_systems/lib/python3.12/site-packages:${PYTHONPATH} /usr/bin/cmake --install /home/maria/rmf_ws/build/first_project
[103.444s] Level 1:colcon.colcon_core.environment:create_environment_scripts_only(first_project)
[103.444s] Level 1:colcon.colcon_core.environment:checking '/home/maria/rmf_ws/install/first_project' for CMake module files
[103.444s] DEBUG:colcon.colcon_core.event_handler.log_command:Invoked command in '/home/maria/rmf_ws/build/first_project' returned '0': AMENT_PREFIX_PATH=/home/maria/rmf_ws/install/rmf_visualization:/home/maria/rmf_ws/install/rmf_robot_sim_gz_plugins:/home/maria/rmf_ws/install/rmf_visualization_schedule:/home/maria/rmf_ws/install/rmf_visualization_rviz2_plugins:/home/maria/rmf_ws/install/rmf_visualization_obstacles:/home/maria/rmf_ws/install/rmf_visualization_navgraphs:/home/maria/rmf_ws/install/rmf_visualization_floorplans:/home/maria/rmf_ws/install/rmf_visualization_fleet_states:/home/maria/rmf_ws/install/rmf_visualization_building_systems:/home/maria/rmf_ws/install/rmf_robot_sim_common:/home/maria/rmf_ws/install/rmf_building_sim_gz_plugins:${AMENT_PREFIX_PATH} CMAKE_PREFIX_PATH=/home/maria/rmf_ws/install/rmf_visualization:/home/maria/rmf_ws/install/rmf_robot_sim_gz_plugins:/home/maria/rmf_ws/install/rmf_visualization_schedule:/home/maria/rmf_ws/install/rmf_visualization_rviz2_plugins:/home/maria/rmf_ws/install/rmf_visualization_obstacles:/home/maria/rmf_ws/install/rmf_visualization_navgraphs:/home/maria/rmf_ws/install/rmf_visualization_floorplans:/home/maria/rmf_ws/install/rmf_visualization_fleet_states:/home/maria/rmf_ws/install/rmf_robot_sim_common:/home/maria/rmf_ws/install/rmf_building_sim_gz_plugins:/rmf_demos_ws/install/rmf_workcell_msgs:/rmf_demos_ws/install/rmf_demos_gz:/rmf_demos_ws/install/rmf_demos:/rmf_demos_ws/install/rmf_reservation_node:/rmf_demos_ws/install/rmf_fleet_adapter_python:/rmf_demos_ws/install/rmf_fleet_adapter:/rmf_demos_ws/install/rmf_task_ros2:/rmf_demos_ws/install/rmf_websocket:/rmf_demos_ws/install/rmf_visualization:/rmf_demos_ws/install/rmf_visualization_schedule:/rmf_demos_ws/install/rmf_visualization_rviz2_plugins:/rmf_demos_ws/install/rmf_visualization_obstacles:/rmf_demos_ws/install/rmf_visualization_navgraphs:/rmf_demos_ws/install/rmf_visualization_floorplans:/rmf_demos_ws/install/rmf_visualization_fleet_states:/rmf_demos_ws/install/rmf_visualization_msgs:/rmf_demos_ws/install/rmf_traffic_ros2:/rmf_demos_ws/install/rmf_task_sequence:/rmf_demos_ws/install/rmf_task:/rmf_demos_ws/install/rmf_battery:/rmf_demos_ws/install/rmf_traffic:/rmf_demos_ws/install/rmf_utils:/rmf_demos_ws/install/rmf_traffic_msgs:/rmf_demos_ws/install/rmf_traffic_editor_test_maps:/rmf_demos_ws/install/rmf_traffic_editor_assets:/rmf_demos_ws/install/rmf_traffic_editor:/rmf_demos_ws/install/rmf_task_msgs:/rmf_demos_ws/install/rmf_site_map_msgs:/rmf_demos_ws/install/rmf_scheduler_msgs:/rmf_demos_ws/install/rmf_robot_sim_gz_plugins:/rmf_demos_ws/install/rmf_robot_sim_common:/rmf_demos_ws/install/rmf_reservation_msgs:/rmf_demos_ws/install/rmf_obstacle_msgs:/rmf_demos_ws/install/rmf_building_sim_gz_plugins:/rmf_demos_ws/install/rmf_lift_msgs:/rmf_demos_ws/install/rmf_ingestor_msgs:/rmf_demos_ws/install/rmf_fleet_msgs:/rmf_demos_ws/install/rmf_door_msgs:/rmf_demos_ws/install/rmf_dispenser_msgs:/rmf_demos_ws/install/rmf_demos_maps:/rmf_demos_ws/install/rmf_demos_assets:/rmf_demos_ws/install/rmf_charger_msgs:/rmf_demos_ws/install/rmf_building_map_msgs:/rmf_demos_ws/install/rmf_api_msgs:/rmf_demos_ws/install/nlohmann_json_schema_validator_vendor:/rmf_demos_ws/install/rmf_demos_fleet_adapter:/rmf_demos_ws/install/rmf_visualization_building_systems:/rmf_demos_ws/install/rmf_traffic_examples:/rmf_demos_ws/install/rmf_demos_bridges:/rmf_demos_ws/install/rmf_demos_tasks:/rmf_demos_ws/install/rmf_building_map_tools:/rmf_demos_ws/install/rmf_charging_schedule:/opt/ros/jazzy:/rmf_demos_ws/install/menge_vendor:/rmf_demos_ws/install/ament_cmake_catch2:/opt/ros/jazzy/opt/gz_sim_vendor:/opt/ros/jazzy/opt/gz_sensors_vendor:/opt/ros/jazzy/opt/gz_physics_vendor:/opt/ros/jazzy/opt/sdformat_vendor:/opt/ros/jazzy/opt/gz_gui_vendor:/opt/ros/jazzy/opt/gz_transport_vendor:/opt/ros/jazzy/opt/gz_rendering_vendor:/opt/ros/jazzy/opt/gz_plugin_vendor:/opt/ros/jazzy/opt/gz_fuel_tools_vendor:/opt/ros/jazzy/opt/gz_msgs_vendor:/opt/ros/jazzy/opt/gz_common_vendor:/opt/ros/jazzy/opt/gz_math_vendor:/opt/ros/jazzy/opt/gz_utils_vendor:/opt/ros/jazzy/opt/gz_tools_vendor:/opt/ros/jazzy/opt/gz_ogre_next_vendor:/opt/ros/jazzy/opt/gz_dartsim_vendor:/opt/ros/jazzy/opt/gz_cmake_vendor LD_LIBRARY_PATH=/home/maria/rmf_ws/install/rmf_visualization_schedule/lib:/home/maria/rmf_ws/install/rmf_visualization_rviz2_plugins/lib:/home/maria/rmf_ws/install/rmf_visualization_obstacles/lib:/home/maria/rmf_ws/install/rmf_visualization_navgraphs/lib:/home/maria/rmf_ws/install/rmf_visualization_floorplans/lib:/home/maria/rmf_ws/install/rmf_visualization_fleet_states/lib:/home/maria/rmf_ws/install/rmf_robot_sim_common/lib:${LD_LIBRARY_PATH} PYTHONPATH=/home/maria/rmf_ws/build/rmf_visualization_building_systems:/home/maria/rmf_ws/install/rmf_visualization_building_systems/lib/python3.12/site-packages:${PYTHONPATH} /usr/bin/cmake --install /home/maria/rmf_ws/build/first_project
[103.445s] Level 1:colcon.colcon_core.environment:checking '/home/maria/rmf_ws/install/first_project' for CMake config files
[103.445s] Level 1:colcon.colcon_core.shell:create_environment_hook('first_project', 'cmake_prefix_path')
[103.445s] INFO:colcon.colcon_core.shell:Creating environment hook '/home/maria/rmf_ws/install/first_project/share/first_project/hook/cmake_prefix_path.ps1'
[103.446s] INFO:colcon.colcon_core.shell:Creating environment descriptor '/home/maria/rmf_ws/install/first_project/share/first_project/hook/cmake_prefix_path.dsv'
[103.446s] INFO:colcon.colcon_core.shell:Creating environment hook '/home/maria/rmf_ws/install/first_project/share/first_project/hook/cmake_prefix_path.sh'
[103.447s] Level 1:colcon.colcon_core.environment:checking '/home/maria/rmf_ws/install/first_project/bin'
[103.447s] Level 1:colcon.colcon_core.environment:checking '/home/maria/rmf_ws/install/first_project/lib/pkgconfig/first_project.pc'
[103.447s] Level 1:colcon.colcon_core.environment:checking '/home/maria/rmf_ws/install/first_project/lib/python3.12/site-packages'
[103.447s] Level 1:colcon.colcon_core.environment:checking '/home/maria/rmf_ws/install/first_project/bin'
[103.447s] INFO:colcon.colcon_core.shell:Creating package script '/home/maria/rmf_ws/install/first_project/share/first_project/package.ps1'
[103.448s] INFO:colcon.colcon_core.shell:Creating package descriptor '/home/maria/rmf_ws/install/first_project/share/first_project/package.dsv'
[103.448s] INFO:colcon.colcon_core.shell:Creating package script '/home/maria/rmf_ws/install/first_project/share/first_project/package.sh'
[103.449s] INFO:colcon.colcon_core.shell:Creating package script '/home/maria/rmf_ws/install/first_project/share/first_project/package.bash'
[103.449s] INFO:colcon.colcon_core.shell:Creating package script '/home/maria/rmf_ws/install/first_project/share/first_project/package.zsh'
[103.449s] Level 1:colcon.colcon_core.environment:create_file_with_runtime_dependencies(/home/maria/rmf_ws/install/first_project/share/colcon-core/packages/first_project)
[103.450s] Level 1:colcon.colcon_core.environment:create_environment_scripts_only(first_project)
[103.450s] Level 1:colcon.colcon_core.environment:checking '/home/maria/rmf_ws/install/first_project' for CMake module files
[103.450s] Level 1:colcon.colcon_core.environment:checking '/home/maria/rmf_ws/install/first_project' for CMake config files
[103.451s] Level 1:colcon.colcon_core.shell:create_environment_hook('first_project', 'cmake_prefix_path')
[103.451s] INFO:colcon.colcon_core.shell:Creating environment hook '/home/maria/rmf_ws/install/first_project/share/first_project/hook/cmake_prefix_path.ps1'
[103.451s] INFO:colcon.colcon_core.shell:Creating environment descriptor '/home/maria/rmf_ws/install/first_project/share/first_project/hook/cmake_prefix_path.dsv'
[103.451s] INFO:colcon.colcon_core.shell:Creating environment hook '/home/maria/rmf_ws/install/first_project/share/first_project/hook/cmake_prefix_path.sh'
[103.452s] Level 1:colcon.colcon_core.environment:checking '/home/maria/rmf_ws/install/first_project/bin'
[103.452s] Level 1:colcon.colcon_core.environment:checking '/home/maria/rmf_ws/install/first_project/lib/pkgconfig/first_project.pc'
[103.452s] Level 1:colcon.colcon_core.environment:checking '/home/maria/rmf_ws/install/first_project/lib/python3.12/site-packages'
[103.453s] Level 1:colcon.colcon_core.environment:checking '/home/maria/rmf_ws/install/first_project/bin'
[103.453s] INFO:colcon.colcon_core.shell:Creating package script '/home/maria/rmf_ws/install/first_project/share/first_project/package.ps1'
[103.454s] INFO:colcon.colcon_core.shell:Creating package descriptor '/home/maria/rmf_ws/install/first_project/share/first_project/package.dsv'
[103.454s] INFO:colcon.colcon_core.shell:Creating package script '/home/maria/rmf_ws/install/first_project/share/first_project/package.sh'
[103.455s] INFO:colcon.colcon_core.shell:Creating package script '/home/maria/rmf_ws/install/first_project/share/first_project/package.bash'
[103.455s] INFO:colcon.colcon_core.shell:Creating package script '/home/maria/rmf_ws/install/first_project/share/first_project/package.zsh'
[103.456s] Level 1:colcon.colcon_core.environment:create_file_with_runtime_dependencies(/home/maria/rmf_ws/install/first_project/share/colcon-core/packages/first_project)
[103.525s] DEBUG:colcon.colcon_core.event_handler.log_command:Invoked command in '/home/maria/rmf_ws/build/large_project' returned '0': AMENT_PREFIX_PATH=/home/maria/rmf_ws/install/rmf_visualization:/home/maria/rmf_ws/install/rmf_robot_sim_gz_plugins:/home/maria/rmf_ws/install/rmf_visualization_schedule:/home/maria/rmf_ws/install/rmf_visualization_rviz2_plugins:/home/maria/rmf_ws/install/rmf_visualization_obstacles:/home/maria/rmf_ws/install/rmf_visualization_navgraphs:/home/maria/rmf_ws/install/rmf_visualization_floorplans:/home/maria/rmf_ws/install/rmf_visualization_fleet_states:/home/maria/rmf_ws/install/rmf_visualization_building_systems:/home/maria/rmf_ws/install/rmf_robot_sim_common:/home/maria/rmf_ws/install/rmf_building_sim_gz_plugins:${AMENT_PREFIX_PATH} CMAKE_PREFIX_PATH=/home/maria/rmf_ws/install/rmf_visualization:/home/maria/rmf_ws/install/rmf_robot_sim_gz_plugins:/home/maria/rmf_ws/install/rmf_visualization_schedule:/home/maria/rmf_ws/install/rmf_visualization_rviz2_plugins:/home/maria/rmf_ws/install/rmf_visualization_obstacles:/home/maria/rmf_ws/install/rmf_visualization_navgraphs:/home/maria/rmf_ws/install/rmf_visualization_floorplans:/home/maria/rmf_ws/install/rmf_visualization_fleet_states:/home/maria/rmf_ws/install/rmf_robot_sim_common:/home/maria/rmf_ws/install/rmf_building_sim_gz_plugins:/rmf_demos_ws/install/rmf_workcell_msgs:/rmf_demos_ws/install/rmf_demos_gz:/rmf_demos_ws/install/rmf_demos:/rmf_demos_ws/install/rmf_reservation_node:/rmf_demos_ws/install/rmf_fleet_adapter_python:/rmf_demos_ws/install/rmf_fleet_adapter:/rmf_demos_ws/install/rmf_task_ros2:/rmf_demos_ws/install/rmf_websocket:/rmf_demos_ws/install/rmf_visualization:/rmf_demos_ws/install/rmf_visualization_schedule:/rmf_demos_ws/install/rmf_visualization_rviz2_plugins:/rmf_demos_ws/install/rmf_visualization_obstacles:/rmf_demos_ws/install/rmf_visualization_navgraphs:/rmf_demos_ws/install/rmf_visualization_floorplans:/rmf_demos_ws/install/rmf_visualization_fleet_states:/rmf_demos_ws/install/rmf_visualization_msgs:/rmf_demos_ws/install/rmf_traffic_ros2:/rmf_demos_ws/install/rmf_task_sequence:/rmf_demos_ws/install/rmf_task:/rmf_demos_ws/install/rmf_battery:/rmf_demos_ws/install/rmf_traffic:/rmf_demos_ws/install/rmf_utils:/rmf_demos_ws/install/rmf_traffic_msgs:/rmf_demos_ws/install/rmf_traffic_editor_test_maps:/rmf_demos_ws/install/rmf_traffic_editor_assets:/rmf_demos_ws/install/rmf_traffic_editor:/rmf_demos_ws/install/rmf_task_msgs:/rmf_demos_ws/install/rmf_site_map_msgs:/rmf_demos_ws/install/rmf_scheduler_msgs:/rmf_demos_ws/install/rmf_robot_sim_gz_plugins:/rmf_demos_ws/install/rmf_robot_sim_common:/rmf_demos_ws/install/rmf_reservation_msgs:/rmf_demos_ws/install/rmf_obstacle_msgs:/rmf_demos_ws/install/rmf_building_sim_gz_plugins:/rmf_demos_ws/install/rmf_lift_msgs:/rmf_demos_ws/install/rmf_ingestor_msgs:/rmf_demos_ws/install/rmf_fleet_msgs:/rmf_demos_ws/install/rmf_door_msgs:/rmf_demos_ws/install/rmf_dispenser_msgs:/rmf_demos_ws/install/rmf_demos_maps:/rmf_demos_ws/install/rmf_demos_assets:/rmf_demos_ws/install/rmf_charger_msgs:/rmf_demos_ws/install/rmf_building_map_msgs:/rmf_demos_ws/install/rmf_api_msgs:/rmf_demos_ws/install/nlohmann_json_schema_validator_vendor:/rmf_demos_ws/install/rmf_demos_fleet_adapter:/rmf_demos_ws/install/rmf_visualization_building_systems:/rmf_demos_ws/install/rmf_traffic_examples:/rmf_demos_ws/install/rmf_demos_bridges:/rmf_demos_ws/install/rmf_demos_tasks:/rmf_demos_ws/install/rmf_building_map_tools:/rmf_demos_ws/install/rmf_charging_schedule:/opt/ros/jazzy:/rmf_demos_ws/install/menge_vendor:/rmf_demos_ws/install/ament_cmake_catch2:/opt/ros/jazzy/opt/gz_sim_vendor:/opt/ros/jazzy/opt/gz_sensors_vendor:/opt/ros/jazzy/opt/gz_physics_vendor:/opt/ros/jazzy/opt/sdformat_vendor:/opt/ros/jazzy/opt/gz_gui_vendor:/opt/ros/jazzy/opt/gz_transport_vendor:/opt/ros/jazzy/opt/gz_rendering_vendor:/opt/ros/jazzy/opt/gz_plugin_vendor:/opt/ros/jazzy/opt/gz_fuel_tools_vendor:/opt/ros/jazzy/opt/gz_msgs_vendor:/opt/ros/jazzy/opt/gz_common_vendor:/opt/ros/jazzy/opt/gz_math_vendor:/opt/ros/jazzy/opt/gz_utils_vendor:/opt/ros/jazzy/opt/gz_tools_vendor:/opt/ros/jazzy/opt/gz_ogre_next_vendor:/opt/ros/jazzy/opt/gz_dartsim_vendor:/opt/ros/jazzy/opt/gz_cmake_vendor LD_LIBRARY_PATH=/home/maria/rmf_ws/install/rmf_visualization_schedule/lib:/home/maria/rmf_ws/install/rmf_visualization_rviz2_plugins/lib:/home/maria/rmf_ws/install/rmf_visualization_obstacles/lib:/home/maria/rmf_ws/install/rmf_visualization_navgraphs/lib:/home/maria/rmf_ws/install/rmf_visualization_floorplans/lib:/home/maria/rmf_ws/install/rmf_visualization_fleet_states/lib:/home/maria/rmf_ws/install/rmf_robot_sim_common/lib:${LD_LIBRARY_PATH} PYTHONPATH=/home/maria/rmf_ws/build/rmf_visualization_building_systems:/home/maria/rmf_ws/install/rmf_visualization_building_systems/lib/python3.12/site-packages:${PYTHONPATH} /usr/bin/cmake /home/maria/rmf_ws/src/large_project -DAMENT_CMAKE_SYMLINK_INSTALL=1 -DCMAKE_INSTALL_PREFIX=/home/maria/rmf_ws/install/large_project
[103.525s] DEBUG:colcon.colcon_core.event_handler.log_command:Invoking command in '/home/maria/rmf_ws/build/large_project': AMENT_PREFIX_PATH=/home/maria/rmf_ws/install/rmf_visualization:/home/maria/rmf_ws/install/rmf_robot_sim_gz_plugins:/home/maria/rmf_ws/install/rmf_visualization_schedule:/home/maria/rmf_ws/install/rmf_visualization_rviz2_plugins:/home/maria/rmf_ws/install/rmf_visualization_obstacles:/home/maria/rmf_ws/install/rmf_visualization_navgraphs:/home/maria/rmf_ws/install/rmf_visualization_floorplans:/home/maria/rmf_ws/install/rmf_visualization_fleet_states:/home/maria/rmf_ws/install/rmf_visualization_building_systems:/home/maria/rmf_ws/install/rmf_robot_sim_common:/home/maria/rmf_ws/install/rmf_building_sim_gz_plugins:${AMENT_PREFIX_PATH} CMAKE_PREFIX_PATH=/home/maria/rmf_ws/install/rmf_visualization:/home/maria/rmf_ws/install/rmf_robot_sim_gz_plugins:/home/maria/rmf_ws/install/rmf_visualization_schedule:/home/maria/rmf_ws/install/rmf_visualization_rviz2_plugins:/home/maria/rmf_ws/install/rmf_visualization_obstacles:/home/maria/rmf_ws/install/rmf_visualization_navgraphs:/home/maria/rmf_ws/install/rmf_visualization_floorplans:/home/maria/rmf_ws/install/rmf_visualization_fleet_states:/home/maria/rmf_ws/install/rmf_robot_sim_common:/home/maria/rmf_ws/install/rmf_building_sim_gz_plugins:/rmf_demos_ws/install/rmf_workcell_msgs:/rmf_demos_ws/install/rmf_demos_gz:/rmf_demos_ws/install/rmf_demos:/rmf_demos_ws/install/rmf_reservation_node:/rmf_demos_ws/install/rmf_fleet_adapter_python:/rmf_demos_ws/install/rmf_fleet_adapter:/rmf_demos_ws/install/rmf_task_ros2:/rmf_demos_ws/install/rmf_websocket:/rmf_demos_ws/install/rmf_visualization:/rmf_demos_ws/install/rmf_visualization_schedule:/rmf_demos_ws/install/rmf_visualization_rviz2_plugins:/rmf_demos_ws/install/rmf_visualization_obstacles:/rmf_demos_ws/install/rmf_visualization_navgraphs:/rmf_demos_ws/install/rmf_visualization_floorplans:/rmf_demos_ws/install/rmf_visualization_fleet_states:/rmf_demos_ws/install/rmf_visualization_msgs:/rmf_demos_ws/install/rmf_traffic_ros2:/rmf_demos_ws/install/rmf_task_sequence:/rmf_demos_ws/install/rmf_task:/rmf_demos_ws/install/rmf_battery:/rmf_demos_ws/install/rmf_traffic:/rmf_demos_ws/install/rmf_utils:/rmf_demos_ws/install/rmf_traffic_msgs:/rmf_demos_ws/install/rmf_traffic_editor_test_maps:/rmf_demos_ws/install/rmf_traffic_editor_assets:/rmf_demos_ws/install/rmf_traffic_editor:/rmf_demos_ws/install/rmf_task_msgs:/rmf_demos_ws/install/rmf_site_map_msgs:/rmf_demos_ws/install/rmf_scheduler_msgs:/rmf_demos_ws/install/rmf_robot_sim_gz_plugins:/rmf_demos_ws/install/rmf_robot_sim_common:/rmf_demos_ws/install/rmf_reservation_msgs:/rmf_demos_ws/install/rmf_obstacle_msgs:/rmf_demos_ws/install/rmf_building_sim_gz_plugins:/rmf_demos_ws/install/rmf_lift_msgs:/rmf_demos_ws/install/rmf_ingestor_msgs:/rmf_demos_ws/install/rmf_fleet_msgs:/rmf_demos_ws/install/rmf_door_msgs:/rmf_demos_ws/install/rmf_dispenser_msgs:/rmf_demos_ws/install/rmf_demos_maps:/rmf_demos_ws/install/rmf_demos_assets:/rmf_demos_ws/install/rmf_charger_msgs:/rmf_demos_ws/install/rmf_building_map_msgs:/rmf_demos_ws/install/rmf_api_msgs:/rmf_demos_ws/install/nlohmann_json_schema_validator_vendor:/rmf_demos_ws/install/rmf_demos_fleet_adapter:/rmf_demos_ws/install/rmf_visualization_building_systems:/rmf_demos_ws/install/rmf_traffic_examples:/rmf_demos_ws/install/rmf_demos_bridges:/rmf_demos_ws/install/rmf_demos_tasks:/rmf_demos_ws/install/rmf_building_map_tools:/rmf_demos_ws/install/rmf_charging_schedule:/opt/ros/jazzy:/rmf_demos_ws/install/menge_vendor:/rmf_demos_ws/install/ament_cmake_catch2:/opt/ros/jazzy/opt/gz_sim_vendor:/opt/ros/jazzy/opt/gz_sensors_vendor:/opt/ros/jazzy/opt/gz_physics_vendor:/opt/ros/jazzy/opt/sdformat_vendor:/opt/ros/jazzy/opt/gz_gui_vendor:/opt/ros/jazzy/opt/gz_transport_vendor:/opt/ros/jazzy/opt/gz_rendering_vendor:/opt/ros/jazzy/opt/gz_plugin_vendor:/opt/ros/jazzy/opt/gz_fuel_tools_vendor:/opt/ros/jazzy/opt/gz_msgs_vendor:/opt/ros/jazzy/opt/gz_common_vendor:/opt/ros/jazzy/opt/gz_math_vendor:/opt/ros/jazzy/opt/gz_utils_vendor:/opt/ros/jazzy/opt/gz_tools_vendor:/opt/ros/jazzy/opt/gz_ogre_next_vendor:/opt/ros/jazzy/opt/gz_dartsim_vendor:/opt/ros/jazzy/opt/gz_cmake_vendor LD_LIBRARY_PATH=/home/maria/rmf_ws/install/rmf_visualization_schedule/lib:/home/maria/rmf_ws/install/rmf_visualization_rviz2_plugins/lib:/home/maria/rmf_ws/install/rmf_visualization_obstacles/lib:/home/maria/rmf_ws/install/rmf_visualization_navgraphs/lib:/home/maria/rmf_ws/install/rmf_visualization_floorplans/lib:/home/maria/rmf_ws/install/rmf_visualization_fleet_states/lib:/home/maria/rmf_ws/install/rmf_robot_sim_common/lib:${LD_LIBRARY_PATH} PYTHONPATH=/home/maria/rmf_ws/build/rmf_visualization_building_systems:/home/maria/rmf_ws/install/rmf_visualization_building_systems/lib/python3.12/site-packages:${PYTHONPATH} /usr/bin/cmake --build /home/maria/rmf_ws/build/large_project -- -j8 -l8
[103.727s] Level 1:colcon.colcon_core.environment:create_environment_scripts_only(project_maps)
[103.727s] Level 1:colcon.colcon_core.environment:checking '/home/maria/rmf_ws/install/project_maps' for CMake module files
[103.728s] DEBUG:colcon.colcon_core.event_handler.log_command:Invoked command in '/home/maria/rmf_ws/build/project_maps' returned '0': CMAKE_PREFIX_PATH=/rmf_demos_ws/install/rmf_workcell_msgs:/rmf_demos_ws/install/rmf_demos_gz:/rmf_demos_ws/install/rmf_demos:/rmf_demos_ws/install/rmf_reservation_node:/rmf_demos_ws/install/rmf_fleet_adapter_python:/rmf_demos_ws/install/rmf_fleet_adapter:/rmf_demos_ws/install/rmf_task_ros2:/rmf_demos_ws/install/rmf_websocket:/rmf_demos_ws/install/rmf_visualization:/rmf_demos_ws/install/rmf_visualization_schedule:/rmf_demos_ws/install/rmf_visualization_rviz2_plugins:/rmf_demos_ws/install/rmf_visualization_obstacles:/rmf_demos_ws/install/rmf_visualization_navgraphs:/rmf_demos_ws/install/rmf_visualization_floorplans:/rmf_demos_ws/install/rmf_visualization_fleet_states:/rmf_demos_ws/install/rmf_visualization_msgs:/rmf_demos_ws/install/rmf_traffic_ros2:/rmf_demos_ws/install/rmf_task_sequence:/rmf_demos_ws/install/rmf_task:/rmf_demos_ws/install/rmf_battery:/rmf_demos_ws/install/rmf_traffic:/rmf_demos_ws/install/rmf_utils:/rmf_demos_ws/install/rmf_traffic_msgs:/rmf_demos_ws/install/rmf_traffic_editor_test_maps:/rmf_demos_ws/install/rmf_traffic_editor_assets:/rmf_demos_ws/install/rmf_traffic_editor:/rmf_demos_ws/install/rmf_task_msgs:/rmf_demos_ws/install/rmf_site_map_msgs:/rmf_demos_ws/install/rmf_scheduler_msgs:/rmf_demos_ws/install/rmf_robot_sim_gz_plugins:/rmf_demos_ws/install/rmf_robot_sim_common:/rmf_demos_ws/install/rmf_reservation_msgs:/rmf_demos_ws/install/rmf_obstacle_msgs:/rmf_demos_ws/install/rmf_building_sim_gz_plugins:/rmf_demos_ws/install/rmf_lift_msgs:/rmf_demos_ws/install/rmf_ingestor_msgs:/rmf_demos_ws/install/rmf_fleet_msgs:/rmf_demos_ws/install/rmf_door_msgs:/rmf_demos_ws/install/rmf_dispenser_msgs:/rmf_demos_ws/install/rmf_demos_maps:/rmf_demos_ws/install/rmf_demos_assets:/rmf_demos_ws/install/rmf_charger_msgs:/rmf_demos_ws/install/rmf_building_map_msgs:/rmf_demos_ws/install/rmf_api_msgs:/rmf_demos_ws/install/nlohmann_json_schema_validator_vendor:/rmf_demos_ws/install/rmf_demos_fleet_adapter:/rmf_demos_ws/install/rmf_visualization_building_systems:/rmf_demos_ws/install/rmf_traffic_examples:/rmf_demos_ws/install/rmf_demos_bridges:/rmf_demos_ws/install/rmf_demos_tasks:/rmf_demos_ws/install/rmf_building_map_tools:/rmf_demos_ws/install/rmf_charging_schedule:/opt/ros/jazzy:/rmf_demos_ws/install/menge_vendor:/rmf_demos_ws/install/ament_cmake_catch2:/opt/ros/jazzy/opt/gz_sim_vendor:/opt/ros/jazzy/opt/gz_sensors_vendor:/opt/ros/jazzy/opt/gz_physics_vendor:/opt/ros/jazzy/opt/sdformat_vendor:/opt/ros/jazzy/opt/gz_gui_vendor:/opt/ros/jazzy/opt/gz_transport_vendor:/opt/ros/jazzy/opt/gz_rendering_vendor:/opt/ros/jazzy/opt/gz_plugin_vendor:/opt/ros/jazzy/opt/gz_fuel_tools_vendor:/opt/ros/jazzy/opt/gz_msgs_vendor:/opt/ros/jazzy/opt/gz_common_vendor:/opt/ros/jazzy/opt/gz_math_vendor:/opt/ros/jazzy/opt/gz_utils_vendor:/opt/ros/jazzy/opt/gz_tools_vendor:/opt/ros/jazzy/opt/gz_ogre_next_vendor:/opt/ros/jazzy/opt/gz_dartsim_vendor:/opt/ros/jazzy/opt/gz_cmake_vendor /usr/bin/cmake --install /home/maria/rmf_ws/build/project_maps
[103.728s] Level 1:colcon.colcon_core.environment:checking '/home/maria/rmf_ws/install/project_maps' for CMake config files
[103.741s] Level 1:colcon.colcon_core.shell:create_environment_hook('project_maps', 'cmake_prefix_path')
[103.741s] INFO:colcon.colcon_core.shell:Creating environment hook '/home/maria/rmf_ws/install/project_maps/share/project_maps/hook/cmake_prefix_path.ps1'
[103.742s] INFO:colcon.colcon_core.shell:Creating environment descriptor '/home/maria/rmf_ws/install/project_maps/share/project_maps/hook/cmake_prefix_path.dsv'
[103.742s] INFO:colcon.colcon_core.shell:Creating environment hook '/home/maria/rmf_ws/install/project_maps/share/project_maps/hook/cmake_prefix_path.sh'
[103.743s] Level 1:colcon.colcon_core.environment:checking '/home/maria/rmf_ws/install/project_maps/bin'
[103.743s] Level 1:colcon.colcon_core.environment:checking '/home/maria/rmf_ws/install/project_maps/lib/pkgconfig/project_maps.pc'
[103.744s] Level 1:colcon.colcon_core.environment:checking '/home/maria/rmf_ws/install/project_maps/lib/python3.12/site-packages'
[103.744s] Level 1:colcon.colcon_core.environment:checking '/home/maria/rmf_ws/install/project_maps/bin'
[103.744s] INFO:colcon.colcon_core.shell:Creating package script '/home/maria/rmf_ws/install/project_maps/share/project_maps/package.ps1'
[103.745s] INFO:colcon.colcon_core.shell:Creating package descriptor '/home/maria/rmf_ws/install/project_maps/share/project_maps/package.dsv'
[103.746s] INFO:colcon.colcon_core.shell:Creating package script '/home/maria/rmf_ws/install/project_maps/share/project_maps/package.sh'
[103.746s] INFO:colcon.colcon_core.shell:Creating package script '/home/maria/rmf_ws/install/project_maps/share/project_maps/package.bash'
[103.746s] INFO:colcon.colcon_core.shell:Creating package script '/home/maria/rmf_ws/install/project_maps/share/project_maps/package.zsh'
[103.747s] Level 1:colcon.colcon_core.environment:create_file_with_runtime_dependencies(/home/maria/rmf_ws/install/project_maps/share/colcon-core/packages/project_maps)
[103.747s] Level 1:colcon.colcon_core.environment:create_environment_scripts_only(project_maps)
[103.748s] Level 1:colcon.colcon_core.environment:checking '/home/maria/rmf_ws/install/project_maps' for CMake module files
[103.748s] Level 1:colcon.colcon_core.environment:checking '/home/maria/rmf_ws/install/project_maps' for CMake config files
[103.756s] Level 1:colcon.colcon_core.shell:create_environment_hook('project_maps', 'cmake_prefix_path')
[103.757s] INFO:colcon.colcon_core.shell:Creating environment hook '/home/maria/rmf_ws/install/project_maps/share/project_maps/hook/cmake_prefix_path.ps1'
[103.757s] INFO:colcon.colcon_core.shell:Creating environment descriptor '/home/maria/rmf_ws/install/project_maps/share/project_maps/hook/cmake_prefix_path.dsv'
[103.757s] INFO:colcon.colcon_core.shell:Creating environment hook '/home/maria/rmf_ws/install/project_maps/share/project_maps/hook/cmake_prefix_path.sh'
[103.758s] Level 1:colcon.colcon_core.environment:checking '/home/maria/rmf_ws/install/project_maps/bin'
[103.758s] Level 1:colcon.colcon_core.environment:checking '/home/maria/rmf_ws/install/project_maps/lib/pkgconfig/project_maps.pc'
[103.758s] Level 1:colcon.colcon_core.environment:checking '/home/maria/rmf_ws/install/project_maps/lib/python3.12/site-packages'
[103.758s] Level 1:colcon.colcon_core.environment:checking '/home/maria/rmf_ws/install/project_maps/bin'
[103.758s] INFO:colcon.colcon_core.shell:Creating package script '/home/maria/rmf_ws/install/project_maps/share/project_maps/package.ps1'
[103.759s] INFO:colcon.colcon_core.shell:Creating package descriptor '/home/maria/rmf_ws/install/project_maps/share/project_maps/package.dsv'
[103.759s] INFO:colcon.colcon_core.shell:Creating package script '/home/maria/rmf_ws/install/project_maps/share/project_maps/package.sh'
[103.760s] INFO:colcon.colcon_core.shell:Creating package script '/home/maria/rmf_ws/install/project_maps/share/project_maps/package.bash'
[103.760s] INFO:colcon.colcon_core.shell:Creating package script '/home/maria/rmf_ws/install/project_maps/share/project_maps/package.zsh'
[103.760s] Level 1:colcon.colcon_core.environment:create_file_with_runtime_dependencies(/home/maria/rmf_ws/install/project_maps/share/colcon-core/packages/project_maps)
[103.760s] INFO:colcon.colcon_ros.task.ament_cmake.build:Building ROS package in '/home/maria/rmf_ws/src/project/project_config' with build type 'ament_cmake'
[103.760s] INFO:colcon.colcon_cmake.task.cmake.build:Building CMake package in '/home/maria/rmf_ws/src/project/project_config'
[103.761s] INFO:colcon.colcon_core.shell:Skip shell extension 'powershell' for command environment: Not usable outside of PowerShell
[103.761s] DEBUG:colcon.colcon_core.shell:Skip shell extension 'dsv' for command environment
[103.791s] DEBUG:colcon.colcon_core.event_handler.log_command:Invoking command in '/home/maria/rmf_ws/build/project_config': AMENT_PREFIX_PATH=/home/maria/rmf_ws/install/rmf_visualization:/home/maria/rmf_ws/install/rmf_visualization_schedule:/home/maria/rmf_ws/install/rmf_visualization_rviz2_plugins:/home/maria/rmf_ws/install/rmf_visualization_obstacles:/home/maria/rmf_ws/install/rmf_visualization_navgraphs:/home/maria/rmf_ws/install/rmf_visualization_floorplans:/home/maria/rmf_ws/install/rmf_visualization_fleet_states:/home/maria/rmf_ws/install/rmf_visualization_building_systems:/home/maria/rmf_ws/install/project_tasks:/home/maria/rmf_ws/install/project_simulation:/home/maria/rmf_ws/install/project_maps:/home/maria/rmf_ws/install/project_fleet_adapter:/home/maria/rmf_ws/install/project_assets:${AMENT_PREFIX_PATH} CMAKE_PREFIX_PATH=/home/maria/rmf_ws/install/rmf_visualization:/home/maria/rmf_ws/install/rmf_visualization_schedule:/home/maria/rmf_ws/install/rmf_visualization_rviz2_plugins:/home/maria/rmf_ws/install/rmf_visualization_obstacles:/home/maria/rmf_ws/install/rmf_visualization_navgraphs:/home/maria/rmf_ws/install/rmf_visualization_floorplans:/home/maria/rmf_ws/install/rmf_visualization_fleet_states:/home/maria/rmf_ws/install/project_simulation:/home/maria/rmf_ws/install/project_maps:/home/maria/rmf_ws/install/project_assets:/rmf_demos_ws/install/rmf_workcell_msgs:/rmf_demos_ws/install/rmf_demos_gz:/rmf_demos_ws/install/rmf_demos:/rmf_demos_ws/install/rmf_reservation_node:/rmf_demos_ws/install/rmf_fleet_adapter_python:/rmf_demos_ws/install/rmf_fleet_adapter:/rmf_demos_ws/install/rmf_task_ros2:/rmf_demos_ws/install/rmf_websocket:/rmf_demos_ws/install/rmf_visualization:/rmf_demos_ws/install/rmf_visualization_schedule:/rmf_demos_ws/install/rmf_visualization_rviz2_plugins:/rmf_demos_ws/install/rmf_visualization_obstacles:/rmf_demos_ws/install/rmf_visualization_navgraphs:/rmf_demos_ws/install/rmf_visualization_floorplans:/rmf_demos_ws/install/rmf_visualization_fleet_states:/rmf_demos_ws/install/rmf_visualization_msgs:/rmf_demos_ws/install/rmf_traffic_ros2:/rmf_demos_ws/install/rmf_task_sequence:/rmf_demos_ws/install/rmf_task:/rmf_demos_ws/install/rmf_battery:/rmf_demos_ws/install/rmf_traffic:/rmf_demos_ws/install/rmf_utils:/rmf_demos_ws/install/rmf_traffic_msgs:/rmf_demos_ws/install/rmf_traffic_editor_test_maps:/rmf_demos_ws/install/rmf_traffic_editor_assets:/rmf_demos_ws/install/rmf_traffic_editor:/rmf_demos_ws/install/rmf_task_msgs:/rmf_demos_ws/install/rmf_site_map_msgs:/rmf_demos_ws/install/rmf_scheduler_msgs:/rmf_demos_ws/install/rmf_robot_sim_gz_plugins:/rmf_demos_ws/install/rmf_robot_sim_common:/rmf_demos_ws/install/rmf_reservation_msgs:/rmf_demos_ws/install/rmf_obstacle_msgs:/rmf_demos_ws/install/rmf_building_sim_gz_plugins:/rmf_demos_ws/install/rmf_lift_msgs:/rmf_demos_ws/install/rmf_ingestor_msgs:/rmf_demos_ws/install/rmf_fleet_msgs:/rmf_demos_ws/install/rmf_door_msgs:/rmf_demos_ws/install/rmf_dispenser_msgs:/rmf_demos_ws/install/rmf_demos_maps:/rmf_demos_ws/install/rmf_demos_assets:/rmf_demos_ws/install/rmf_charger_msgs:/rmf_demos_ws/install/rmf_building_map_msgs:/rmf_demos_ws/install/rmf_api_msgs:/rmf_demos_ws/install/nlohmann_json_schema_validator_vendor:/rmf_demos_ws/install/rmf_demos_fleet_adapter:/rmf_demos_ws/install/rmf_visualization_building_systems:/rmf_demos_ws/install/rmf_traffic_examples:/rmf_demos_ws/install/rmf_demos_bridges:/rmf_demos_ws/install/rmf_demos_tasks:/rmf_demos_ws/install/rmf_building_map_tools:/rmf_demos_ws/install/rmf_charging_schedule:/opt/ros/jazzy:/rmf_demos_ws/install/menge_vendor:/rmf_demos_ws/install/ament_cmake_catch2:/opt/ros/jazzy/opt/gz_sim_vendor:/opt/ros/jazzy/opt/gz_sensors_vendor:/opt/ros/jazzy/opt/gz_physics_vendor:/opt/ros/jazzy/opt/sdformat_vendor:/opt/ros/jazzy/opt/gz_gui_vendor:/opt/ros/jazzy/opt/gz_transport_vendor:/opt/ros/jazzy/opt/gz_rendering_vendor:/opt/ros/jazzy/opt/gz_plugin_vendor:/opt/ros/jazzy/opt/gz_fuel_tools_vendor:/opt/ros/jazzy/opt/gz_msgs_vendor:/opt/ros/jazzy/opt/gz_common_vendor:/opt/ros/jazzy/opt/gz_math_vendor:/opt/ros/jazzy/opt/gz_utils_vendor:/opt/ros/jazzy/opt/gz_tools_vendor:/opt/ros/jazzy/opt/gz_ogre_next_vendor:/opt/ros/jazzy/opt/gz_dartsim_vendor:/opt/ros/jazzy/opt/gz_cmake_vendor LD_LIBRARY_PATH=/home/maria/rmf_ws/install/rmf_visualization_schedule/lib:/home/maria/rmf_ws/install/rmf_visualization_rviz2_plugins/lib:/home/maria/rmf_ws/install/rmf_visualization_obstacles/lib:/home/maria/rmf_ws/install/rmf_visualization_navgraphs/lib:/home/maria/rmf_ws/install/rmf_visualization_floorplans/lib:/home/maria/rmf_ws/install/rmf_visualization_fleet_states/lib:${LD_LIBRARY_PATH} PYTHONPATH=/home/maria/rmf_ws/build/rmf_visualization_building_systems:/home/maria/rmf_ws/install/rmf_visualization_building_systems/lib/python3.12/site-packages:/home/maria/rmf_ws/build/project_tasks:/home/maria/rmf_ws/install/project_tasks/lib/python3.12/site-packages:/home/maria/rmf_ws/build/project_fleet_adapter:/home/maria/rmf_ws/install/project_fleet_adapter/lib/python3.12/site-packages:${PYTHONPATH} /usr/bin/cmake /home/maria/rmf_ws/src/project/project_config -DAMENT_CMAKE_SYMLINK_INSTALL=1 -DCMAKE_INSTALL_PREFIX=/home/maria/rmf_ws/install/project_config
[104.672s] DEBUG:colcon.colcon_core.event_handler.log_command:Invoked command in '/home/maria/rmf_ws/build/project_config' returned '0': AMENT_PREFIX_PATH=/home/maria/rmf_ws/install/rmf_visualization:/home/maria/rmf_ws/install/rmf_visualization_schedule:/home/maria/rmf_ws/install/rmf_visualization_rviz2_plugins:/home/maria/rmf_ws/install/rmf_visualization_obstacles:/home/maria/rmf_ws/install/rmf_visualization_navgraphs:/home/maria/rmf_ws/install/rmf_visualization_floorplans:/home/maria/rmf_ws/install/rmf_visualization_fleet_states:/home/maria/rmf_ws/install/rmf_visualization_building_systems:/home/maria/rmf_ws/install/project_tasks:/home/maria/rmf_ws/install/project_simulation:/home/maria/rmf_ws/install/project_maps:/home/maria/rmf_ws/install/project_fleet_adapter:/home/maria/rmf_ws/install/project_assets:${AMENT_PREFIX_PATH} CMAKE_PREFIX_PATH=/home/maria/rmf_ws/install/rmf_visualization:/home/maria/rmf_ws/install/rmf_visualization_schedule:/home/maria/rmf_ws/install/rmf_visualization_rviz2_plugins:/home/maria/rmf_ws/install/rmf_visualization_obstacles:/home/maria/rmf_ws/install/rmf_visualization_navgraphs:/home/maria/rmf_ws/install/rmf_visualization_floorplans:/home/maria/rmf_ws/install/rmf_visualization_fleet_states:/home/maria/rmf_ws/install/project_simulation:/home/maria/rmf_ws/install/project_maps:/home/maria/rmf_ws/install/project_assets:/rmf_demos_ws/install/rmf_workcell_msgs:/rmf_demos_ws/install/rmf_demos_gz:/rmf_demos_ws/install/rmf_demos:/rmf_demos_ws/install/rmf_reservation_node:/rmf_demos_ws/install/rmf_fleet_adapter_python:/rmf_demos_ws/install/rmf_fleet_adapter:/rmf_demos_ws/install/rmf_task_ros2:/rmf_demos_ws/install/rmf_websocket:/rmf_demos_ws/install/rmf_visualization:/rmf_demos_ws/install/rmf_visualization_schedule:/rmf_demos_ws/install/rmf_visualization_rviz2_plugins:/rmf_demos_ws/install/rmf_visualization_obstacles:/rmf_demos_ws/install/rmf_visualization_navgraphs:/rmf_demos_ws/install/rmf_visualization_floorplans:/rmf_demos_ws/install/rmf_visualization_fleet_states:/rmf_demos_ws/install/rmf_visualization_msgs:/rmf_demos_ws/install/rmf_traffic_ros2:/rmf_demos_ws/install/rmf_task_sequence:/rmf_demos_ws/install/rmf_task:/rmf_demos_ws/install/rmf_battery:/rmf_demos_ws/install/rmf_traffic:/rmf_demos_ws/install/rmf_utils:/rmf_demos_ws/install/rmf_traffic_msgs:/rmf_demos_ws/install/rmf_traffic_editor_test_maps:/rmf_demos_ws/install/rmf_traffic_editor_assets:/rmf_demos_ws/install/rmf_traffic_editor:/rmf_demos_ws/install/rmf_task_msgs:/rmf_demos_ws/install/rmf_site_map_msgs:/rmf_demos_ws/install/rmf_scheduler_msgs:/rmf_demos_ws/install/rmf_robot_sim_gz_plugins:/rmf_demos_ws/install/rmf_robot_sim_common:/rmf_demos_ws/install/rmf_reservation_msgs:/rmf_demos_ws/install/rmf_obstacle_msgs:/rmf_demos_ws/install/rmf_building_sim_gz_plugins:/rmf_demos_ws/install/rmf_lift_msgs:/rmf_demos_ws/install/rmf_ingestor_msgs:/rmf_demos_ws/install/rmf_fleet_msgs:/rmf_demos_ws/install/rmf_door_msgs:/rmf_demos_ws/install/rmf_dispenser_msgs:/rmf_demos_ws/install/rmf_demos_maps:/rmf_demos_ws/install/rmf_demos_assets:/rmf_demos_ws/install/rmf_charger_msgs:/rmf_demos_ws/install/rmf_building_map_msgs:/rmf_demos_ws/install/rmf_api_msgs:/rmf_demos_ws/install/nlohmann_json_schema_validator_vendor:/rmf_demos_ws/install/rmf_demos_fleet_adapter:/rmf_demos_ws/install/rmf_visualization_building_systems:/rmf_demos_ws/install/rmf_traffic_examples:/rmf_demos_ws/install/rmf_demos_bridges:/rmf_demos_ws/install/rmf_demos_tasks:/rmf_demos_ws/install/rmf_building_map_tools:/rmf_demos_ws/install/rmf_charging_schedule:/opt/ros/jazzy:/rmf_demos_ws/install/menge_vendor:/rmf_demos_ws/install/ament_cmake_catch2:/opt/ros/jazzy/opt/gz_sim_vendor:/opt/ros/jazzy/opt/gz_sensors_vendor:/opt/ros/jazzy/opt/gz_physics_vendor:/opt/ros/jazzy/opt/sdformat_vendor:/opt/ros/jazzy/opt/gz_gui_vendor:/opt/ros/jazzy/opt/gz_transport_vendor:/opt/ros/jazzy/opt/gz_rendering_vendor:/opt/ros/jazzy/opt/gz_plugin_vendor:/opt/ros/jazzy/opt/gz_fuel_tools_vendor:/opt/ros/jazzy/opt/gz_msgs_vendor:/opt/ros/jazzy/opt/gz_common_vendor:/opt/ros/jazzy/opt/gz_math_vendor:/opt/ros/jazzy/opt/gz_utils_vendor:/opt/ros/jazzy/opt/gz_tools_vendor:/opt/ros/jazzy/opt/gz_ogre_next_vendor:/opt/ros/jazzy/opt/gz_dartsim_vendor:/opt/ros/jazzy/opt/gz_cmake_vendor LD_LIBRARY_PATH=/home/maria/rmf_ws/install/rmf_visualization_schedule/lib:/home/maria/rmf_ws/install/rmf_visualization_rviz2_plugins/lib:/home/maria/rmf_ws/install/rmf_visualization_obstacles/lib:/home/maria/rmf_ws/install/rmf_visualization_navgraphs/lib:/home/maria/rmf_ws/install/rmf_visualization_floorplans/lib:/home/maria/rmf_ws/install/rmf_visualization_fleet_states/lib:${LD_LIBRARY_PATH} PYTHONPATH=/home/maria/rmf_ws/build/rmf_visualization_building_systems:/home/maria/rmf_ws/install/rmf_visualization_building_systems/lib/python3.12/site-packages:/home/maria/rmf_ws/build/project_tasks:/home/maria/rmf_ws/install/project_tasks/lib/python3.12/site-packages:/home/maria/rmf_ws/build/project_fleet_adapter:/home/maria/rmf_ws/install/project_fleet_adapter/lib/python3.12/site-packages:${PYTHONPATH} /usr/bin/cmake /home/maria/rmf_ws/src/project/project_config -DAMENT_CMAKE_SYMLINK_INSTALL=1 -DCMAKE_INSTALL_PREFIX=/home/maria/rmf_ws/install/project_config
[104.673s] DEBUG:colcon.colcon_core.event_handler.log_command:Invoking command in '/home/maria/rmf_ws/build/project_config': AMENT_PREFIX_PATH=/home/maria/rmf_ws/install/rmf_visualization:/home/maria/rmf_ws/install/rmf_visualization_schedule:/home/maria/rmf_ws/install/rmf_visualization_rviz2_plugins:/home/maria/rmf_ws/install/rmf_visualization_obstacles:/home/maria/rmf_ws/install/rmf_visualization_navgraphs:/home/maria/rmf_ws/install/rmf_visualization_floorplans:/home/maria/rmf_ws/install/rmf_visualization_fleet_states:/home/maria/rmf_ws/install/rmf_visualization_building_systems:/home/maria/rmf_ws/install/project_tasks:/home/maria/rmf_ws/install/project_simulation:/home/maria/rmf_ws/install/project_maps:/home/maria/rmf_ws/install/project_fleet_adapter:/home/maria/rmf_ws/install/project_assets:${AMENT_PREFIX_PATH} CMAKE_PREFIX_PATH=/home/maria/rmf_ws/install/rmf_visualization:/home/maria/rmf_ws/install/rmf_visualization_schedule:/home/maria/rmf_ws/install/rmf_visualization_rviz2_plugins:/home/maria/rmf_ws/install/rmf_visualization_obstacles:/home/maria/rmf_ws/install/rmf_visualization_navgraphs:/home/maria/rmf_ws/install/rmf_visualization_floorplans:/home/maria/rmf_ws/install/rmf_visualization_fleet_states:/home/maria/rmf_ws/install/project_simulation:/home/maria/rmf_ws/install/project_maps:/home/maria/rmf_ws/install/project_assets:/rmf_demos_ws/install/rmf_workcell_msgs:/rmf_demos_ws/install/rmf_demos_gz:/rmf_demos_ws/install/rmf_demos:/rmf_demos_ws/install/rmf_reservation_node:/rmf_demos_ws/install/rmf_fleet_adapter_python:/rmf_demos_ws/install/rmf_fleet_adapter:/rmf_demos_ws/install/rmf_task_ros2:/rmf_demos_ws/install/rmf_websocket:/rmf_demos_ws/install/rmf_visualization:/rmf_demos_ws/install/rmf_visualization_schedule:/rmf_demos_ws/install/rmf_visualization_rviz2_plugins:/rmf_demos_ws/install/rmf_visualization_obstacles:/rmf_demos_ws/install/rmf_visualization_navgraphs:/rmf_demos_ws/install/rmf_visualization_floorplans:/rmf_demos_ws/install/rmf_visualization_fleet_states:/rmf_demos_ws/install/rmf_visualization_msgs:/rmf_demos_ws/install/rmf_traffic_ros2:/rmf_demos_ws/install/rmf_task_sequence:/rmf_demos_ws/install/rmf_task:/rmf_demos_ws/install/rmf_battery:/rmf_demos_ws/install/rmf_traffic:/rmf_demos_ws/install/rmf_utils:/rmf_demos_ws/install/rmf_traffic_msgs:/rmf_demos_ws/install/rmf_traffic_editor_test_maps:/rmf_demos_ws/install/rmf_traffic_editor_assets:/rmf_demos_ws/install/rmf_traffic_editor:/rmf_demos_ws/install/rmf_task_msgs:/rmf_demos_ws/install/rmf_site_map_msgs:/rmf_demos_ws/install/rmf_scheduler_msgs:/rmf_demos_ws/install/rmf_robot_sim_gz_plugins:/rmf_demos_ws/install/rmf_robot_sim_common:/rmf_demos_ws/install/rmf_reservation_msgs:/rmf_demos_ws/install/rmf_obstacle_msgs:/rmf_demos_ws/install/rmf_building_sim_gz_plugins:/rmf_demos_ws/install/rmf_lift_msgs:/rmf_demos_ws/install/rmf_ingestor_msgs:/rmf_demos_ws/install/rmf_fleet_msgs:/rmf_demos_ws/install/rmf_door_msgs:/rmf_demos_ws/install/rmf_dispenser_msgs:/rmf_demos_ws/install/rmf_demos_maps:/rmf_demos_ws/install/rmf_demos_assets:/rmf_demos_ws/install/rmf_charger_msgs:/rmf_demos_ws/install/rmf_building_map_msgs:/rmf_demos_ws/install/rmf_api_msgs:/rmf_demos_ws/install/nlohmann_json_schema_validator_vendor:/rmf_demos_ws/install/rmf_demos_fleet_adapter:/rmf_demos_ws/install/rmf_visualization_building_systems:/rmf_demos_ws/install/rmf_traffic_examples:/rmf_demos_ws/install/rmf_demos_bridges:/rmf_demos_ws/install/rmf_demos_tasks:/rmf_demos_ws/install/rmf_building_map_tools:/rmf_demos_ws/install/rmf_charging_schedule:/opt/ros/jazzy:/rmf_demos_ws/install/menge_vendor:/rmf_demos_ws/install/ament_cmake_catch2:/opt/ros/jazzy/opt/gz_sim_vendor:/opt/ros/jazzy/opt/gz_sensors_vendor:/opt/ros/jazzy/opt/gz_physics_vendor:/opt/ros/jazzy/opt/sdformat_vendor:/opt/ros/jazzy/opt/gz_gui_vendor:/opt/ros/jazzy/opt/gz_transport_vendor:/opt/ros/jazzy/opt/gz_rendering_vendor:/opt/ros/jazzy/opt/gz_plugin_vendor:/opt/ros/jazzy/opt/gz_fuel_tools_vendor:/opt/ros/jazzy/opt/gz_msgs_vendor:/opt/ros/jazzy/opt/gz_common_vendor:/opt/ros/jazzy/opt/gz_math_vendor:/opt/ros/jazzy/opt/gz_utils_vendor:/opt/ros/jazzy/opt/gz_tools_vendor:/opt/ros/jazzy/opt/gz_ogre_next_vendor:/opt/ros/jazzy/opt/gz_dartsim_vendor:/opt/ros/jazzy/opt/gz_cmake_vendor LD_LIBRARY_PATH=/home/maria/rmf_ws/install/rmf_visualization_schedule/lib:/home/maria/rmf_ws/install/rmf_visualization_rviz2_plugins/lib:/home/maria/rmf_ws/install/rmf_visualization_obstacles/lib:/home/maria/rmf_ws/install/rmf_visualization_navgraphs/lib:/home/maria/rmf_ws/install/rmf_visualization_floorplans/lib:/home/maria/rmf_ws/install/rmf_visualization_fleet_states/lib:${LD_LIBRARY_PATH} PYTHONPATH=/home/maria/rmf_ws/build/rmf_visualization_building_systems:/home/maria/rmf_ws/install/rmf_visualization_building_systems/lib/python3.12/site-packages:/home/maria/rmf_ws/build/project_tasks:/home/maria/rmf_ws/install/project_tasks/lib/python3.12/site-packages:/home/maria/rmf_ws/build/project_fleet_adapter:/home/maria/rmf_ws/install/project_fleet_adapter/lib/python3.12/site-packages:${PYTHONPATH} /usr/bin/cmake --build /home/maria/rmf_ws/build/project_config -- -j8 -l8
[104.720s] DEBUG:colcon.colcon_core.event_handler.log_command:Invoked command in '/home/maria/rmf_ws/build/project_config' returned '0': AMENT_PREFIX_PATH=/home/maria/rmf_ws/install/rmf_visualization:/home/maria/rmf_ws/install/rmf_visualization_schedule:/home/maria/rmf_ws/install/rmf_visualization_rviz2_plugins:/home/maria/rmf_ws/install/rmf_visualization_obstacles:/home/maria/rmf_ws/install/rmf_visualization_navgraphs:/home/maria/rmf_ws/install/rmf_visualization_floorplans:/home/maria/rmf_ws/install/rmf_visualization_fleet_states:/home/maria/rmf_ws/install/rmf_visualization_building_systems:/home/maria/rmf_ws/install/project_tasks:/home/maria/rmf_ws/install/project_simulation:/home/maria/rmf_ws/install/project_maps:/home/maria/rmf_ws/install/project_fleet_adapter:/home/maria/rmf_ws/install/project_assets:${AMENT_PREFIX_PATH} CMAKE_PREFIX_PATH=/home/maria/rmf_ws/install/rmf_visualization:/home/maria/rmf_ws/install/rmf_visualization_schedule:/home/maria/rmf_ws/install/rmf_visualization_rviz2_plugins:/home/maria/rmf_ws/install/rmf_visualization_obstacles:/home/maria/rmf_ws/install/rmf_visualization_navgraphs:/home/maria/rmf_ws/install/rmf_visualization_floorplans:/home/maria/rmf_ws/install/rmf_visualization_fleet_states:/home/maria/rmf_ws/install/project_simulation:/home/maria/rmf_ws/install/project_maps:/home/maria/rmf_ws/install/project_assets:/rmf_demos_ws/install/rmf_workcell_msgs:/rmf_demos_ws/install/rmf_demos_gz:/rmf_demos_ws/install/rmf_demos:/rmf_demos_ws/install/rmf_reservation_node:/rmf_demos_ws/install/rmf_fleet_adapter_python:/rmf_demos_ws/install/rmf_fleet_adapter:/rmf_demos_ws/install/rmf_task_ros2:/rmf_demos_ws/install/rmf_websocket:/rmf_demos_ws/install/rmf_visualization:/rmf_demos_ws/install/rmf_visualization_schedule:/rmf_demos_ws/install/rmf_visualization_rviz2_plugins:/rmf_demos_ws/install/rmf_visualization_obstacles:/rmf_demos_ws/install/rmf_visualization_navgraphs:/rmf_demos_ws/install/rmf_visualization_floorplans:/rmf_demos_ws/install/rmf_visualization_fleet_states:/rmf_demos_ws/install/rmf_visualization_msgs:/rmf_demos_ws/install/rmf_traffic_ros2:/rmf_demos_ws/install/rmf_task_sequence:/rmf_demos_ws/install/rmf_task:/rmf_demos_ws/install/rmf_battery:/rmf_demos_ws/install/rmf_traffic:/rmf_demos_ws/install/rmf_utils:/rmf_demos_ws/install/rmf_traffic_msgs:/rmf_demos_ws/install/rmf_traffic_editor_test_maps:/rmf_demos_ws/install/rmf_traffic_editor_assets:/rmf_demos_ws/install/rmf_traffic_editor:/rmf_demos_ws/install/rmf_task_msgs:/rmf_demos_ws/install/rmf_site_map_msgs:/rmf_demos_ws/install/rmf_scheduler_msgs:/rmf_demos_ws/install/rmf_robot_sim_gz_plugins:/rmf_demos_ws/install/rmf_robot_sim_common:/rmf_demos_ws/install/rmf_reservation_msgs:/rmf_demos_ws/install/rmf_obstacle_msgs:/rmf_demos_ws/install/rmf_building_sim_gz_plugins:/rmf_demos_ws/install/rmf_lift_msgs:/rmf_demos_ws/install/rmf_ingestor_msgs:/rmf_demos_ws/install/rmf_fleet_msgs:/rmf_demos_ws/install/rmf_door_msgs:/rmf_demos_ws/install/rmf_dispenser_msgs:/rmf_demos_ws/install/rmf_demos_maps:/rmf_demos_ws/install/rmf_demos_assets:/rmf_demos_ws/install/rmf_charger_msgs:/rmf_demos_ws/install/rmf_building_map_msgs:/rmf_demos_ws/install/rmf_api_msgs:/rmf_demos_ws/install/nlohmann_json_schema_validator_vendor:/rmf_demos_ws/install/rmf_demos_fleet_adapter:/rmf_demos_ws/install/rmf_visualization_building_systems:/rmf_demos_ws/install/rmf_traffic_examples:/rmf_demos_ws/install/rmf_demos_bridges:/rmf_demos_ws/install/rmf_demos_tasks:/rmf_demos_ws/install/rmf_building_map_tools:/rmf_demos_ws/install/rmf_charging_schedule:/opt/ros/jazzy:/rmf_demos_ws/install/menge_vendor:/rmf_demos_ws/install/ament_cmake_catch2:/opt/ros/jazzy/opt/gz_sim_vendor:/opt/ros/jazzy/opt/gz_sensors_vendor:/opt/ros/jazzy/opt/gz_physics_vendor:/opt/ros/jazzy/opt/sdformat_vendor:/opt/ros/jazzy/opt/gz_gui_vendor:/opt/ros/jazzy/opt/gz_transport_vendor:/opt/ros/jazzy/opt/gz_rendering_vendor:/opt/ros/jazzy/opt/gz_plugin_vendor:/opt/ros/jazzy/opt/gz_fuel_tools_vendor:/opt/ros/jazzy/opt/gz_msgs_vendor:/opt/ros/jazzy/opt/gz_common_vendor:/opt/ros/jazzy/opt/gz_math_vendor:/opt/ros/jazzy/opt/gz_utils_vendor:/opt/ros/jazzy/opt/gz_tools_vendor:/opt/ros/jazzy/opt/gz_ogre_next_vendor:/opt/ros/jazzy/opt/gz_dartsim_vendor:/opt/ros/jazzy/opt/gz_cmake_vendor LD_LIBRARY_PATH=/home/maria/rmf_ws/install/rmf_visualization_schedule/lib:/home/maria/rmf_ws/install/rmf_visualization_rviz2_plugins/lib:/home/maria/rmf_ws/install/rmf_visualization_obstacles/lib:/home/maria/rmf_ws/install/rmf_visualization_navgraphs/lib:/home/maria/rmf_ws/install/rmf_visualization_floorplans/lib:/home/maria/rmf_ws/install/rmf_visualization_fleet_states/lib:${LD_LIBRARY_PATH} PYTHONPATH=/home/maria/rmf_ws/build/rmf_visualization_building_systems:/home/maria/rmf_ws/install/rmf_visualization_building_systems/lib/python3.12/site-packages:/home/maria/rmf_ws/build/project_tasks:/home/maria/rmf_ws/install/project_tasks/lib/python3.12/site-packages:/home/maria/rmf_ws/build/project_fleet_adapter:/home/maria/rmf_ws/install/project_fleet_adapter/lib/python3.12/site-packages:${PYTHONPATH} /usr/bin/cmake --build /home/maria/rmf_ws/build/project_config -- -j8 -l8
[104.721s] DEBUG:colcon.colcon_core.event_handler.log_command:Invoking command in '/home/maria/rmf_ws/build/project_config': AMENT_PREFIX_PATH=/home/maria/rmf_ws/install/rmf_visualization:/home/maria/rmf_ws/install/rmf_visualization_schedule:/home/maria/rmf_ws/install/rmf_visualization_rviz2_plugins:/home/maria/rmf_ws/install/rmf_visualization_obstacles:/home/maria/rmf_ws/install/rmf_visualization_navgraphs:/home/maria/rmf_ws/install/rmf_visualization_floorplans:/home/maria/rmf_ws/install/rmf_visualization_fleet_states:/home/maria/rmf_ws/install/rmf_visualization_building_systems:/home/maria/rmf_ws/install/project_tasks:/home/maria/rmf_ws/install/project_simulation:/home/maria/rmf_ws/install/project_maps:/home/maria/rmf_ws/install/project_fleet_adapter:/home/maria/rmf_ws/install/project_assets:${AMENT_PREFIX_PATH} CMAKE_PREFIX_PATH=/home/maria/rmf_ws/install/rmf_visualization:/home/maria/rmf_ws/install/rmf_visualization_schedule:/home/maria/rmf_ws/install/rmf_visualization_rviz2_plugins:/home/maria/rmf_ws/install/rmf_visualization_obstacles:/home/maria/rmf_ws/install/rmf_visualization_navgraphs:/home/maria/rmf_ws/install/rmf_visualization_floorplans:/home/maria/rmf_ws/install/rmf_visualization_fleet_states:/home/maria/rmf_ws/install/project_simulation:/home/maria/rmf_ws/install/project_maps:/home/maria/rmf_ws/install/project_assets:/rmf_demos_ws/install/rmf_workcell_msgs:/rmf_demos_ws/install/rmf_demos_gz:/rmf_demos_ws/install/rmf_demos:/rmf_demos_ws/install/rmf_reservation_node:/rmf_demos_ws/install/rmf_fleet_adapter_python:/rmf_demos_ws/install/rmf_fleet_adapter:/rmf_demos_ws/install/rmf_task_ros2:/rmf_demos_ws/install/rmf_websocket:/rmf_demos_ws/install/rmf_visualization:/rmf_demos_ws/install/rmf_visualization_schedule:/rmf_demos_ws/install/rmf_visualization_rviz2_plugins:/rmf_demos_ws/install/rmf_visualization_obstacles:/rmf_demos_ws/install/rmf_visualization_navgraphs:/rmf_demos_ws/install/rmf_visualization_floorplans:/rmf_demos_ws/install/rmf_visualization_fleet_states:/rmf_demos_ws/install/rmf_visualization_msgs:/rmf_demos_ws/install/rmf_traffic_ros2:/rmf_demos_ws/install/rmf_task_sequence:/rmf_demos_ws/install/rmf_task:/rmf_demos_ws/install/rmf_battery:/rmf_demos_ws/install/rmf_traffic:/rmf_demos_ws/install/rmf_utils:/rmf_demos_ws/install/rmf_traffic_msgs:/rmf_demos_ws/install/rmf_traffic_editor_test_maps:/rmf_demos_ws/install/rmf_traffic_editor_assets:/rmf_demos_ws/install/rmf_traffic_editor:/rmf_demos_ws/install/rmf_task_msgs:/rmf_demos_ws/install/rmf_site_map_msgs:/rmf_demos_ws/install/rmf_scheduler_msgs:/rmf_demos_ws/install/rmf_robot_sim_gz_plugins:/rmf_demos_ws/install/rmf_robot_sim_common:/rmf_demos_ws/install/rmf_reservation_msgs:/rmf_demos_ws/install/rmf_obstacle_msgs:/rmf_demos_ws/install/rmf_building_sim_gz_plugins:/rmf_demos_ws/install/rmf_lift_msgs:/rmf_demos_ws/install/rmf_ingestor_msgs:/rmf_demos_ws/install/rmf_fleet_msgs:/rmf_demos_ws/install/rmf_door_msgs:/rmf_demos_ws/install/rmf_dispenser_msgs:/rmf_demos_ws/install/rmf_demos_maps:/rmf_demos_ws/install/rmf_demos_assets:/rmf_demos_ws/install/rmf_charger_msgs:/rmf_demos_ws/install/rmf_building_map_msgs:/rmf_demos_ws/install/rmf_api_msgs:/rmf_demos_ws/install/nlohmann_json_schema_validator_vendor:/rmf_demos_ws/install/rmf_demos_fleet_adapter:/rmf_demos_ws/install/rmf_visualization_building_systems:/rmf_demos_ws/install/rmf_traffic_examples:/rmf_demos_ws/install/rmf_demos_bridges:/rmf_demos_ws/install/rmf_demos_tasks:/rmf_demos_ws/install/rmf_building_map_tools:/rmf_demos_ws/install/rmf_charging_schedule:/opt/ros/jazzy:/rmf_demos_ws/install/menge_vendor:/rmf_demos_ws/install/ament_cmake_catch2:/opt/ros/jazzy/opt/gz_sim_vendor:/opt/ros/jazzy/opt/gz_sensors_vendor:/opt/ros/jazzy/opt/gz_physics_vendor:/opt/ros/jazzy/opt/sdformat_vendor:/opt/ros/jazzy/opt/gz_gui_vendor:/opt/ros/jazzy/opt/gz_transport_vendor:/opt/ros/jazzy/opt/gz_rendering_vendor:/opt/ros/jazzy/opt/gz_plugin_vendor:/opt/ros/jazzy/opt/gz_fuel_tools_vendor:/opt/ros/jazzy/opt/gz_msgs_vendor:/opt/ros/jazzy/opt/gz_common_vendor:/opt/ros/jazzy/opt/gz_math_vendor:/opt/ros/jazzy/opt/gz_utils_vendor:/opt/ros/jazzy/opt/gz_tools_vendor:/opt/ros/jazzy/opt/gz_ogre_next_vendor:/opt/ros/jazzy/opt/gz_dartsim_vendor:/opt/ros/jazzy/opt/gz_cmake_vendor LD_LIBRARY_PATH=/home/maria/rmf_ws/install/rmf_visualization_schedule/lib:/home/maria/rmf_ws/install/rmf_visualization_rviz2_plugins/lib:/home/maria/rmf_ws/install/rmf_visualization_obstacles/lib:/home/maria/rmf_ws/install/rmf_visualization_navgraphs/lib:/home/maria/rmf_ws/install/rmf_visualization_floorplans/lib:/home/maria/rmf_ws/install/rmf_visualization_fleet_states/lib:${LD_LIBRARY_PATH} PYTHONPATH=/home/maria/rmf_ws/build/rmf_visualization_building_systems:/home/maria/rmf_ws/install/rmf_visualization_building_systems/lib/python3.12/site-packages:/home/maria/rmf_ws/build/project_tasks:/home/maria/rmf_ws/install/project_tasks/lib/python3.12/site-packages:/home/maria/rmf_ws/build/project_fleet_adapter:/home/maria/rmf_ws/install/project_fleet_adapter/lib/python3.12/site-packages:${PYTHONPATH} /usr/bin/cmake --install /home/maria/rmf_ws/build/project_config
[105.023s] Level 1:colcon.colcon_core.environment:create_environment_scripts_only(project_config)
[105.023s] Level 1:colcon.colcon_core.environment:checking '/home/maria/rmf_ws/install/project_config' for CMake module files
[105.023s] DEBUG:colcon.colcon_core.event_handler.log_command:Invoked command in '/home/maria/rmf_ws/build/project_config' returned '0': AMENT_PREFIX_PATH=/home/maria/rmf_ws/install/rmf_visualization:/home/maria/rmf_ws/install/rmf_visualization_schedule:/home/maria/rmf_ws/install/rmf_visualization_rviz2_plugins:/home/maria/rmf_ws/install/rmf_visualization_obstacles:/home/maria/rmf_ws/install/rmf_visualization_navgraphs:/home/maria/rmf_ws/install/rmf_visualization_floorplans:/home/maria/rmf_ws/install/rmf_visualization_fleet_states:/home/maria/rmf_ws/install/rmf_visualization_building_systems:/home/maria/rmf_ws/install/project_tasks:/home/maria/rmf_ws/install/project_simulation:/home/maria/rmf_ws/install/project_maps:/home/maria/rmf_ws/install/project_fleet_adapter:/home/maria/rmf_ws/install/project_assets:${AMENT_PREFIX_PATH} CMAKE_PREFIX_PATH=/home/maria/rmf_ws/install/rmf_visualization:/home/maria/rmf_ws/install/rmf_visualization_schedule:/home/maria/rmf_ws/install/rmf_visualization_rviz2_plugins:/home/maria/rmf_ws/install/rmf_visualization_obstacles:/home/maria/rmf_ws/install/rmf_visualization_navgraphs:/home/maria/rmf_ws/install/rmf_visualization_floorplans:/home/maria/rmf_ws/install/rmf_visualization_fleet_states:/home/maria/rmf_ws/install/project_simulation:/home/maria/rmf_ws/install/project_maps:/home/maria/rmf_ws/install/project_assets:/rmf_demos_ws/install/rmf_workcell_msgs:/rmf_demos_ws/install/rmf_demos_gz:/rmf_demos_ws/install/rmf_demos:/rmf_demos_ws/install/rmf_reservation_node:/rmf_demos_ws/install/rmf_fleet_adapter_python:/rmf_demos_ws/install/rmf_fleet_adapter:/rmf_demos_ws/install/rmf_task_ros2:/rmf_demos_ws/install/rmf_websocket:/rmf_demos_ws/install/rmf_visualization:/rmf_demos_ws/install/rmf_visualization_schedule:/rmf_demos_ws/install/rmf_visualization_rviz2_plugins:/rmf_demos_ws/install/rmf_visualization_obstacles:/rmf_demos_ws/install/rmf_visualization_navgraphs:/rmf_demos_ws/install/rmf_visualization_floorplans:/rmf_demos_ws/install/rmf_visualization_fleet_states:/rmf_demos_ws/install/rmf_visualization_msgs:/rmf_demos_ws/install/rmf_traffic_ros2:/rmf_demos_ws/install/rmf_task_sequence:/rmf_demos_ws/install/rmf_task:/rmf_demos_ws/install/rmf_battery:/rmf_demos_ws/install/rmf_traffic:/rmf_demos_ws/install/rmf_utils:/rmf_demos_ws/install/rmf_traffic_msgs:/rmf_demos_ws/install/rmf_traffic_editor_test_maps:/rmf_demos_ws/install/rmf_traffic_editor_assets:/rmf_demos_ws/install/rmf_traffic_editor:/rmf_demos_ws/install/rmf_task_msgs:/rmf_demos_ws/install/rmf_site_map_msgs:/rmf_demos_ws/install/rmf_scheduler_msgs:/rmf_demos_ws/install/rmf_robot_sim_gz_plugins:/rmf_demos_ws/install/rmf_robot_sim_common:/rmf_demos_ws/install/rmf_reservation_msgs:/rmf_demos_ws/install/rmf_obstacle_msgs:/rmf_demos_ws/install/rmf_building_sim_gz_plugins:/rmf_demos_ws/install/rmf_lift_msgs:/rmf_demos_ws/install/rmf_ingestor_msgs:/rmf_demos_ws/install/rmf_fleet_msgs:/rmf_demos_ws/install/rmf_door_msgs:/rmf_demos_ws/install/rmf_dispenser_msgs:/rmf_demos_ws/install/rmf_demos_maps:/rmf_demos_ws/install/rmf_demos_assets:/rmf_demos_ws/install/rmf_charger_msgs:/rmf_demos_ws/install/rmf_building_map_msgs:/rmf_demos_ws/install/rmf_api_msgs:/rmf_demos_ws/install/nlohmann_json_schema_validator_vendor:/rmf_demos_ws/install/rmf_demos_fleet_adapter:/rmf_demos_ws/install/rmf_visualization_building_systems:/rmf_demos_ws/install/rmf_traffic_examples:/rmf_demos_ws/install/rmf_demos_bridges:/rmf_demos_ws/install/rmf_demos_tasks:/rmf_demos_ws/install/rmf_building_map_tools:/rmf_demos_ws/install/rmf_charging_schedule:/opt/ros/jazzy:/rmf_demos_ws/install/menge_vendor:/rmf_demos_ws/install/ament_cmake_catch2:/opt/ros/jazzy/opt/gz_sim_vendor:/opt/ros/jazzy/opt/gz_sensors_vendor:/opt/ros/jazzy/opt/gz_physics_vendor:/opt/ros/jazzy/opt/sdformat_vendor:/opt/ros/jazzy/opt/gz_gui_vendor:/opt/ros/jazzy/opt/gz_transport_vendor:/opt/ros/jazzy/opt/gz_rendering_vendor:/opt/ros/jazzy/opt/gz_plugin_vendor:/opt/ros/jazzy/opt/gz_fuel_tools_vendor:/opt/ros/jazzy/opt/gz_msgs_vendor:/opt/ros/jazzy/opt/gz_common_vendor:/opt/ros/jazzy/opt/gz_math_vendor:/opt/ros/jazzy/opt/gz_utils_vendor:/opt/ros/jazzy/opt/gz_tools_vendor:/opt/ros/jazzy/opt/gz_ogre_next_vendor:/opt/ros/jazzy/opt/gz_dartsim_vendor:/opt/ros/jazzy/opt/gz_cmake_vendor LD_LIBRARY_PATH=/home/maria/rmf_ws/install/rmf_visualization_schedule/lib:/home/maria/rmf_ws/install/rmf_visualization_rviz2_plugins/lib:/home/maria/rmf_ws/install/rmf_visualization_obstacles/lib:/home/maria/rmf_ws/install/rmf_visualization_navgraphs/lib:/home/maria/rmf_ws/install/rmf_visualization_floorplans/lib:/home/maria/rmf_ws/install/rmf_visualization_fleet_states/lib:${LD_LIBRARY_PATH} PYTHONPATH=/home/maria/rmf_ws/build/rmf_visualization_building_systems:/home/maria/rmf_ws/install/rmf_visualization_building_systems/lib/python3.12/site-packages:/home/maria/rmf_ws/build/project_tasks:/home/maria/rmf_ws/install/project_tasks/lib/python3.12/site-packages:/home/maria/rmf_ws/build/project_fleet_adapter:/home/maria/rmf_ws/install/project_fleet_adapter/lib/python3.12/site-packages:${PYTHONPATH} /usr/bin/cmake --install /home/maria/rmf_ws/build/project_config
[105.024s] Level 1:colcon.colcon_core.environment:checking '/home/maria/rmf_ws/install/project_config' for CMake config files
[105.024s] Level 1:colcon.colcon_core.shell:create_environment_hook('project_config', 'cmake_prefix_path')
[105.024s] INFO:colcon.colcon_core.shell:Creating environment hook '/home/maria/rmf_ws/install/project_config/share/project_config/hook/cmake_prefix_path.ps1'
[105.025s] INFO:colcon.colcon_core.shell:Creating environment descriptor '/home/maria/rmf_ws/install/project_config/share/project_config/hook/cmake_prefix_path.dsv'
[105.025s] INFO:colcon.colcon_core.shell:Creating environment hook '/home/maria/rmf_ws/install/project_config/share/project_config/hook/cmake_prefix_path.sh'
[105.025s] Level 1:colcon.colcon_core.environment:checking '/home/maria/rmf_ws/install/project_config/bin'
[105.025s] Level 1:colcon.colcon_core.environment:checking '/home/maria/rmf_ws/install/project_config/lib/pkgconfig/project_config.pc'
[105.025s] Level 1:colcon.colcon_core.environment:checking '/home/maria/rmf_ws/install/project_config/lib/python3.12/site-packages'
[105.026s] Level 1:colcon.colcon_core.environment:checking '/home/maria/rmf_ws/install/project_config/bin'
[105.026s] INFO:colcon.colcon_core.shell:Creating package script '/home/maria/rmf_ws/install/project_config/share/project_config/package.ps1'
[105.026s] INFO:colcon.colcon_core.shell:Creating package descriptor '/home/maria/rmf_ws/install/project_config/share/project_config/package.dsv'
[105.026s] INFO:colcon.colcon_core.shell:Creating package script '/home/maria/rmf_ws/install/project_config/share/project_config/package.sh'
[105.027s] INFO:colcon.colcon_core.shell:Creating package script '/home/maria/rmf_ws/install/project_config/share/project_config/package.bash'
[105.027s] INFO:colcon.colcon_core.shell:Creating package script '/home/maria/rmf_ws/install/project_config/share/project_config/package.zsh'
[105.027s] Level 1:colcon.colcon_core.environment:create_file_with_runtime_dependencies(/home/maria/rmf_ws/install/project_config/share/colcon-core/packages/project_config)
[105.028s] Level 1:colcon.colcon_core.environment:create_environment_scripts_only(project_config)
[105.028s] Level 1:colcon.colcon_core.environment:checking '/home/maria/rmf_ws/install/project_config' for CMake module files
[105.028s] Level 1:colcon.colcon_core.environment:checking '/home/maria/rmf_ws/install/project_config' for CMake config files
[105.029s] Level 1:colcon.colcon_core.shell:create_environment_hook('project_config', 'cmake_prefix_path')
[105.029s] INFO:colcon.colcon_core.shell:Creating environment hook '/home/maria/rmf_ws/install/project_config/share/project_config/hook/cmake_prefix_path.ps1'
[105.029s] INFO:colcon.colcon_core.shell:Creating environment descriptor '/home/maria/rmf_ws/install/project_config/share/project_config/hook/cmake_prefix_path.dsv'
[105.029s] INFO:colcon.colcon_core.shell:Creating environment hook '/home/maria/rmf_ws/install/project_config/share/project_config/hook/cmake_prefix_path.sh'
[105.030s] Level 1:colcon.colcon_core.environment:checking '/home/maria/rmf_ws/install/project_config/bin'
[105.030s] Level 1:colcon.colcon_core.environment:checking '/home/maria/rmf_ws/install/project_config/lib/pkgconfig/project_config.pc'
[105.030s] Level 1:colcon.colcon_core.environment:checking '/home/maria/rmf_ws/install/project_config/lib/python3.12/site-packages'
[105.030s] Level 1:colcon.colcon_core.environment:checking '/home/maria/rmf_ws/install/project_config/bin'
[105.030s] INFO:colcon.colcon_core.shell:Creating package script '/home/maria/rmf_ws/install/project_config/share/project_config/package.ps1'
[105.031s] INFO:colcon.colcon_core.shell:Creating package descriptor '/home/maria/rmf_ws/install/project_config/share/project_config/package.dsv'
[105.031s] INFO:colcon.colcon_core.shell:Creating package script '/home/maria/rmf_ws/install/project_config/share/project_config/package.sh'
[105.031s] INFO:colcon.colcon_core.shell:Creating package script '/home/maria/rmf_ws/install/project_config/share/project_config/package.bash'
[105.032s] INFO:colcon.colcon_core.shell:Creating package script '/home/maria/rmf_ws/install/project_config/share/project_config/package.zsh'
[105.032s] Level 1:colcon.colcon_core.environment:create_file_with_runtime_dependencies(/home/maria/rmf_ws/install/project_config/share/colcon-core/packages/project_config)
[105.799s] DEBUG:colcon.colcon_core.event_handler.log_command:Invoked command in '/home/maria/rmf_ws/build/large_project' returned '0': AMENT_PREFIX_PATH=/home/maria/rmf_ws/install/rmf_visualization:/home/maria/rmf_ws/install/rmf_robot_sim_gz_plugins:/home/maria/rmf_ws/install/rmf_visualization_schedule:/home/maria/rmf_ws/install/rmf_visualization_rviz2_plugins:/home/maria/rmf_ws/install/rmf_visualization_obstacles:/home/maria/rmf_ws/install/rmf_visualization_navgraphs:/home/maria/rmf_ws/install/rmf_visualization_floorplans:/home/maria/rmf_ws/install/rmf_visualization_fleet_states:/home/maria/rmf_ws/install/rmf_visualization_building_systems:/home/maria/rmf_ws/install/rmf_robot_sim_common:/home/maria/rmf_ws/install/rmf_building_sim_gz_plugins:${AMENT_PREFIX_PATH} CMAKE_PREFIX_PATH=/home/maria/rmf_ws/install/rmf_visualization:/home/maria/rmf_ws/install/rmf_robot_sim_gz_plugins:/home/maria/rmf_ws/install/rmf_visualization_schedule:/home/maria/rmf_ws/install/rmf_visualization_rviz2_plugins:/home/maria/rmf_ws/install/rmf_visualization_obstacles:/home/maria/rmf_ws/install/rmf_visualization_navgraphs:/home/maria/rmf_ws/install/rmf_visualization_floorplans:/home/maria/rmf_ws/install/rmf_visualization_fleet_states:/home/maria/rmf_ws/install/rmf_robot_sim_common:/home/maria/rmf_ws/install/rmf_building_sim_gz_plugins:/rmf_demos_ws/install/rmf_workcell_msgs:/rmf_demos_ws/install/rmf_demos_gz:/rmf_demos_ws/install/rmf_demos:/rmf_demos_ws/install/rmf_reservation_node:/rmf_demos_ws/install/rmf_fleet_adapter_python:/rmf_demos_ws/install/rmf_fleet_adapter:/rmf_demos_ws/install/rmf_task_ros2:/rmf_demos_ws/install/rmf_websocket:/rmf_demos_ws/install/rmf_visualization:/rmf_demos_ws/install/rmf_visualization_schedule:/rmf_demos_ws/install/rmf_visualization_rviz2_plugins:/rmf_demos_ws/install/rmf_visualization_obstacles:/rmf_demos_ws/install/rmf_visualization_navgraphs:/rmf_demos_ws/install/rmf_visualization_floorplans:/rmf_demos_ws/install/rmf_visualization_fleet_states:/rmf_demos_ws/install/rmf_visualization_msgs:/rmf_demos_ws/install/rmf_traffic_ros2:/rmf_demos_ws/install/rmf_task_sequence:/rmf_demos_ws/install/rmf_task:/rmf_demos_ws/install/rmf_battery:/rmf_demos_ws/install/rmf_traffic:/rmf_demos_ws/install/rmf_utils:/rmf_demos_ws/install/rmf_traffic_msgs:/rmf_demos_ws/install/rmf_traffic_editor_test_maps:/rmf_demos_ws/install/rmf_traffic_editor_assets:/rmf_demos_ws/install/rmf_traffic_editor:/rmf_demos_ws/install/rmf_task_msgs:/rmf_demos_ws/install/rmf_site_map_msgs:/rmf_demos_ws/install/rmf_scheduler_msgs:/rmf_demos_ws/install/rmf_robot_sim_gz_plugins:/rmf_demos_ws/install/rmf_robot_sim_common:/rmf_demos_ws/install/rmf_reservation_msgs:/rmf_demos_ws/install/rmf_obstacle_msgs:/rmf_demos_ws/install/rmf_building_sim_gz_plugins:/rmf_demos_ws/install/rmf_lift_msgs:/rmf_demos_ws/install/rmf_ingestor_msgs:/rmf_demos_ws/install/rmf_fleet_msgs:/rmf_demos_ws/install/rmf_door_msgs:/rmf_demos_ws/install/rmf_dispenser_msgs:/rmf_demos_ws/install/rmf_demos_maps:/rmf_demos_ws/install/rmf_demos_assets:/rmf_demos_ws/install/rmf_charger_msgs:/rmf_demos_ws/install/rmf_building_map_msgs:/rmf_demos_ws/install/rmf_api_msgs:/rmf_demos_ws/install/nlohmann_json_schema_validator_vendor:/rmf_demos_ws/install/rmf_demos_fleet_adapter:/rmf_demos_ws/install/rmf_visualization_building_systems:/rmf_demos_ws/install/rmf_traffic_examples:/rmf_demos_ws/install/rmf_demos_bridges:/rmf_demos_ws/install/rmf_demos_tasks:/rmf_demos_ws/install/rmf_building_map_tools:/rmf_demos_ws/install/rmf_charging_schedule:/opt/ros/jazzy:/rmf_demos_ws/install/menge_vendor:/rmf_demos_ws/install/ament_cmake_catch2:/opt/ros/jazzy/opt/gz_sim_vendor:/opt/ros/jazzy/opt/gz_sensors_vendor:/opt/ros/jazzy/opt/gz_physics_vendor:/opt/ros/jazzy/opt/sdformat_vendor:/opt/ros/jazzy/opt/gz_gui_vendor:/opt/ros/jazzy/opt/gz_transport_vendor:/opt/ros/jazzy/opt/gz_rendering_vendor:/opt/ros/jazzy/opt/gz_plugin_vendor:/opt/ros/jazzy/opt/gz_fuel_tools_vendor:/opt/ros/jazzy/opt/gz_msgs_vendor:/opt/ros/jazzy/opt/gz_common_vendor:/opt/ros/jazzy/opt/gz_math_vendor:/opt/ros/jazzy/opt/gz_utils_vendor:/opt/ros/jazzy/opt/gz_tools_vendor:/opt/ros/jazzy/opt/gz_ogre_next_vendor:/opt/ros/jazzy/opt/gz_dartsim_vendor:/opt/ros/jazzy/opt/gz_cmake_vendor LD_LIBRARY_PATH=/home/maria/rmf_ws/install/rmf_visualization_schedule/lib:/home/maria/rmf_ws/install/rmf_visualization_rviz2_plugins/lib:/home/maria/rmf_ws/install/rmf_visualization_obstacles/lib:/home/maria/rmf_ws/install/rmf_visualization_navgraphs/lib:/home/maria/rmf_ws/install/rmf_visualization_floorplans/lib:/home/maria/rmf_ws/install/rmf_visualization_fleet_states/lib:/home/maria/rmf_ws/install/rmf_robot_sim_common/lib:${LD_LIBRARY_PATH} PYTHONPATH=/home/maria/rmf_ws/build/rmf_visualization_building_systems:/home/maria/rmf_ws/install/rmf_visualization_building_systems/lib/python3.12/site-packages:${PYTHONPATH} /usr/bin/cmake --build /home/maria/rmf_ws/build/large_project -- -j8 -l8
[105.800s] DEBUG:colcon.colcon_core.event_handler.log_command:Invoking command in '/home/maria/rmf_ws/build/large_project': AMENT_PREFIX_PATH=/home/maria/rmf_ws/install/rmf_visualization:/home/maria/rmf_ws/install/rmf_robot_sim_gz_plugins:/home/maria/rmf_ws/install/rmf_visualization_schedule:/home/maria/rmf_ws/install/rmf_visualization_rviz2_plugins:/home/maria/rmf_ws/install/rmf_visualization_obstacles:/home/maria/rmf_ws/install/rmf_visualization_navgraphs:/home/maria/rmf_ws/install/rmf_visualization_floorplans:/home/maria/rmf_ws/install/rmf_visualization_fleet_states:/home/maria/rmf_ws/install/rmf_visualization_building_systems:/home/maria/rmf_ws/install/rmf_robot_sim_common:/home/maria/rmf_ws/install/rmf_building_sim_gz_plugins:${AMENT_PREFIX_PATH} CMAKE_PREFIX_PATH=/home/maria/rmf_ws/install/rmf_visualization:/home/maria/rmf_ws/install/rmf_robot_sim_gz_plugins:/home/maria/rmf_ws/install/rmf_visualization_schedule:/home/maria/rmf_ws/install/rmf_visualization_rviz2_plugins:/home/maria/rmf_ws/install/rmf_visualization_obstacles:/home/maria/rmf_ws/install/rmf_visualization_navgraphs:/home/maria/rmf_ws/install/rmf_visualization_floorplans:/home/maria/rmf_ws/install/rmf_visualization_fleet_states:/home/maria/rmf_ws/install/rmf_robot_sim_common:/home/maria/rmf_ws/install/rmf_building_sim_gz_plugins:/rmf_demos_ws/install/rmf_workcell_msgs:/rmf_demos_ws/install/rmf_demos_gz:/rmf_demos_ws/install/rmf_demos:/rmf_demos_ws/install/rmf_reservation_node:/rmf_demos_ws/install/rmf_fleet_adapter_python:/rmf_demos_ws/install/rmf_fleet_adapter:/rmf_demos_ws/install/rmf_task_ros2:/rmf_demos_ws/install/rmf_websocket:/rmf_demos_ws/install/rmf_visualization:/rmf_demos_ws/install/rmf_visualization_schedule:/rmf_demos_ws/install/rmf_visualization_rviz2_plugins:/rmf_demos_ws/install/rmf_visualization_obstacles:/rmf_demos_ws/install/rmf_visualization_navgraphs:/rmf_demos_ws/install/rmf_visualization_floorplans:/rmf_demos_ws/install/rmf_visualization_fleet_states:/rmf_demos_ws/install/rmf_visualization_msgs:/rmf_demos_ws/install/rmf_traffic_ros2:/rmf_demos_ws/install/rmf_task_sequence:/rmf_demos_ws/install/rmf_task:/rmf_demos_ws/install/rmf_battery:/rmf_demos_ws/install/rmf_traffic:/rmf_demos_ws/install/rmf_utils:/rmf_demos_ws/install/rmf_traffic_msgs:/rmf_demos_ws/install/rmf_traffic_editor_test_maps:/rmf_demos_ws/install/rmf_traffic_editor_assets:/rmf_demos_ws/install/rmf_traffic_editor:/rmf_demos_ws/install/rmf_task_msgs:/rmf_demos_ws/install/rmf_site_map_msgs:/rmf_demos_ws/install/rmf_scheduler_msgs:/rmf_demos_ws/install/rmf_robot_sim_gz_plugins:/rmf_demos_ws/install/rmf_robot_sim_common:/rmf_demos_ws/install/rmf_reservation_msgs:/rmf_demos_ws/install/rmf_obstacle_msgs:/rmf_demos_ws/install/rmf_building_sim_gz_plugins:/rmf_demos_ws/install/rmf_lift_msgs:/rmf_demos_ws/install/rmf_ingestor_msgs:/rmf_demos_ws/install/rmf_fleet_msgs:/rmf_demos_ws/install/rmf_door_msgs:/rmf_demos_ws/install/rmf_dispenser_msgs:/rmf_demos_ws/install/rmf_demos_maps:/rmf_demos_ws/install/rmf_demos_assets:/rmf_demos_ws/install/rmf_charger_msgs:/rmf_demos_ws/install/rmf_building_map_msgs:/rmf_demos_ws/install/rmf_api_msgs:/rmf_demos_ws/install/nlohmann_json_schema_validator_vendor:/rmf_demos_ws/install/rmf_demos_fleet_adapter:/rmf_demos_ws/install/rmf_visualization_building_systems:/rmf_demos_ws/install/rmf_traffic_examples:/rmf_demos_ws/install/rmf_demos_bridges:/rmf_demos_ws/install/rmf_demos_tasks:/rmf_demos_ws/install/rmf_building_map_tools:/rmf_demos_ws/install/rmf_charging_schedule:/opt/ros/jazzy:/rmf_demos_ws/install/menge_vendor:/rmf_demos_ws/install/ament_cmake_catch2:/opt/ros/jazzy/opt/gz_sim_vendor:/opt/ros/jazzy/opt/gz_sensors_vendor:/opt/ros/jazzy/opt/gz_physics_vendor:/opt/ros/jazzy/opt/sdformat_vendor:/opt/ros/jazzy/opt/gz_gui_vendor:/opt/ros/jazzy/opt/gz_transport_vendor:/opt/ros/jazzy/opt/gz_rendering_vendor:/opt/ros/jazzy/opt/gz_plugin_vendor:/opt/ros/jazzy/opt/gz_fuel_tools_vendor:/opt/ros/jazzy/opt/gz_msgs_vendor:/opt/ros/jazzy/opt/gz_common_vendor:/opt/ros/jazzy/opt/gz_math_vendor:/opt/ros/jazzy/opt/gz_utils_vendor:/opt/ros/jazzy/opt/gz_tools_vendor:/opt/ros/jazzy/opt/gz_ogre_next_vendor:/opt/ros/jazzy/opt/gz_dartsim_vendor:/opt/ros/jazzy/opt/gz_cmake_vendor LD_LIBRARY_PATH=/home/maria/rmf_ws/install/rmf_visualization_schedule/lib:/home/maria/rmf_ws/install/rmf_visualization_rviz2_plugins/lib:/home/maria/rmf_ws/install/rmf_visualization_obstacles/lib:/home/maria/rmf_ws/install/rmf_visualization_navgraphs/lib:/home/maria/rmf_ws/install/rmf_visualization_floorplans/lib:/home/maria/rmf_ws/install/rmf_visualization_fleet_states/lib:/home/maria/rmf_ws/install/rmf_robot_sim_common/lib:${LD_LIBRARY_PATH} PYTHONPATH=/home/maria/rmf_ws/build/rmf_visualization_building_systems:/home/maria/rmf_ws/install/rmf_visualization_building_systems/lib/python3.12/site-packages:${PYTHONPATH} /usr/bin/cmake --install /home/maria/rmf_ws/build/large_project
[111.788s] Level 1:colcon.colcon_core.environment:create_environment_scripts_only(large_project)
[111.788s] Level 1:colcon.colcon_core.environment:checking '/home/maria/rmf_ws/install/large_project' for CMake module files
[111.789s] DEBUG:colcon.colcon_core.event_handler.log_command:Invoked command in '/home/maria/rmf_ws/build/large_project' returned '0': AMENT_PREFIX_PATH=/home/maria/rmf_ws/install/rmf_visualization:/home/maria/rmf_ws/install/rmf_robot_sim_gz_plugins:/home/maria/rmf_ws/install/rmf_visualization_schedule:/home/maria/rmf_ws/install/rmf_visualization_rviz2_plugins:/home/maria/rmf_ws/install/rmf_visualization_obstacles:/home/maria/rmf_ws/install/rmf_visualization_navgraphs:/home/maria/rmf_ws/install/rmf_visualization_floorplans:/home/maria/rmf_ws/install/rmf_visualization_fleet_states:/home/maria/rmf_ws/install/rmf_visualization_building_systems:/home/maria/rmf_ws/install/rmf_robot_sim_common:/home/maria/rmf_ws/install/rmf_building_sim_gz_plugins:${AMENT_PREFIX_PATH} CMAKE_PREFIX_PATH=/home/maria/rmf_ws/install/rmf_visualization:/home/maria/rmf_ws/install/rmf_robot_sim_gz_plugins:/home/maria/rmf_ws/install/rmf_visualization_schedule:/home/maria/rmf_ws/install/rmf_visualization_rviz2_plugins:/home/maria/rmf_ws/install/rmf_visualization_obstacles:/home/maria/rmf_ws/install/rmf_visualization_navgraphs:/home/maria/rmf_ws/install/rmf_visualization_floorplans:/home/maria/rmf_ws/install/rmf_visualization_fleet_states:/home/maria/rmf_ws/install/rmf_robot_sim_common:/home/maria/rmf_ws/install/rmf_building_sim_gz_plugins:/rmf_demos_ws/install/rmf_workcell_msgs:/rmf_demos_ws/install/rmf_demos_gz:/rmf_demos_ws/install/rmf_demos:/rmf_demos_ws/install/rmf_reservation_node:/rmf_demos_ws/install/rmf_fleet_adapter_python:/rmf_demos_ws/install/rmf_fleet_adapter:/rmf_demos_ws/install/rmf_task_ros2:/rmf_demos_ws/install/rmf_websocket:/rmf_demos_ws/install/rmf_visualization:/rmf_demos_ws/install/rmf_visualization_schedule:/rmf_demos_ws/install/rmf_visualization_rviz2_plugins:/rmf_demos_ws/install/rmf_visualization_obstacles:/rmf_demos_ws/install/rmf_visualization_navgraphs:/rmf_demos_ws/install/rmf_visualization_floorplans:/rmf_demos_ws/install/rmf_visualization_fleet_states:/rmf_demos_ws/install/rmf_visualization_msgs:/rmf_demos_ws/install/rmf_traffic_ros2:/rmf_demos_ws/install/rmf_task_sequence:/rmf_demos_ws/install/rmf_task:/rmf_demos_ws/install/rmf_battery:/rmf_demos_ws/install/rmf_traffic:/rmf_demos_ws/install/rmf_utils:/rmf_demos_ws/install/rmf_traffic_msgs:/rmf_demos_ws/install/rmf_traffic_editor_test_maps:/rmf_demos_ws/install/rmf_traffic_editor_assets:/rmf_demos_ws/install/rmf_traffic_editor:/rmf_demos_ws/install/rmf_task_msgs:/rmf_demos_ws/install/rmf_site_map_msgs:/rmf_demos_ws/install/rmf_scheduler_msgs:/rmf_demos_ws/install/rmf_robot_sim_gz_plugins:/rmf_demos_ws/install/rmf_robot_sim_common:/rmf_demos_ws/install/rmf_reservation_msgs:/rmf_demos_ws/install/rmf_obstacle_msgs:/rmf_demos_ws/install/rmf_building_sim_gz_plugins:/rmf_demos_ws/install/rmf_lift_msgs:/rmf_demos_ws/install/rmf_ingestor_msgs:/rmf_demos_ws/install/rmf_fleet_msgs:/rmf_demos_ws/install/rmf_door_msgs:/rmf_demos_ws/install/rmf_dispenser_msgs:/rmf_demos_ws/install/rmf_demos_maps:/rmf_demos_ws/install/rmf_demos_assets:/rmf_demos_ws/install/rmf_charger_msgs:/rmf_demos_ws/install/rmf_building_map_msgs:/rmf_demos_ws/install/rmf_api_msgs:/rmf_demos_ws/install/nlohmann_json_schema_validator_vendor:/rmf_demos_ws/install/rmf_demos_fleet_adapter:/rmf_demos_ws/install/rmf_visualization_building_systems:/rmf_demos_ws/install/rmf_traffic_examples:/rmf_demos_ws/install/rmf_demos_bridges:/rmf_demos_ws/install/rmf_demos_tasks:/rmf_demos_ws/install/rmf_building_map_tools:/rmf_demos_ws/install/rmf_charging_schedule:/opt/ros/jazzy:/rmf_demos_ws/install/menge_vendor:/rmf_demos_ws/install/ament_cmake_catch2:/opt/ros/jazzy/opt/gz_sim_vendor:/opt/ros/jazzy/opt/gz_sensors_vendor:/opt/ros/jazzy/opt/gz_physics_vendor:/opt/ros/jazzy/opt/sdformat_vendor:/opt/ros/jazzy/opt/gz_gui_vendor:/opt/ros/jazzy/opt/gz_transport_vendor:/opt/ros/jazzy/opt/gz_rendering_vendor:/opt/ros/jazzy/opt/gz_plugin_vendor:/opt/ros/jazzy/opt/gz_fuel_tools_vendor:/opt/ros/jazzy/opt/gz_msgs_vendor:/opt/ros/jazzy/opt/gz_common_vendor:/opt/ros/jazzy/opt/gz_math_vendor:/opt/ros/jazzy/opt/gz_utils_vendor:/opt/ros/jazzy/opt/gz_tools_vendor:/opt/ros/jazzy/opt/gz_ogre_next_vendor:/opt/ros/jazzy/opt/gz_dartsim_vendor:/opt/ros/jazzy/opt/gz_cmake_vendor LD_LIBRARY_PATH=/home/maria/rmf_ws/install/rmf_visualization_schedule/lib:/home/maria/rmf_ws/install/rmf_visualization_rviz2_plugins/lib:/home/maria/rmf_ws/install/rmf_visualization_obstacles/lib:/home/maria/rmf_ws/install/rmf_visualization_navgraphs/lib:/home/maria/rmf_ws/install/rmf_visualization_floorplans/lib:/home/maria/rmf_ws/install/rmf_visualization_fleet_states/lib:/home/maria/rmf_ws/install/rmf_robot_sim_common/lib:${LD_LIBRARY_PATH} PYTHONPATH=/home/maria/rmf_ws/build/rmf_visualization_building_systems:/home/maria/rmf_ws/install/rmf_visualization_building_systems/lib/python3.12/site-packages:${PYTHONPATH} /usr/bin/cmake --install /home/maria/rmf_ws/build/large_project
[111.789s] Level 1:colcon.colcon_core.environment:checking '/home/maria/rmf_ws/install/large_project' for CMake config files
[111.789s] Level 1:colcon.colcon_core.shell:create_environment_hook('large_project', 'cmake_prefix_path')
[111.789s] INFO:colcon.colcon_core.shell:Creating environment hook '/home/maria/rmf_ws/install/large_project/share/large_project/hook/cmake_prefix_path.ps1'
[111.790s] INFO:colcon.colcon_core.shell:Creating environment descriptor '/home/maria/rmf_ws/install/large_project/share/large_project/hook/cmake_prefix_path.dsv'
[111.790s] INFO:colcon.colcon_core.shell:Creating environment hook '/home/maria/rmf_ws/install/large_project/share/large_project/hook/cmake_prefix_path.sh'
[111.790s] Level 1:colcon.colcon_core.environment:checking '/home/maria/rmf_ws/install/large_project/bin'
[111.790s] Level 1:colcon.colcon_core.environment:checking '/home/maria/rmf_ws/install/large_project/lib/pkgconfig/large_project.pc'
[111.790s] Level 1:colcon.colcon_core.environment:checking '/home/maria/rmf_ws/install/large_project/lib/python3.12/site-packages'
[111.791s] Level 1:colcon.colcon_core.environment:checking '/home/maria/rmf_ws/install/large_project/bin'
[111.791s] INFO:colcon.colcon_core.shell:Creating package script '/home/maria/rmf_ws/install/large_project/share/large_project/package.ps1'
[111.791s] INFO:colcon.colcon_core.shell:Creating package descriptor '/home/maria/rmf_ws/install/large_project/share/large_project/package.dsv'
[111.791s] INFO:colcon.colcon_core.shell:Creating package script '/home/maria/rmf_ws/install/large_project/share/large_project/package.sh'
[111.792s] INFO:colcon.colcon_core.shell:Creating package script '/home/maria/rmf_ws/install/large_project/share/large_project/package.bash'
[111.792s] INFO:colcon.colcon_core.shell:Creating package script '/home/maria/rmf_ws/install/large_project/share/large_project/package.zsh'
[111.792s] Level 1:colcon.colcon_core.environment:create_file_with_runtime_dependencies(/home/maria/rmf_ws/install/large_project/share/colcon-core/packages/large_project)
[111.792s] Level 1:colcon.colcon_core.environment:create_environment_scripts_only(large_project)
[111.792s] Level 1:colcon.colcon_core.environment:checking '/home/maria/rmf_ws/install/large_project' for CMake module files
[111.793s] Level 1:colcon.colcon_core.environment:checking '/home/maria/rmf_ws/install/large_project' for CMake config files
[111.793s] Level 1:colcon.colcon_core.shell:create_environment_hook('large_project', 'cmake_prefix_path')
[111.793s] INFO:colcon.colcon_core.shell:Creating environment hook '/home/maria/rmf_ws/install/large_project/share/large_project/hook/cmake_prefix_path.ps1'
[111.793s] INFO:colcon.colcon_core.shell:Creating environment descriptor '/home/maria/rmf_ws/install/large_project/share/large_project/hook/cmake_prefix_path.dsv'
[111.794s] INFO:colcon.colcon_core.shell:Creating environment hook '/home/maria/rmf_ws/install/large_project/share/large_project/hook/cmake_prefix_path.sh'
[111.794s] Level 1:colcon.colcon_core.environment:checking '/home/maria/rmf_ws/install/large_project/bin'
[111.794s] Level 1:colcon.colcon_core.environment:checking '/home/maria/rmf_ws/install/large_project/lib/pkgconfig/large_project.pc'
[111.794s] Level 1:colcon.colcon_core.environment:checking '/home/maria/rmf_ws/install/large_project/lib/python3.12/site-packages'
[111.794s] Level 1:colcon.colcon_core.environment:checking '/home/maria/rmf_ws/install/large_project/bin'
[111.794s] INFO:colcon.colcon_core.shell:Creating package script '/home/maria/rmf_ws/install/large_project/share/large_project/package.ps1'
[111.795s] INFO:colcon.colcon_core.shell:Creating package descriptor '/home/maria/rmf_ws/install/large_project/share/large_project/package.dsv'
[111.795s] INFO:colcon.colcon_core.shell:Creating package script '/home/maria/rmf_ws/install/large_project/share/large_project/package.sh'
[111.795s] INFO:colcon.colcon_core.shell:Creating package script '/home/maria/rmf_ws/install/large_project/share/large_project/package.bash'
[111.796s] INFO:colcon.colcon_core.shell:Creating package script '/home/maria/rmf_ws/install/large_project/share/large_project/package.zsh'
[111.796s] Level 1:colcon.colcon_core.environment:create_file_with_runtime_dependencies(/home/maria/rmf_ws/install/large_project/share/colcon-core/packages/large_project)
[111.796s] DEBUG:colcon.colcon_parallel_executor.executor.parallel:closing loop
[111.797s] DEBUG:colcon.colcon_parallel_executor.executor.parallel:loop closed
[111.797s] DEBUG:colcon.colcon_parallel_executor.executor.parallel:run_until_complete finished with '0'
[111.797s] DEBUG:colcon.colcon_core.event_reactor:joining thread
[111.817s] INFO:colcon.colcon_core.plugin_system:Skipping extension 'colcon_notification.desktop_notification.notify_send': Could not find 'notify-send'
[111.817s] INFO:colcon.colcon_core.plugin_system:Skipping extension 'colcon_notification.desktop_notification.terminal_notifier': Not used on non-Darwin systems
[111.817s] INFO:colcon.colcon_core.plugin_system:Skipping extension 'colcon_notification.desktop_notification.win32': Not used on non-Windows systems
[111.817s] INFO:colcon.colcon_notification.desktop_notification:Sending desktop notification using 'notify2'
[111.819s] DEBUG:colcon.colcon_notification.desktop_notification.notify2:Failed to initialize notify2: org.freedesktop.DBus.Error.Spawn.ExecFailed: /usr/bin/dbus-launch terminated abnormally without any error message
[111.819s] DEBUG:colcon.colcon_core.event_reactor:joined thread
[111.819s] INFO:colcon.colcon_core.shell:Creating prefix script '/home/maria/rmf_ws/install/local_setup.ps1'
[111.820s] INFO:colcon.colcon_core.shell:Creating prefix util module '/home/maria/rmf_ws/install/_local_setup_util_ps1.py'
[111.821s] INFO:colcon.colcon_core.shell:Creating prefix chain script '/home/maria/rmf_ws/install/setup.ps1'
[111.824s] INFO:colcon.colcon_core.shell:Creating prefix script '/home/maria/rmf_ws/install/local_setup.sh'
[111.824s] INFO:colcon.colcon_core.shell:Creating prefix util module '/home/maria/rmf_ws/install/_local_setup_util_sh.py'
[111.825s] INFO:colcon.colcon_core.shell:Creating prefix chain script '/home/maria/rmf_ws/install/setup.sh'
[111.827s] INFO:colcon.colcon_core.shell:Creating prefix script '/home/maria/rmf_ws/install/local_setup.bash'
[111.828s] INFO:colcon.colcon_core.shell:Creating prefix chain script '/home/maria/rmf_ws/install/setup.bash'
[111.830s] INFO:colcon.colcon_core.shell:Creating prefix script '/home/maria/rmf_ws/install/local_setup.zsh'
[111.831s] INFO:colcon.colcon_core.shell:Creating prefix chain script '/home/maria/rmf_ws/install/setup.zsh'
